datetime,nat_demand,holiday,school,Price,Panama_Temperature,Panama_Humidity,Panama_LiquidWater,Panama_WindSpeed,Peak_Hour
01-01-2020 00:00,1032.263,1,0,12593.6086,23.90300903,0.017090459,0.040908814,7.715471906,0
01-01-2020 01:00,1017.5806,1,0,12414.48332,23.72115479,0.017034983,0.052360534,8.123976241,0
01-01-2020 02:00,1000.2797,1,0,12203.41234,23.55878092,0.016984513,0.062889099,8.571867522,0
01-01-2020 03:00,987.2383,1,0,12044.30726,23.45703532,0.016941761,0.070770263,9.008433404,0
01-01-2020 04:00,970.3667,1,0,11838.47374,23.36794434,0.016904236,0.073575337,8.816858331,0
01-01-2020 05:00,957.6767,1,0,11683.65574,23.29299316,0.016873396,0.071317037,8.3342131,0
01-01-2020 06:00,922.3729,1,0,11252.94938,23.30939128,0.016852917,0.066823323,8.147374262,0
01-01-2020 07:00,924.4692,1,0,11278.52424,24.10745646,0.017137955,0.063802084,9.546237357,0
01-01-2020 08:00,954.3947,1,0,11643.61534,25.1906779,0.017257089,0.066151937,11.42445636,0
01-01-2020 09:00,986.0648,1,0,12029.99056,26.29181315,0.017233692,0.056812285,12.97160948,0
01-01-2020 10:00,989.1948,1,0,12068.17656,27.27701213,0.01720577,0.052120209,13.68864543,0
01-01-2020 11:00,1005.6986,1,0,12269.52292,27.98224284,0.017148201,0.053613028,13.88067078,0
01-01-2020 12:00,1006.6785,1,0,12281.4777,28.46021932,0.017162771,0.05564499,13.62890259,0
01-01-2020 13:00,999.7711,1,0,12197.20742,28.67994588,0.017255058,0.059186298,12.77618074,0
01-01-2020 14:00,1000.8847,1,0,12210.79334,28.64444377,0.017361389,0.061917622,11.55206004,0
01-01-2020 15:00,1002.8859,1,0,12235.20798,28.35900269,0.017406659,0.072575886,10.36780898,0
01-01-2020 16:00,993.8271,1,0,12124.69062,27.79511922,0.017444339,0.073954265,9.567302387,0
01-01-2020 17:00,988.1441,1,0,12055.35802,26.81815999,0.017703326,0.071345012,8.486245815,0
01-01-2020 18:00,1086.8084,1,0,13259.06248,25.71088053,0.017855365,0.072113036,7.012789382,0
01-01-2020 19:00,1126.1699,1,0,13739.27278,25.17273356,0.017778484,0.070281983,6.74490338,0
01-01-2020 20:00,1130.5479,1,0,13792.68438,24.84328613,0.017592372,0.064619064,6.788366262,0
01-01-2020 21:00,1123.8589,1,0,13711.07858,24.57313436,0.017406343,0.057512919,6.831649654,0
01-01-2020 22:00,1072.263,1,0,13081.6086,24.35830078,0.017258525,0.051441193,6.920798958,0
01-01-2020 23:00,1076.9789,1,0,13139.14258,24.1650533,0.017090464,0.052024843,7.144331117,0
01-02-2020 00:00,1021.8683,0,0,12466.79326,23.95252889,0.016942877,0.055740356,7.349281726,0
01-02-2020 01:00,989.2139,0,0,12068.40958,23.74941406,0.01684114,0.06414795,7.466041006,0
01-02-2020 02:00,992.0821,0,0,12103.40162,23.59878947,0.016787764,0.068715412,7.52232043,0
01-02-2020 03:00,931.201,0,0,11360.6522,23.46630249,0.016737002,0.070549009,7.604457343,0
01-02-2020 04:00,922.7832,0,0,11257.95504,23.33166911,0.016691289,0.067838033,7.337740729,0
01-02-2020 05:00,958.1755,0,0,11689.7411,23.21311849,0.016637875,0.065729779,6.915193194,0
01-02-2020 06:00,987.5273,0,0,12047.83306,23.15334473,0.016592031,0.059346517,6.687570632,0
01-02-2020 07:00,1079.2255,0,0,13166.5511,24.13560384,0.016927636,0.047513326,8.257527061,0
01-02-2020 08:00,1237.3843,0,0,15096.08846,25.4731486,0.01697118,0.045953115,9.76729623,0
01-02-2020 09:00,1313.5203,0,0,16024.94766,26.76414388,0.016918417,0.039761862,10.44670665,0
01-02-2020 10:00,1383.2545,0,0,16875.7049,27.82023519,0.01690584,0.033795039,10.18704491,0
01-02-2020 11:00,1423.1525,0,0,17362.4605,28.64070028,0.016954429,0.039540609,9.822693469,0
01-02-2020 12:00,1446.9338,0,0,17652.59236,29.1269165,0.017142878,0.046541215,9.590951489,0
01-02-2020 13:00,1426.6427,0,0,17405.04094,29.33076375,0.017313257,0.052070301,9.530089767,0
01-02-2020 14:00,1432.75,0,0,17479.55,29.25549723,0.017427597,0.058842022,9.380142962,0
01-02-2020 15:00,1387.9775,0,0,16933.3255,28.88893026,0.017572624,0.062958401,9.008223511,0
01-02-2020 16:00,1317.7584,0,0,16076.65248,28.32637939,0.017677079,0.064567565,8.559771574,0
01-02-2020 17:00,1257.317,0,0,15339.2674,27.36604207,0.017835105,0.065359751,7.965498191,0
01-02-2020 18:00,1308.265,0,0,15960.833,26.01347249,0.01808995,0.071275711,6.563505504,0
01-02-2020 19:00,1350.8292,0,0,16480.11624,25.38673299,0.017950686,0.067803382,6.464925676,0
01-02-2020 20:00,1286.6903,0,0,15697.62166,24.9439738,0.0179069,0.061322053,6.372420611,0
01-02-2020 21:00,1261.342,0,0,15388.3724,24.60883993,0.017791921,0.056284586,6.307080042,0
01-02-2020 22:00,1193.7009,0,0,14563.15098,24.34204508,0.017659397,0.043984096,6.418346574,0
01-02-2020 23:00,1143.114,0,0,13945.9908,24.11194255,0.017514395,0.034328142,6.653434634,0
01-03-2020 00:00,1075.2017,0,0,13117.46074,23.89901123,0.017336445,0.028765996,6.914772583,0
01-03-2020 01:00,1035.1116,0,0,12628.36152,23.69700521,0.017138258,0.025641759,7.153398505,0
01-03-2020 02:00,996.7045,0,0,12159.7949,23.51872152,0.016937572,0.021998723,7.356829348,0
01-03-2020 03:00,972.5915,0,0,11865.6163,23.37064006,0.016747016,0.019832611,7.447684603,0
01-03-2020 04:00,962.2506,0,0,11739.45732,23.22533569,0.016594503,0.01861318,7.257719515,0
01-03-2020 05:00,968.1705,0,0,11811.6801,23.08779297,0.016487633,0.016397476,6.85455189,0
01-03-2020 06:00,977.3287,0,0,11923.41014,23.0113973,0.016406165,0.013791402,6.512757203,0
01-03-2020 07:00,1086.2521,0,0,13252.27562,24.02237345,0.016726615,0.011281332,7.753326853,0
01-03-2020 08:00,1250.9927,0,0,15262.11094,25.41553141,0.01669501,0.008410136,9.127166928,0
01-03-2020 09:00,1343.0494,0,0,16385.20268,26.64842122,0.016621621,0.005536397,9.217495147,0
01-03-2020 10:00,1430.7716,0,0,17455.41352,27.69586589,0.016626003,0.004808108,8.450390907,0
01-03-2020 11:00,1468.9345,0,0,17921.0009,28.58394775,0.016677667,0.006766955,7.570451433,0
01-03-2020 12:00,1483.663,0,0,18100.6886,29.24099121,0.016844789,0.011972904,6.802677246,1
01-03-2020 13:00,1534.4767,0,0,18720.61574,29.5932251,0.016958459,0.027183196,6.586682877,1
01-03-2020 14:00,1529.2185,0,0,18656.4657,29.61382446,0.017109248,0.041608491,6.643647946,1
01-03-2020 15:00,1469.6202,0,0,17929.36644,29.29691976,0.017320876,0.045398077,7.016496286,0
01-03-2020 16:00,1409.9023,0,0,17200.80806,28.72271118,0.017569086,0.048865,7.324297454,0
01-03-2020 17:00,1308.1027,0,0,15958.85294,27.6861613,0.017852711,0.054077785,7.13317971,0
01-03-2020 18:00,1348.6345,0,0,16453.3409,26.25131632,0.018095779,0.052612305,6.071716284,0
01-03-2020 19:00,1363.8664,0,0,16639.17008,25.54092814,0.017891437,0.052866935,6.124539496,0
01-03-2020 20:00,1311.9671,0,0,16005.99862,25.07340902,0.017806662,0.050610066,6.025854535,0
01-03-2020 21:00,1269.3826,0,0,15486.46772,24.68120728,0.017638126,0.042545159,5.910723103,0
01-03-2020 22:00,1191.4653,0,0,14535.87666,24.33768107,0.017429237,0.033873718,5.824619049,0
01-03-2020 23:00,1137.0714,0,0,13872.27108,24.03120321,0.017202779,0.02461358,5.90066491,0
01-04-2020 00:00,1069.3249,0,0,13045.76378,23.73841756,0.01701194,0.018057088,6.243062174,0
01-04-2020 01:00,1031.5166,0,0,12584.50252,23.48433838,0.016879704,0.016200661,6.792838828,0
01-04-2020 02:00,1006.8219,0,0,12283.22718,23.28410238,0.016811207,0.015919238,6.916590616,0
01-04-2020 03:00,974.5017,0,0,11888.92074,23.10404867,0.016758091,0.015171806,6.370041531,0
01-04-2020 04:00,967.0756,0,0,11798.32232,22.95577393,0.016695039,0.015552531,5.867871931,0
01-04-2020 05:00,961.8724,0,0,11734.84328,22.85017293,0.016622067,0.017744382,5.770350254,0
01-04-2020 06:00,945.7888,0,0,11538.62336,22.82343953,0.016579666,0.018674374,5.752221675,0
01-04-2020 07:00,980.8308,0,0,11966.13576,24.07697957,0.016961946,0.017869473,7.259167956,0
01-04-2020 08:00,1122.398,0,0,13693.2556,25.66225586,0.017078467,0.018238703,8.521511953,0
01-04-2020 09:00,1224.3461,0,0,14937.02242,27.07776286,0.017073814,0.021834056,9.190379325,0
01-04-2020 10:00,1311.5866,0,0,16001.35652,28.13997803,0.017008357,0.025700887,8.731443164,0
01-04-2020 11:00,1348.0186,0,0,16445.82692,29.01440837,0.017020554,0.029416402,8.134629155,0
01-04-2020 12:00,1339.378,0,0,16340.4116,29.57796631,0.017233775,0.039151509,7.732806609,0
01-04-2020 13:00,1330.5575,0,0,16232.8015,29.82339884,0.017360656,0.052439371,7.751554802,0
01-04-2020 14:00,1336.84,0,0,16309.448,29.8369283,0.017340024,0.064641318,8.097144589,0
01-04-2020 15:00,1310.6185,0,0,15989.5457,29.53371582,0.017441369,0.07792155,8.500551185,0
01-04-2020 16:00,1281.2916,0,0,15631.75752,28.87350871,0.017779184,0.074071247,8.790540349,0
01-04-2020 17:00,1237.2551,0,0,15094.51222,27.72754313,0.018175584,0.064737955,8.643842209,0
01-04-2020 18:00,1280.6014,0,0,15623.33708,26.27558797,0.018559401,0.071533203,7.282088303,0
01-04-2020 19:00,1326.9846,0,0,16189.21212,25.61148478,0.018348219,0.082799277,7.189417297,0
01-04-2020 20:00,1286.0857,0,0,15690.24554,25.17169596,0.018139685,0.083877565,7.408301213,0
01-04-2020 21:00,1225.848,0,0,14955.3456,24.85545247,0.017989749,0.08714803,7.453135944,0
01-04-2020 22:00,1178.2984,0,0,14375.24048,24.58228963,0.017842361,0.08657837,7.420189121,0
01-04-2020 23:00,1133.0124,0,0,13822.75128,24.34161784,0.017661708,0.080866497,7.598632356,0
01-05-2020 00:00,1085.9276,0,0,13248.31672,24.1273641,0.017455444,0.075022381,7.893520067,0
01-05-2020 01:00,1038.4671,0,0,12669.29862,23.95691325,0.017228857,0.068829856,8.439067366,0
01-05-2020 02:00,1013.5455,0,0,12365.2551,23.80548503,0.017071073,0.064905802,8.838672979,0
01-05-2020 03:00,991.6183,0,0,12097.74326,23.70209147,0.016928688,0.06757482,9.47136028,0
01-05-2020 04:00,966.1103,0,0,11786.54566,23.61590983,0.016799161,0.072277069,10.13366821,0
01-05-2020 05:00,966.7874,0,0,11794.80628,23.53845622,0.016679897,0.069850923,10.95641149,0
01-05-2020 06:00,923.2408,0,0,11263.53776,23.51617839,0.016598502,0.069459281,11.57731842,0
01-05-2020 07:00,936.837,0,0,11429.4114,24.39105632,0.016837483,0.069341024,13.3264148,0
01-05-2020 08:00,983.6561,0,0,12000.60442,25.6692749,0.016888302,0.066355386,15.45798894,0
01-05-2020 09:00,1035.262,0,0,12630.1964,26.82646077,0.016710304,0.065348307,17.50782767,0
01-05-2020 10:00,1085.5312,0,0,13243.48064,27.71631266,0.016453675,0.05821228,17.82138217,0
01-05-2020 11:00,1116.7028,0,0,13623.77416,28.38236898,0.016314047,0.051635743,17.78144538,0
01-05-2020 12:00,1135.8987,0,0,13857.96414,28.75732829,0.01627226,0.042332967,17.72138455,0
01-05-2020 13:00,1129.6253,0,0,13781.42866,28.88649902,0.016225443,0.030728658,17.50867986,0
01-05-2020 14:00,1134.4477,0,0,13840.26194,28.79712321,0.016132891,0.023694356,17.1565021,0
01-05-2020 15:00,1149.1425,0,0,14019.5385,28.47232463,0.016131355,0.025210063,16.51565434,0
01-05-2020 16:00,1120.6145,0,0,13671.4969,27.84996948,0.016339739,0.037779489,15.36243449,0
01-05-2020 17:00,1136.3425,0,0,13863.3785,26.77075602,0.016792584,0.045412699,13.07580993,0
01-05-2020 18:00,1217.6226,0,0,14854.99572,25.36784261,0.017113345,0.047738394,10.32746954,0
01-05-2020 19:00,1254.1394,0,0,15300.50068,24.79590251,0.017228097,0.050165633,9.102498148,0
01-05-2020 20:00,1260.7762,0,0,15381.46964,24.45228475,0.017256295,0.051178972,8.073732627,0
01-05-2020 21:00,1228.5935,0,0,14988.8407,24.19635417,0.017200478,0.047372015,7.711927876,0
01-05-2020 22:00,1188.8061,0,0,14503.43442,23.97754313,0.017126696,0.054494859,8.089029878,0
01-05-2020 23:00,1110.8038,0,0,13551.80636,23.81102905,0.017024877,0.057688394,8.920294375,0
01-06-2020 00:00,1083.9995,0,0,13224.7939,23.61487223,0.01685698,0.054023743,9.698580391,0
01-06-2020 01:00,1040.1826,0,0,12690.22772,23.38740438,0.01669906,0.05145391,10.21439579,0
01-06-2020 02:00,1019.1363,0,0,12433.46286,23.17490031,0.016538586,0.04960378,10.57065598,0
01-06-2020 03:00,1000.4205,0,0,12205.1301,22.99871216,0.016398393,0.046986897,10.68386074,0
01-06-2020 04:00,975.8471,0,0,11905.33462,22.85660197,0.016303994,0.04560852,10.17480968,0
01-06-2020 05:00,1004.3309,0,0,12252.83698,22.75050252,0.016251713,0.045150757,9.475815616,0
01-06-2020 06:00,1030.8288,0,0,12576.11136,22.7331075,0.01622245,0.047683715,9.096584688,0
01-06-2020 07:00,1140.3482,0,0,13912.24804,23.95166423,0.016657402,0.04858907,10.57440798,0
01-06-2020 08:00,1309.5514,0,0,15976.52708,25.45321045,0.016886511,0.05152893,12.81242947,0
01-06-2020 09:00,1400.7622,0,0,17089.29884,26.81553548,0.016925077,0.061676025,14.59857095,0
01-06-2020 10:00,1481.8001,0,0,18077.96122,27.87568563,0.016879908,0.056264242,14.90087619,1
01-06-2020 11:00,1510.4303,0,0,18427.24966,28.67261149,0.016831741,0.052907309,14.6488687,1
01-06-2020 12:00,1532.3679,0,0,18694.88838,29.08539225,0.016862068,0.059987386,14.12500877,1
01-06-2020 13:00,1575.1152,0,0,19216.40544,29.25962728,0.01682392,0.066607159,13.52245744,1
01-06-2020 14:00,1565.9265,0,0,19104.3033,29.16262207,0.016763363,0.062253316,12.93882623,1
01-06-2020 15:00,1536.6601,0,0,18747.25322,28.82742716,0.016687939,0.053324381,12.49048395,1
01-06-2020 16:00,1452.7249,0,0,17723.24378,28.17190959,0.016666006,0.049845378,12.0551995,0
01-06-2020 17:00,1326.1734,0,0,16179.31548,26.99424642,0.016942043,0.048314412,10.70277849,0
01-06-2020 18:00,1344.8182,0,0,16406.78204,25.37839152,0.017042009,0.044069927,8.92503049,0
01-06-2020 19:00,1363.7518,0,0,16637.77196,24.59753825,0.016812822,0.035929362,8.608374096,0
01-06-2020 20:00,1311.887,0,0,16005.0214,24.07092692,0.016657203,0.027798971,8.525831389,0
01-06-2020 21:00,1266.2945,0,0,15448.7929,23.69208171,0.016492815,0.022871653,8.498577654,0
01-06-2020 22:00,1300.0011,0,0,15860.01342,23.39905192,0.016371934,0.021879832,8.469937586,0
01-06-2020 23:00,1239.2769,0,0,15119.17818,23.1853068,0.016315882,0.02386411,8.576742606,0
13-01-2020 00:00,1077.1595,0,0,13141.3459,24.26705322,0.017312794,0.033059437,13.6650289,0
13-01-2020 01:00,1039.8034,0,0,12685.60148,24.11732381,0.017188115,0.034360249,13.64195172,0
13-01-2020 02:00,998.7073,0,0,12184.22906,23.97545776,0.017079191,0.033959707,13.4979349,0
13-01-2020 03:00,966.8077,0,0,11795.05394,23.85669352,0.017021546,0.034704844,13.04666334,0
13-01-2020 04:00,955.9626,0,0,11662.74372,23.79076538,0.017012454,0.033723195,12.49952033,0
13-01-2020 05:00,966.0251,0,0,11785.50622,23.7535848,0.017012646,0.033789316,12.03000931,0
13-01-2020 06:00,1003.9033,0,0,12247.62026,23.76012573,0.017065919,0.03338623,11.67642454,0
13-01-2020 07:00,1108.8528,0,0,13528.00416,24.59129232,0.0173986,0.033220292,13.3541391,0
13-01-2020 08:00,1286.6167,0,0,15696.72374,25.85230916,0.017688076,0.034797987,15.29211478,0
13-01-2020 09:00,1402.8911,0,0,17115.27142,27.1641276,0.017804679,0.03318723,16.58292246,0
13-01-2020 10:00,1471.1054,0,0,17947.48588,28.30507813,0.017801781,0.031057994,16.63838136,1
13-01-2020 11:00,1517.063,0,0,18508.1686,29.11483154,0.0177582,0.031182606,16.16250171,1
13-01-2020 12:00,1527.7693,0,0,18638.78546,29.56018473,0.017755673,0.032974879,15.49478439,1
13-01-2020 13:00,1541.7857,0,0,18809.78554,29.6900472,0.017738734,0.034229913,14.93655494,1
13-01-2020 14:00,1557.1441,0,0,18997.15802,29.53096924,0.017675932,0.032751402,14.57461988,1
13-01-2020 15:00,1527.7729,0,0,18638.82938,29.0895223,0.017618181,0.028597514,14.40338054,1
13-01-2020 16:00,1436.203,0,0,17521.6766,28.29920858,0.017630835,0.026781718,14.49862687,0
13-01-2020 17:00,1317.1199,0,0,16068.86278,27.0619751,0.017691276,0.025562286,14.166198,0
13-01-2020 18:00,1323.773,0,0,16150.0306,25.68132935,0.017654901,0.027848562,13.49096207,0
13-01-2020 19:00,1348.8248,0,0,16455.66256,25.07149658,0.017540116,0.027292252,13.83350893,0
13-01-2020 20:00,1309.9142,0,0,15980.95324,24.74713542,0.017460953,0.026261011,13.70492508,0
13-01-2020 21:00,1267.1213,0,0,15458.87986,24.5608256,0.017397613,0.024220784,13.59350743,0
13-01-2020 22:00,1227.0034,0,0,14969.44148,24.42463582,0.017362363,0.023842494,13.25539607,0
13-01-2020 23:00,1159.5726,0,0,14146.78572,24.29287109,0.017346456,0.028476715,12.63763491,0
14-01-2020 00:00,1158.4934,0,0,14133.61948,24.18015951,0.017348347,0.032685599,12.16915487,0
14-01-2020 01:00,1106.3313,0,0,13497.24186,24.09286906,0.017312688,0.038543701,12.09674554,0
14-01-2020 02:00,1080.7914,0,0,13185.65508,24.0153951,0.017315413,0.044675192,11.91117187,0
14-01-2020 03:00,1060.4196,0,0,12937.11912,24.03710327,0.017330605,0.048765818,12.01999338,0
14-01-2020 04:00,1038.6309,0,0,12671.29698,24.07861735,0.017279973,0.047798156,12.31752098,0
14-01-2020 05:00,1067.5219,0,0,13023.76718,24.07914632,0.017191016,0.049889883,12.71832522,0
14-01-2020 06:00,1099.2878,0,0,13411.31116,24.0629008,0.017099532,0.048638662,13.10509309,0
14-01-2020 07:00,1176.4379,0,0,14352.54238,24.73841756,0.017280417,0.048746108,15.137143,0
14-01-2020 08:00,1322.7648,0,0,16137.73056,25.86477051,0.017441307,0.048192025,17.78628687,0
14-01-2020 09:00,1424.5326,0,0,17379.29772,27.02264811,0.017439268,0.045527776,19.24947022,0
14-01-2020 10:00,1485.0358,0,0,18117.43676,28.0275411,0.017406464,0.03945446,19.61806801,1
14-01-2020 11:00,1530.4779,0,0,18671.83038,28.75542603,0.017345139,0.037031173,19.42234775,1
14-01-2020 12:00,1525.6016,0,0,18612.33952,29.13777059,0.017292843,0.033220292,18.9283333,1
14-01-2020 13:00,1554.6659,0,0,18966.92398,29.20057576,0.017184896,0.031440416,18.49075041,1
14-01-2020 14:00,1570.8045,0,0,19163.8149,28.95651652,0.017005193,0.031578383,18.09913922,1
14-01-2020 15:00,1533.8159,0,0,18712.55398,28.45509237,0.016770166,0.03091677,17.70351277,1
14-01-2020 16:00,1450.3658,0,0,17694.46276,27.63483073,0.016630713,0.027119313,17.08446513,0
14-01-2020 17:00,1329.6718,0,0,16221.99596,26.41350708,0.01664298,0.022450387,15.72955312,0
14-01-2020 18:00,1313.8261,0,0,16028.67842,25.06748861,0.016667383,0.023763975,13.96848219,0
14-01-2020 19:00,1343.82,0,0,16394.604,24.44658813,0.016613806,0.025313695,13.67010533,0
14-01-2020 20:00,1311.2469,0,0,15997.21218,24.13212484,0.016559284,0.025641124,13.7986277,0
14-01-2020 21:00,1270.062,0,0,15494.7564,23.94070841,0.016576013,0.026184082,13.66498704,0
14-01-2020 22:00,1209.3861,0,0,14754.51042,23.81193441,0.016606326,0.027895611,13.70661371,0
14-01-2020 23:00,1177.0442,0,0,14359.93924,23.7201884,0.016631679,0.028387706,14.06345351,0
15-01-2020 00:00,1134.6995,0,0,13843.3339,23.67901001,0.016647405,0.029202779,14.33562494,0
15-01-2020 01:00,1092.6994,0,0,13330.93268,23.64136149,0.016647614,0.031114578,14.41370609,0
15-01-2020 02:00,1053.317,0,0,12850.4674,23.6112915,0.016612373,0.033952076,14.76135085,0
15-01-2020 03:00,1040.4322,0,0,12693.27284,23.58380534,0.016599687,0.038560232,14.94466454,0
15-01-2020 04:00,1020.8605,0,0,12454.4981,23.55042928,0.016571711,0.040718078,14.52096792,0
15-01-2020 05:00,1052.8745,0,0,12845.0689,23.49729818,0.016550791,0.040499369,14.03906127,0
15-01-2020 06:00,1069.0758,0,0,13042.72476,23.47162272,0.016549639,0.038937886,13.61563815,0
15-01-2020 07:00,1164.1309,0,0,14202.39698,24.21783854,0.016775304,0.038497924,15.0023101,0
15-01-2020 08:00,1328.7085,0,0,16210.2437,25.44534709,0.016960941,0.038637797,17.06193285,0
15-01-2020 09:00,1407.276,0,0,17168.7672,26.70001628,0.016925608,0.042406718,17.98014046,0
15-01-2020 10:00,1507.0138,0,0,18385.56836,27.70671997,0.016894783,0.042602539,17.93522419,1
15-01-2020 11:00,1518.3437,0,0,18523.79314,28.46888631,0.016924294,0.042689007,17.53297568,1
15-01-2020 12:00,1536.2031,0,0,18741.67782,28.95390218,0.017000671,0.043685914,17.06633788,1
15-01-2020 13:00,1546.6291,0,0,18868.87502,29.12172852,0.017060411,0.043080648,16.60342157,1
15-01-2020 14:00,1568.8463,0,0,19139.92486,29.02032878,0.01709014,0.040537515,16.2264352,1
15-01-2020 15:00,1549.0518,0,0,18898.43196,28.61379395,0.017035885,0.037658692,15.99828865,1
15-01-2020 16:00,1455.724,0,0,17759.8328,27.85705973,0.016981337,0.034685771,15.70334697,0
15-01-2020 17:00,1363.5943,0,0,16635.85046,26.69320068,0.01702159,0.036961873,14.64689323,0
15-01-2020 18:00,1353.1342,0,0,16508.23724,25.30305379,0.01711982,0.050259908,12.82071953,0
15-01-2020 19:00,1399.3373,0,0,17071.91506,24.68694458,0.017143843,0.057360331,12.04019446,0
15-01-2020 20:00,1364.5367,0,0,16647.34774,24.41828817,0.017089731,0.061706543,11.76981101,0
15-01-2020 21:00,1352.7401,0,0,16503.42922,24.2649882,0.017054124,0.063079834,11.96049952,0
15-01-2020 22:00,1292.4376,0,0,15767.73872,24.13775024,0.017004382,0.061286926,12.25877188,0
15-01-2020 23:00,1257.8189,0,0,15345.39058,24.00092977,0.016991781,0.053888958,12.20553044,0
16-01-2020 00:00,1181.7322,0,0,14417.13284,23.86658122,0.016974427,0.051605224,11.93086605,0
16-01-2020 01:00,1117.1369,0,0,13629.07018,23.75329997,0.016969626,0.055292765,11.5889998,0
16-01-2020 02:00,1066.4121,0,0,13010.22762,23.66581624,0.017000308,0.055363972,11.21253157,0
16-01-2020 03:00,1045.991,0,0,12761.0902,23.55368449,0.017052895,0.050214133,10.69383969,0
16-01-2020 04:00,1026.9261,0,0,12528.49842,23.45675049,0.017108696,0.049250286,10.39342885,0
16-01-2020 05:00,1047.2011,0,0,12775.85342,23.41752523,0.017161846,0.05044047,10.16883932,0
16-01-2020 06:00,1109.2776,0,0,13533.18672,23.43834839,0.017217681,0.050303141,10.07291814,0
16-01-2020 07:00,1182.9007,0,0,14431.38854,24.37250163,0.017497486,0.046429952,12.50822446,0
16-01-2020 08:00,1357.3394,0,0,16559.54068,25.76459147,0.017609173,0.039825439,15.04222509,0
16-01-2020 09:00,1425.8346,0,0,17395.18212,27.13835042,0.017602729,0.032737732,16.05029701,0
16-01-2020 10:00,1530.3404,0,0,18670.15288,28.25391032,0.017670441,0.027259827,15.48315026,1
16-01-2020 11:00,1556.2838,0,0,18986.66236,29.13642782,0.01781545,0.027024587,14.51273768,1
16-01-2020 12:00,1572.6474,0,0,19186.29828,29.69028117,0.018108462,0.027582804,13.40887593,1
16-01-2020 13:00,1602.1257,0,0,19545.93354,29.96580404,0.018213127,0.030724843,12.64568537,1
16-01-2020 14:00,1616.1021,0,0,19716.44562,29.93461507,0.018248938,0.032335918,12.26416386,1
16-01-2020 15:00,1586.9077,0,0,19360.27394,29.62480062,0.018195675,0.034957886,12.20310741,1
16-01-2020 16:00,1521.6088,0,0,18563.62736,28.9481547,0.018130157,0.034523647,12.40521842,1
16-01-2020 17:00,1394.676,0,0,17015.0472,27.72094116,0.01817898,0.033071201,12.24410723,0
16-01-2020 18:00,1393.6814,0,0,17002.91308,26.2110026,0.01821526,0.036069233,11.77646042,0
16-01-2020 19:00,1424.0133,0,0,17372.96226,25.44816488,0.018177967,0.037261327,12.05993828,0
16-01-2020 20:00,1394.5532,0,0,17013.54904,25.04921875,0.018191486,0.041314442,12.24750208,0
16-01-2020 21:00,1361.0084,0,0,16604.30248,24.86956177,0.018169864,0.041985831,12.37756968,0
16-01-2020 22:00,1311.08,0,0,15995.176,24.77737834,0.018191784,0.04011027,12.52349189,0
16-01-2020 23:00,1249.8618,0,0,15248.31396,24.70676066,0.018254112,0.037576676,12.54222402,0
17-01-2020 00:00,1188.3584,0,0,14497.97248,24.58303223,0.018303329,0.035298348,12.20607108,0
17-01-2020 01:00,1162.343,0,0,14180.5846,24.48053385,0.018331597,0.035415649,12.06636859,0
17-01-2020 02:00,1093.2818,0,0,13338.03796,24.40396525,0.018340201,0.036216736,11.78151475,0
17-01-2020 03:00,1089.9803,0,0,13297.75966,24.32564697,0.018341901,0.039421082,11.31670808,0
17-01-2020 04:00,1083.1773,0,0,13214.76306,24.2550293,0.018304485,0.044944763,10.77019559,0
17-01-2020 05:00,1103.6165,0,0,13464.1213,24.21643473,0.018265093,0.046858469,10.42404599,0
17-01-2020 06:00,1122.3218,0,0,13692.32596,24.24240519,0.018233639,0.047798156,10.32193273,0
17-01-2020 07:00,1203.2635,0,0,14679.8147,25.09700928,0.018480177,0.042841594,12.62765894,0
17-01-2020 08:00,1387.8889,0,0,16932.24458,26.33920695,0.018706939,0.038969676,15.38983985,0
17-01-2020 09:00,1457.415,0,0,17780.463,27.6189209,0.01884777,0.035994213,16.5625827,0
17-01-2020 10:00,1585.2867,0,0,19340.49774,28.81274821,0.018840799,0.035081226,16.73589712,1
17-01-2020 11:00,1635.1119,0,0,19948.36518,29.65701701,0.018974819,0.033550897,16.52748292,1
17-01-2020 12:00,1682.2257,0,0,20523.15354,30.17810465,0.019022414,0.031267802,16.34060161,1
17-01-2020 13:00,1734.0464,0,0,21155.36608,30.36520793,0.019027361,0.030229569,16.16863536,1
17-01-2020 14:00,1754.882,0,0,21409.5604,30.22084961,0.0189922,0.033302307,15.93039346,1
17-01-2020 15:00,1732.6799,0,0,21138.69478,29.78960571,0.01894922,0.035603205,15.63457011,1
17-01-2020 16:00,1609.6208,0,0,19637.37376,29.02114258,0.018987609,0.037947972,15.31522899,1
17-01-2020 17:00,1505.7617,0,0,18370.29274,27.79669596,0.019064438,0.045907339,14.42921249,1
17-01-2020 18:00,1594.3392,0,0,19450.93824,26.42168579,0.018927984,0.049040477,13.66656984,1
17-01-2020 19:00,1630.2435,0,0,19888.9707,25.78724569,0.018694819,0.045914968,14.5107421,1
17-01-2020 20:00,1597.618,0,0,19490.9396,25.44554036,0.01855019,0.042788189,15.01045043,1
17-01-2020 21:00,1580.5389,0,0,19282.57458,25.25906779,0.018378621,0.04121844,15.58382948,1
17-01-2020 22:00,1490.8949,0,0,18188.91778,25.08524984,0.018271066,0.038159053,15.64559339,1
17-01-2020 23:00,1427.2705,0,0,17412.7001,24.91945801,0.01819681,0.03756841,15.26851168,0
18-01-2020 00:00,1374.9307,0,0,16774.15454,24.77819214,0.018081304,0.040336609,14.94461572,0
18-01-2020 01:00,1327.0633,0,0,16190.17226,24.6671285,0.017955482,0.044606526,14.8568241,0
18-01-2020 02:00,1287.9434,0,0,15712.90948,24.60210571,0.017872983,0.051394145,14.37623908,0
18-01-2020 03:00,1245.3154,0,0,15192.84788,24.57902425,0.017857548,0.072830201,14.0856896,0
18-01-2020 04:00,1237.3227,0,0,15095.33694,24.58925781,0.017872433,0.079889934,14.01316648,0
18-01-2020 05:00,1238.4465,0,0,15109.0473,24.59053955,0.017889596,0.073097228,13.87819663,0
18-01-2020 06:00,1241.8258,0,0,15150.27476,24.59454753,0.017909637,0.071418762,13.85673078,0
18-01-2020 07:00,1267.8928,0,0,15468.29216,25.11134237,0.018113009,0.073379514,15.11599667,0
18-01-2020 08:00,1396.0355,0,0,17031.6331,26.10069173,0.018326619,0.070533751,17.24904791,0
18-01-2020 09:00,1448.8675,0,0,17676.1835,27.20503133,0.0183954,0.061649322,18.29922066,0
18-01-2020 10:00,1521.0009,0,0,18556.21098,28.29315592,0.01846436,0.051057178,18.4645618,1
18-01-2020 11:00,1559.1236,0,0,19021.30792,29.20963949,0.018609891,0.041574478,18.03058836,1
18-01-2020 12:00,1568.944,0,0,19141.1168,29.81334839,0.018806818,0.033074062,17.25895335,1
18-01-2020 13:00,1546.1738,0,0,18863.32036,30.07623698,0.018889638,0.027928989,16.70948046,1
18-01-2020 14:00,1538.771,0,0,18773.0062,29.95562134,0.018861394,0.027504921,16.42480643,1
18-01-2020 15:00,1384.5787,0,0,16891.86014,29.48503011,0.018781126,0.028437296,16.373151,0
18-01-2020 16:00,1422.7858,0,0,17357.98676,28.65906169,0.018698261,0.030455907,16.19620874,0
18-01-2020 17:00,1400.3967,0,0,17084.83974,27.45111491,0.018635535,0.03666687,15.29037756,0
18-01-2020 18:00,1448.0451,0,0,17666.15022,26.1553182,0.018469397,0.036795299,14.56304507,0
18-01-2020 19:00,1498.5629,0,0,18282.46738,25.53677775,0.018357641,0.037269592,14.56876616,1
18-01-2020 20:00,1468.3931,0,0,17914.39582,25.25806071,0.018246024,0.03709348,14.64225139,0
18-01-2020 21:00,1433.6028,0,0,17489.95416,25.12783203,0.018155516,0.038784981,14.77136651,0
18-01-2020 22:00,1396.8991,0,0,17042.16902,25.0383138,0.018111306,0.039446512,14.70562357,0
18-01-2020 23:00,1371.1641,0,0,16728.20202,24.9552653,0.018101998,0.04002444,14.36503557,0
19-01-2020 00:00,1309.8774,0,0,15980.50428,24.8628479,0.018066758,0.044198354,13.93913729,0
19-01-2020 01:00,1292.9535,0,0,15774.0327,24.76268921,0.018011177,0.051691691,13.57281015,0
19-01-2020 02:00,1234.2937,0,0,15058.38314,24.67803345,0.017978871,0.069417318,12.96918635,0
19-01-2020 03:00,1224.6175,0,0,14940.3335,24.60536092,0.017951735,0.098775228,12.27762469,0
19-01-2020 04:00,1191.5951,0,0,14537.46022,24.55626831,0.017900995,0.112589517,11.71426881,0
19-01-2020 05:00,1195.7096,0,0,14587.65712,24.50529378,0.017847666,0.106374103,11.35265345,0
19-01-2020 06:00,1154.8247,0,0,14088.86134,24.47172445,0.017805731,0.087254843,11.20097316,0
19-01-2020 07:00,1150.9231,0,0,14041.26182,25.02829386,0.017980077,0.067662558,12.78292339,0
19-01-2020 08:00,1209.066,0,0,14750.6052,25.98415527,0.01816987,0.057312012,15.14401093,0
19-01-2020 09:00,1262.2371,0,0,15399.29262,27.13434245,0.01823524,0.040428161,16.78925866,0
19-01-2020 10:00,1322.8407,0,0,16138.65654,28.36268514,0.018275608,0.029544829,17.22675925,0
19-01-2020 11:00,1324.7276,0,0,16161.67672,29.26860962,0.018382533,0.026132584,16.52406514,0
19-01-2020 12:00,1365.8164,0,0,16662.96008,29.81408081,0.01859354,0.028448106,15.00138677,0
19-01-2020 13:00,1358.0667,0,0,16568.41374,30.02483521,0.018667042,0.03938802,13.50070002,0
19-01-2020 14:00,1363.532,0,0,16635.0904,29.9072408,0.018605601,0.056605021,12.55970806,0
19-01-2020 15:00,1346.4866,0,0,16427.13652,29.44673055,0.018433739,0.065696715,12.00938392,0
19-01-2020 16:00,1317.576,0,0,16074.4272,28.63779093,0.018373383,0.070276897,11.53697301,0
19-01-2020 17:00,1277.7685,0,0,15588.7757,27.44159342,0.018468786,0.079493205,10.79155529,0
19-01-2020 18:00,1322.5159,0,0,16134.69398,26.16526693,0.018417282,0.079887391,10.31153285,0
19-01-2020 19:00,1376.7706,0,0,16796.60132,25.5458313,0.018178004,0.06634776,10.98658351,0
19-01-2020 20:00,1430.7924,0,0,17455.66728,25.19667969,0.018028125,0.051656087,11.46990778,0
19-01-2020 21:00,1432.9889,0,0,17482.46458,24.96816406,0.017962603,0.047269184,11.58529712,0
19-01-2020 22:00,1416.5446,0,0,17281.84412,24.79889323,0.017952162,0.047918956,11.65991192,0
19-01-2020 23:00,1367.1802,0,0,16679.59844,24.66323242,0.017909948,0.049166362,11.90539404,0
20-01-2020 00:00,1319.3785,0,0,16096.4177,24.54921875,0.017822791,0.047442118,12.2625474,0
20-01-2020 01:00,1261.9023,0,0,15395.20806,24.42778931,0.017783865,0.048842111,12.52390168,0
20-01-2020 02:00,1208.9069,0,0,14748.66418,24.32161865,0.017740024,0.057203929,12.51874542,0
20-01-2020 03:00,1166.2561,0,0,14228.32442,24.25166219,0.017670517,0.066019693,12.26032112,0
20-01-2020 04:00,1169.2532,0,0,14264.88904,24.20809326,0.017614158,0.077275594,11.78437452,0
20-01-2020 05:00,1200.622,0,0,14647.5884,24.16915283,0.017553015,0.08093516,11.26639524,0
20-01-2020 06:00,1243.9622,0,0,15176.33884,24.14370117,0.017509026,0.068524678,11.19885275,0
20-01-2020 07:00,1330.1461,0,0,16227.78242,24.74541626,0.017681505,0.056114197,13.01950808,0
20-01-2020 08:00,1498.1176,0,0,18277.03472,25.74087931,0.017836295,0.055562339,14.90525991,1
20-01-2020 09:00,1596.2918,0,0,19474.75996,26.81402995,0.017907213,0.064682006,15.05323359,1
20-01-2020 10:00,1685.896,0,0,20567.9312,27.76660563,0.017779683,0.092580158,14.05627684,1
20-01-2020 11:00,1665.5463,0,0,20319.66486,28.39755656,0.017626502,0.097930909,13.18146544,1
20-01-2020 12:00,1693.8896,0,0,20665.45312,28.8130127,0.0175906,0.082270303,13.18866782,1
20-01-2020 13:00,1729.6082,0,0,21101.22004,28.97715658,0.017595571,0.077387493,13.39257483,1
20-01-2020 14:00,1711.9898,0,0,20886.27556,28.78243408,0.017640599,0.077753702,13.13081642,1
20-01-2020 15:00,1667.2434,0,0,20340.36948,28.29462077,0.017761898,0.085184733,12.49438022,1
20-01-2020 16:00,1574.3104,0,0,19206.58688,27.5597168,0.017870494,0.100886028,11.69988565,1
20-01-2020 17:00,1490.8208,0,0,18188.01376,26.62380371,0.018002371,0.109517418,10.5482349,1
20-01-2020 18:00,1532.0904,0,0,18691.50288,25.72524414,0.018061019,0.122968039,9.151007984,1
20-01-2020 19:00,1546.8322,0,0,18871.35284,25.30798747,0.018079286,0.118169148,8.232271454,1
20-01-2020 20:00,1514.1993,0,0,18473.23146,25.07165934,0.018043604,0.103304548,7.780315227,1
20-01-2020 21:00,1492.8714,0,0,18213.03108,24.85641886,0.01794195,0.088027955,7.583998629,1
20-01-2020 22:00,1459.8075,0,0,17809.6515,24.63338623,0.017832698,0.091918947,7.71450932,0
20-01-2020 23:00,1383.9103,0,0,16883.70566,24.46187744,0.017732601,0.10139974,8.113119203,0
21-01-2020 00:00,1329.7901,0,0,16223.43922,24.32521973,0.017622738,0.102376303,8.367519489,0
21-01-2020 01:00,1284.0224,0,0,15665.07328,24.20929362,0.017490219,0.10092163,8.441751881,0
21-01-2020 02:00,1246.672,0,0,15209.3984,24.08899333,0.017378286,0.100616457,8.271176217,0
21-01-2020 03:00,1220.4293,0,0,14889.23746,23.97824504,0.017279207,0.101369223,8.233621649,0
21-01-2020 04:00,1203.5383,0,0,14683.16726,23.89737345,0.01721204,0.093678792,8.295916325,0
21-01-2020 05:00,1216.7519,0,0,14844.37318,23.83399862,0.017160457,0.084126792,8.342516524,0
21-01-2020 06:00,1190.3173,0,0,14521.87106,23.78725586,0.017125289,0.077433268,8.294243998,0
21-01-2020 07:00,1252.613,0,0,15281.8786,24.38212484,0.017293111,0.080017088,9.565342403,0
21-01-2020 08:00,1451.2179,0,0,17704.85838,25.21386108,0.017270113,0.08291626,11.17363225,0
21-01-2020 09:00,1594.5218,0,0,19453.16596,26.17744344,0.01721678,0.079742432,12.3056634,1
21-01-2020 10:00,1621.2128,0,0,19778.79616,27.23350423,0.017104634,0.07510376,12.58197139,1
21-01-2020 11:00,1638.906,0,0,19994.6532,28.13556315,0.016975062,0.067138671,12.27815935,1
21-01-2020 12:00,1640.3159,0,0,20011.85398,28.71510213,0.016868802,0.059674582,11.70287965,1
21-01-2020 13:00,1686.6968,0,0,20577.70096,29.03166097,0.016836226,0.060262044,10.96260754,1
21-01-2020 14:00,1699.1359,0,0,20729.45798,29.03209839,0.016897856,0.063181559,9.991110315,1
21-01-2020 15:00,1661.8572,0,0,20274.65784,28.74210002,0.017037903,0.070795695,8.725505703,1
21-01-2020 16:00,1583.8843,0,0,19323.38846,28.15492147,0.017220711,0.076141357,7.876087627,1
21-01-2020 17:00,1466.9642,0,0,17896.96324,27.23257853,0.017454705,0.081349692,7.326126934,0
21-01-2020 18:00,1470.2215,0,0,17936.7023,26.09451701,0.017582262,0.082580567,6.497638944,1
21-01-2020 19:00,1500.2004,0,0,18302.44488,25.53704224,0.017524364,0.087615968,6.422145773,1
21-01-2020 20:00,1480.9758,0,0,18067.90476,25.15828857,0.017577334,0.087020875,6.338241908,1
21-01-2020 21:00,1449.7907,0,0,17687.44654,24.8422994,0.017566223,0.085922243,6.297369428,0
21-01-2020 22:00,1383.3527,0,0,16876.90294,24.58588053,0.017504413,0.083719888,6.172931279,0
21-01-2020 23:00,1349.6861,0,0,16466.17042,24.36391602,0.017419994,0.083109539,6.260955759,0
22-01-2020 00:00,1279.6957,0,0,15612.28754,24.15734253,0.017366186,0.082178753,6.207216152,0
22-01-2020 01:00,1242.6811,0,0,15160.70942,23.98395182,0.017325101,0.082977297,6.064387522,0
22-01-2020 02:00,1216.9789,0,0,14847.14258,23.81432495,0.017266409,0.085235598,6.039596054,0
22-01-2020 03:00,1137.7279,0,0,13880.28038,23.66598918,0.017179919,0.088877359,6.03590896,0
22-01-2020 04:00,1151.5303,0,0,14048.66966,23.56809896,0.017080901,0.09727478,6.159730944,0
22-01-2020 05:00,1173.0809,0,0,14311.58698,23.52923991,0.017022587,0.1117452,6.353726257,0
22-01-2020 06:00,1227.4712,0,0,14975.14864,23.54310506,0.017015094,0.12201945,6.47517739,0
22-01-2020 07:00,1306.9454,0,0,15944.73388,24.30578003,0.017251441,0.126078288,7.922927301,0
22-01-2020 08:00,1413.654,0,0,17246.5788,25.31254476,0.017240772,0.131479902,9.107309642,0
22-01-2020 09:00,1481.8853,0,0,18079.00066,26.21289469,0.017242938,0.140248615,9.59084097,1
22-01-2020 10:00,1568.4377,0,0,19134.93994,26.92620239,0.017224924,0.146169027,9.393381027,1
22-01-2020 11:00,1598.3417,0,0,19499.76874,27.48623047,0.01718938,0.15475464,8.905249764,1
22-01-2020 12:00,1597.8563,0,0,19493.84686,27.86380412,0.017108169,0.165690103,8.330236148,1
22-01-2020 13:00,1613.7784,0,0,19688.09648,28.03538411,0.017041921,0.168395993,7.896113777,1
22-01-2020 14:00,1626.737,0,0,19846.1914,27.98141886,0.0169961,0.169677737,7.792297625,1
22-01-2020 15:00,1524.1704,0,0,18594.87888,27.70616048,0.017018673,0.172383627,7.912291625,1
22-01-2020 16:00,1435.0898,0,0,17508.09556,27.14220581,0.017112495,0.15854899,8.322903916,0
22-01-2020 17:00,1369.7031,0,0,16710.37782,26.29234212,0.017336101,0.144348143,8.258337084,0
22-01-2020 18:00,1372.9413,0,0,16749.88386,25.37098592,0.017389421,0.136240642,7.889051955,0
22-01-2020 19:00,1404.1566,0,0,17130.71052,24.8924703,0.017341161,0.131774903,8.129342552,0
22-01-2020 20:00,1367.2709,0,0,16680.70498,24.56435547,0.017272527,0.134358723,8.313287265,0
22-01-2020 21:00,1344.0522,0,0,16397.43684,24.3387797,0.017206438,0.131144207,8.464273772,0
22-01-2020 22:00,1286.6514,0,0,15697.14708,24.15684408,0.017158207,0.12750244,8.586779725,0
22-01-2020 23:00,1200.3971,0,0,14644.84462,24.01127523,0.01712286,0.123046877,8.706737688,0
23-01-2020 00:00,1173.2992,0,0,14314.25024,23.9052063,0.017090224,0.118896483,8.772733697,0
23-01-2020 01:00,1184.2989,0,0,14448.44658,23.80934041,0.017072994,0.111307778,8.771971395,0
23-01-2020 02:00,1147.8177,0,0,14003.37594,23.71209106,0.017080798,0.106424967,8.614438798,0
23-01-2020 03:00,1108.1406,0,0,13519.31532,23.58679606,0.017057511,0.10820516,8.295737348,0
23-01-2020 04:00,1116.5119,0,0,13621.44518,23.49371745,0.017021373,0.109944663,7.852046224,0
23-01-2020 05:00,1170.3459,0,0,14278.21998,23.42027181,0.016977881,0.121470133,7.498491719,0
23-01-2020 06:00,1190.9625,0,0,14529.7425,23.42327271,0.016975276,0.128621418,7.174478964,0
23-01-2020 07:00,1264.6907,0,0,15429.22654,24.16379191,0.017275426,0.13934326,8.808545262,0
23-01-2020 08:00,1434.0528,0,0,17495.44416,24.97272135,0.017478997,0.15501912,9.998212727,0
23-01-2020 09:00,1516.7295,0,0,18504.0999,25.78445841,0.017570706,0.16927083,10.81861991,1
23-01-2020 10:00,1580.2888,0,0,19279.52336,26.5787089,0.017476545,0.187357587,10.91884514,1
23-01-2020 11:00,1599.4601,0,0,19513.41322,27.34928792,0.017310975,0.202148433,10.61273425,1
23-01-2020 12:00,1570.8429,0,0,19164.28338,27.86450602,0.017267401,0.215433757,10.27686484,1
23-01-2020 13:00,1579.6118,0,0,19271.26396,28.08680623,0.017310433,0.225687663,10.03564754,1
23-01-2020 14:00,1583.0315,0,0,19312.9843,28.03239339,0.017536565,0.221232097,10.10470477,1
23-01-2020 15:00,1455.5652,0,0,17757.89544,27.68791097,0.017574463,0.218526203,10.4019408,0
23-01-2020 16:00,1351.0059,0,0,16482.27198,27.09269613,0.017714236,0.21069336,10.66535439,0
23-01-2020 17:00,1354.8483,0,0,16529.14926,26.23663737,0.017950771,0.198506673,10.09953924,0
23-01-2020 18:00,1403.8149,0,0,17126.54178,25.26831462,0.017902441,0.182657877,8.779657935,0
23-01-2020 19:00,1449.326,0,0,17681.7772,24.72575277,0.01772446,0.166503907,8.377394883,0
23-01-2020 20:00,1418.5871,0,0,17306.76262,24.41219482,0.017617854,0.146260578,8.131073958,0
23-01-2020 21:00,1385.6639,0,0,16905.09958,24.18885701,0.017455414,0.128112792,7.786055639,0
23-01-2020 22:00,1324.9359,0,0,16164.21798,23.98417562,0.017282841,0.11738078,7.712702233,0
23-01-2020 23:00,1209.7276,0,0,14758.67672,23.79089762,0.017130338,0.10862732,7.81582523,0
24-01-2020 00:00,1214.2324,0,0,14813.63528,23.60303141,0.016985078,0.103225709,7.780763093,0
24-01-2020 01:00,1168.0884,0,0,14250.67848,23.41309001,0.016860301,0.102518717,7.629050341,0
24-01-2020 02:00,1140.4629,0,0,13913.64738,23.2455485,0.016753343,0.099655151,7.689064001,0
24-01-2020 03:00,1116.1608,0,0,13617.16176,23.10284831,0.01665426,0.098500568,7.760246526,0
24-01-2020 04:00,1118.0905,0,0,13640.7041,23.00097046,0.016573193,0.098180136,7.481707535,0
24-01-2020 05:00,1131.0183,0,0,13798.42326,22.95231527,0.016497268,0.100486756,7.095842401,0
24-01-2020 06:00,1175.1032,0,0,14336.25904,22.99280192,0.016479492,0.104484558,6.920388051,0
24-01-2020 07:00,1254.8856,0,0,15309.60432,23.91646729,0.016817894,0.107783,8.917885143,0
24-01-2020 08:00,1426.4404,0,0,17402.57288,25.04349162,0.017043887,0.108736674,10.34819194,0
24-01-2020 09:00,1513.0098,0,0,18458.71956,26.13086344,0.017095079,0.111005149,10.82872764,1
24-01-2020 10:00,1562.0065,0,0,19056.4793,27.0723409,0.017084705,0.111251836,10.63270471,1
24-01-2020 11:00,1590.7716,0,0,19407.41352,27.93583577,0.017122728,0.123672483,10.57032666,1
24-01-2020 12:00,1537.6632,0,0,18759.49104,28.48404338,0.017191295,0.135528563,10.69158144,1
24-01-2020 13:00,1558.1645,0,0,19009.6069,28.72309774,0.017264944,0.147460937,11.04880702,1
24-01-2020 14:00,1637.5444,0,0,19978.04168,28.67502238,0.017338521,0.15176391,11.50622179,1
24-01-2020 15:00,1590.6176,0,0,19405.53472,28.39045614,0.017363657,0.151952108,11.71331479,1
24-01-2020 16:00,1537.4949,0,0,18757.43778,27.73479614,0.017370995,0.149411517,11.6973535,1
24-01-2020 17:00,1380.0435,0,0,16836.5307,26.68886719,0.017500533,0.139144896,11.07092732,0
24-01-2020 18:00,1388.2939,0,0,16937.18558,25.41917318,0.017553882,0.127459844,9.644767931,0
24-01-2020 19:00,1439.6137,0,0,17563.28714,24.78171183,0.017439485,0.117957435,9.264534347,0
24-01-2020 20:00,1412.0754,0,0,17227.31988,24.39215495,0.01720576,0.111799559,8.867026949,0
24-01-2020 21:00,1397.7116,0,0,17052.08152,24.0928182,0.017028561,0.09856383,8.631805558,0
24-01-2020 22:00,1364.8882,0,0,16651.63604,23.84695841,0.016890299,0.085449616,8.606679431,0
24-01-2020 23:00,1295.0113,0,0,15799.13786,23.61649984,0.016761783,0.074861129,8.690138781,0
25-01-2020 00:00,1241.312,0,0,15144.0064,23.41018066,0.016654901,0.066294668,8.913411795,0
25-01-2020 01:00,1148.137,0,0,14007.2714,23.23219198,0.016563391,0.059066295,9.290390264,0
25-01-2020 02:00,1117.6677,0,0,13635.54594,23.08145549,0.016479825,0.054087956,9.437965091,0
25-01-2020 03:00,1094.3425,0,0,13350.9785,22.96442057,0.016398873,0.048596701,9.463718105,0
25-01-2020 04:00,1082.9623,0,0,13212.14006,22.87768962,0.016291573,0.047546388,9.397403457,0
25-01-2020 05:00,1065.2672,0,0,12996.25984,22.77995199,0.016141082,0.04703013,9.219397373,0
25-01-2020 06:00,1083.821,0,0,13222.6162,22.71754354,0.0160288,0.041893005,8.910481347,0
25-01-2020 07:00,1183.7157,0,0,14441.33154,23.68042399,0.016232059,0.039698283,10.93670424,0
25-01-2020 08:00,1290.2451,0,0,15740.99022,24.93473714,0.016204017,0.034116109,12.92728793,0
25-01-2020 09:00,1368.1164,0,0,16691.02008,26.22305705,0.016102335,0.025146484,13.49557495,0
25-01-2020 10:00,1465.9394,0,0,17884.46068,27.35531006,0.015984212,0.018175761,13.36499227,0
25-01-2020 11:00,1483.126,0,0,18094.1372,28.26245524,0.01591196,0.015455882,12.94382279,1
25-01-2020 12:00,1394.2637,0,0,17010.01714,28.87996826,0.015834318,0.014801025,12.48255023,0
25-01-2020 13:00,1346.1755,0,0,16423.3411,29.1830485,0.015757737,0.018892924,12.05404702,0
25-01-2020 14:00,1304.6959,0,0,15917.28998,29.16510417,0.01570812,0.021010081,11.7544532,0
25-01-2020 15:00,1279.8749,0,0,15614.47378,28.77292277,0.01568386,0.023974101,11.57530111,0
25-01-2020 16:00,1347.5956,0,0,16440.66632,28.00182495,0.015716865,0.023081462,11.5212421,0
25-01-2020 17:00,1345.9392,0,0,16420.45824,26.68707682,0.015899998,0.024342855,10.92142869,0
25-01-2020 18:00,1356.5419,0,0,16549.81118,25.00470378,0.015939584,0.027759552,9.808554958,0
25-01-2020 19:00,1403.2392,0,0,17119.51824,24.14483032,0.015924621,0.031059265,9.746729818,0
25-01-2020 20:00,1365.3359,0,0,16657.09798,23.60800578,0.015809801,0.031176248,9.729354369,0
25-01-2020 21:00,1325.6264,0,0,16172.64208,23.28391927,0.015671097,0.03180313,9.77187097,0
25-01-2020 22:00,1265.3892,0,0,15437.74824,23.07745768,0.01559087,0.032112122,9.859693576,0
25-01-2020 23:00,1223.7536,0,0,14929.79392,22.87290853,0.015556258,0.031787237,9.919712832,0
26-01-2020 00:00,1176.4033,0,0,14352.12026,22.69520467,0.01552517,0.030921301,9.980132802,0
26-01-2020 01:00,1129.6035,0,0,13781.1627,22.53745931,0.015487834,0.033014934,10.04175469,0
26-01-2020 02:00,1102.8886,0,0,13455.24092,22.39108683,0.015436755,0.03697141,10.05557473,0
26-01-2020 03:00,1078.1751,0,0,13153.73622,22.25648397,0.015378211,0.038602829,9.855639985,0
26-01-2020 04:00,1058.9126,0,0,12918.73372,22.13937785,0.015322315,0.040406545,9.173197603,0
26-01-2020 05:00,1070.5332,0,0,13060.50504,22.04378662,0.015289286,0.039807637,8.236639465,0
26-01-2020 06:00,1057.5085,0,0,12901.6037,22.04196574,0.015276669,0.043309529,7.569983022,0
26-01-2020 07:00,987.8207,0,0,12051.41254,23.34020386,0.015646943,0.045991262,9.13607079,0
26-01-2020 08:00,975.9383,0,0,11906.44726,24.96157227,0.015775439,0.04482905,10.9870883,0
26-01-2020 09:00,1016.5135,0,0,12401.4647,26.4777771,0.015831428,0.041104635,11.49865786,0
26-01-2020 10:00,1084.3228,0,0,13228.73816,27.74630127,0.015776803,0.040720622,11.0842632,0
26-01-2020 11:00,1254.7263,0,0,15307.66086,28.78069458,0.015723266,0.040115356,10.48598547,0
26-01-2020 12:00,1275.5838,0,0,15562.12236,29.48171387,0.01582861,0.041300455,9.86947304,0
26-01-2020 13:00,1286.2857,0,0,15692.68554,29.77329915,0.016057379,0.048609415,9.567833013,0
26-01-2020 14:00,1242.6019,0,0,15159.74318,29.71287435,0.016171749,0.051188151,9.4398621,0
26-01-2020 15:00,1191.3228,0,0,14534.13816,29.34541219,0.016367475,0.052652995,9.37340071,0
26-01-2020 16:00,1163.2973,0,0,14192.22706,28.64288737,0.016573355,0.055643717,9.445484289,0
26-01-2020 17:00,1134.511,0,0,13841.0342,27.51070557,0.016687602,0.069576264,9.387829937,0
26-01-2020 18:00,1173.5241,0,0,14316.99402,25.88306071,0.016916278,0.078276316,8.267200456,0
26-01-2020 19:00,1229.2865,0,0,14997.2953,25.08583984,0.017030456,0.085033418,7.827102271,0
26-01-2020 20:00,1254.3629,0,0,15303.22738,24.53737793,0.017080989,0.089405058,7.253922083,0
26-01-2020 21:00,1209.8023,0,0,14759.58806,24.11460775,0.017030038,0.093245825,6.64367418,0
26-01-2020 22:00,1138.4192,0,0,13888.71424,23.75614827,0.016941096,0.096384689,6.256556064,0
26-01-2020 23:00,1103.7199,0,0,13465.38278,23.45865275,0.016836913,0.096741994,5.949115353,0
27-01-2020 00:00,1069.7846,0,0,13051.37212,23.2417745,0.016757951,0.101820629,5.737834811,0
27-01-2020 01:00,1015.1037,0,0,12384.26514,23.10004069,0.016679129,0.096605937,5.672349274,0
27-01-2020 02:00,993.3495,0,0,12118.8639,23.04775391,0.016593005,0.117838542,5.541707351,0
27-01-2020 03:00,959.2778,0,0,11703.18916,22.96435954,0.016524805,0.132858279,5.430588507,0
27-01-2020 04:00,963.863,0,0,11759.1286,22.84783325,0.016423347,0.14202881,5.212677035,0
27-01-2020 05:00,969.7378,0,0,11830.80116,22.74587402,0.016326913,0.14998881,5.031865454,0
27-01-2020 06:00,1019.8549,0,0,12442.22978,22.73828532,0.01626354,0.160357157,5.173447674,0
27-01-2020 07:00,1119.6751,0,0,13660.03622,23.63192139,0.01639847,0.1700058,7.217565038,0
27-01-2020 08:00,1287.7123,0,0,15710.09006,24.82724406,0.016449409,0.180018107,8.178956962,0
27-01-2020 09:00,1407.6856,0,0,17173.76432,25.93601888,0.016467248,0.186065676,8.574829966,0
27-01-2020 10:00,1447.1605,0,0,17655.3581,26.90277507,0.01660704,0.19315592,8.554791182,0
27-01-2020 11:00,1510.0024,0,0,18422.02928,27.57994995,0.016782673,0.21429952,8.026669274,1
27-01-2020 12:00,1486.2487,0,0,18132.23414,27.8759196,0.016910127,0.236918133,7.185263458,1
27-01-2020 13:00,1501.7652,0,0,18321.53544,28.03286133,0.01706313,0.250142417,6.425669833,1
27-01-2020 14:00,1494.4585,0,0,18232.3937,28.09673462,0.01718575,0.257751463,6.140226086,1
27-01-2020 15:00,1465.1472,0,0,17874.79584,27.85961304,0.017214343,0.263427733,6.586267566,0
27-01-2020 16:00,1404.996,0,0,17140.9512,27.38661092,0.017187002,0.254130045,7.160211422,0
27-01-2020 17:00,1297.4436,0,0,15828.81192,26.67870483,0.017312243,0.239379887,7.405760911,0
27-01-2020 18:00,1314.5047,0,0,16036.95734,25.70746257,0.01751582,0.226501466,7.231131851,0
27-01-2020 19:00,1349.8741,0,0,16468.46402,25.03959554,0.017671057,0.216349283,7.402466185,0
27-01-2020 20:00,1282.6779,0,0,15648.67038,24.56924845,0.01762568,0.218231204,7.465998675,0
27-01-2020 21:00,1249.0524,0,0,15238.43928,24.25021769,0.017514979,0.214487717,7.089793982,0
27-01-2020 22:00,1211.4175,0,0,14779.2935,24.01078695,0.017386792,0.203470865,6.646030351,0
27-01-2020 23:00,1153.7963,0,0,14076.31486,23.80725505,0.017265757,0.191329954,6.312157619,0
28-01-2020 00:00,1066.2002,0,0,13007.64244,23.63591919,0.017162491,0.172838846,6.102701789,0
28-01-2020 01:00,1018.2677,0,0,12422.86594,23.43189901,0.01701789,0.150001525,5.930435565,0
28-01-2020 02:00,1000.7761,0,0,12209.46842,23.25144857,0.016875201,0.127772013,5.736423438,0
28-01-2020 03:00,979.772,0,0,11953.2184,23.09861654,0.016717287,0.106826782,5.617316206,0
28-01-2020 04:00,986.9085,0,0,12040.2837,22.96914063,0.01656057,0.084747315,5.555752809,0
28-01-2020 05:00,999.0189,0,0,12188.03058,22.85846354,0.016413148,0.068280536,5.51696886,0
28-01-2020 06:00,1015.5231,0,0,12389.38182,22.82020467,0.016319438,0.062077841,5.554202068,0
28-01-2020 07:00,1114.2542,0,0,13593.90124,23.64128011,0.016628136,0.059015908,7.454004271,0
28-01-2020 08:00,1271.1063,0,0,15507.49686,24.59809774,0.016867846,0.052925109,8.399505955,0
28-01-2020 09:00,1373.8753,0,0,16761.27866,25.77321777,0.016975964,0.045415242,8.545669601,0
28-01-2020 10:00,1437.3484,0,0,17535.65048,27.17034302,0.01689611,0.047383627,8.154685884,0
28-01-2020 11:00,1484.0925,0,0,18105.9285,28.27270915,0.01687749,0.075332642,7.572621354,1
28-01-2020 12:00,1493.1773,0,0,18216.76306,28.88744507,0.016965953,0.114939373,6.966687646,1
28-01-2020 13:00,1543.3449,0,0,18828.80778,29.10195313,0.01703185,0.150563557,6.532979417,1
28-01-2020 14:00,1535.5058,0,0,18733.17076,29.11023356,0.017108135,0.16841634,6.167459275,1
28-01-2020 15:00,1511.627,0,0,18441.8494,28.80444743,0.01721506,0.161946613,5.965765815,1
28-01-2020 16:00,1423.3222,0,0,17364.53084,28.14816691,0.017355226,0.155100505,6.033255049,0
28-01-2020 17:00,1322.8391,0,0,16138.63702,27.30773315,0.017620169,0.148213703,6.066206603,0
28-01-2020 18:00,1336.2392,0,0,16302.11824,26.2008606,0.017882445,0.141759239,5.768258681,0
28-01-2020 19:00,1382.8869,0,0,16871.22018,25.56590169,0.017885354,0.130071005,5.793420029,0
28-01-2020 20:00,1340.0135,0,0,16348.1647,25.10670369,0.017795534,0.114980062,5.813572922,0
28-01-2020 21:00,1294.2311,0,0,15789.61942,24.72838745,0.017644021,0.10296885,5.740824013,0
28-01-2020 22:00,1241.4446,0,0,15145.62412,24.4135376,0.017464375,0.095418293,5.702493036,0
28-01-2020 23:00,1166.8151,0,0,14235.14422,24.14713949,0.017304266,0.093240102,5.636294648,0
29-01-2020 00:00,1081.2642,0,0,13191.42324,23.9423055,0.017148544,0.091972349,5.602259691,0
29-01-2020 01:00,1022.7248,0,0,12477.24256,23.76201782,0.017012954,0.095338186,5.612012793,0
29-01-2020 02:00,995.5095,0,0,12145.2159,23.62453613,0.016920455,0.099094392,5.902267225,0
29-01-2020 03:00,972.7319,0,0,11867.32918,23.54996134,0.016869419,0.097664515,6.193004462,0
29-01-2020 04:00,973.2948,0,0,11874.19656,23.44550985,0.016797373,0.089978536,5.937926176,0
29-01-2020 05:00,1008.0047,0,0,12297.65734,23.31427409,0.016682105,0.085666656,5.52765275,0
29-01-2020 06:00,1031.8907,0,0,12589.06654,23.25938314,0.016620699,0.085655213,5.419041808,0
29-01-2020 07:00,1116.305,0,0,13618.921,24.19952799,0.016928266,0.092133205,7.41287435,0
29-01-2020 08:00,1295.5059,0,0,15805.17198,25.2968689,0.017210546,0.095706941,8.121110844,0
29-01-2020 09:00,1389.2522,0,0,16948.87684,26.31421305,0.017371041,0.096646626,7.892824339,0
29-01-2020 10:00,1466.0188,0,0,17885.42936,27.37453613,0.017434913,0.121172589,7.101505967,0
29-01-2020 11:00,1495.9433,0,0,18250.50826,28.40189006,0.017468369,0.151412967,6.145698803,1
29-01-2020 12:00,1489.3484,0,0,18170.05048,29.07147624,0.017557715,0.171559652,5.529911712,1
29-01-2020 13:00,1526.6092,0,0,18624.63224,29.40176799,0.01767981,0.18476359,5.446608789,1
29-01-2020 14:00,1545.3077,0,0,18852.75394,29.38922526,0.017791393,0.190684002,5.495359649,1
29-01-2020 15:00,1535.466,0,0,18732.6852,29.03607585,0.017897953,0.18933105,5.671015951,1
29-01-2020 16:00,1455.4409,0,0,17756.37898,28.44040324,0.018026078,0.18166097,6.033106225,0
29-01-2020 17:00,1335.1943,0,0,16289.37046,27.62293905,0.018281611,0.179529827,6.69995148,0
29-01-2020 18:00,1320.2333,0,0,16106.84626,26.42187907,0.018453124,0.174585979,7.305047804,0
29-01-2020 19:00,1353.9012,0,0,16517.59464,25.68412679,0.018372389,0.164840701,8.239356864,0
29-01-2020 20:00,1302.7987,0,0,15894.14414,25.19475708,0.018145791,0.148146312,8.651974922,0
29-01-2020 21:00,1276.2871,0,0,15570.70262,24.86592,0.017901509,0.135357541,8.591944965,0
29-01-2020 22:00,1188.2707,0,0,14496.90254,24.56070353,0.017716516,0.106976826,8.262416199,0
29-01-2020 23:00,1123.2385,0,0,13703.5097,24.22266032,0.01748596,0.086533863,7.710177933,0
30-01-2020 00:00,1089.4097,0,0,13290.79834,23.90576579,0.017267138,0.07517751,7.408352901,0
30-01-2020 01:00,1027.9816,0,0,12541.37552,23.67202148,0.017056188,0.070950827,7.439455226,0
30-01-2020 02:00,999.2789,0,0,12191.20258,23.47171427,0.016891419,0.067985536,7.373483626,0
30-01-2020 03:00,988.2487,0,0,12056.63414,23.26666667,0.016731395,0.068272908,7.310480918,0
30-01-2020 04:00,975.7573,0,0,11904.23906,23.0972229,0.01657067,0.063583375,7.087029933,0
30-01-2020 05:00,979.7745,0,0,11953.2489,22.94740194,0.016417395,0.053448995,6.87916373,0
30-01-2020 06:00,1014.5294,0,0,12377.25868,22.88803507,0.016305219,0.044324239,6.813621778,0
30-01-2020 07:00,1107.3036,0,0,13509.10392,23.87466838,0.016572828,0.03939565,8.798574898,0
30-01-2020 08:00,1260.5969,0,0,15379.28218,25.05487467,0.016574581,0.03294754,9.996554731,0
30-01-2020 09:00,1367.7751,0,0,16686.85622,26.34425252,0.016433653,0.023560841,9.588694479,0
30-01-2020 10:00,1460.4033,0,0,17816.92026,27.68701579,0.016265718,0.01816368,8.69271442,0
30-01-2020 11:00,1514.2117,0,0,18473.38274,28.84195353,0.016109121,0.014109294,7.836277901,1
30-01-2020 12:00,1514.5584,0,0,18477.61248,29.64019165,0.016161354,0.011226972,7.103265168,1
30-01-2020 13:00,1553.1363,0,0,18948.26286,30.14207357,0.01612589,0.008802255,7.141901872,1
30-01-2020 14:00,1584.1562,0,0,19326.70564,30.29801839,0.016018066,0.011798938,7.682286026,1
30-01-2020 15:00,1540.8524,0,0,18798.39928,30.01342163,0.016118838,0.012994766,8.570125358,1
30-01-2020 16:00,1459.5985,0,0,17807.1017,29.31228027,0.016330195,0.021947225,9.48004362,0
30-01-2020 17:00,1327.1759,0,0,16191.54598,28.02907715,0.01670882,0.031785965,9.845110481,0
30-01-2020 18:00,1330.1841,0,0,16228.24602,26.24424642,0.017069962,0.040214539,9.415700918,0
30-01-2020 19:00,1366.5459,0,0,16671.85998,25.3013855,0.016974003,0.043651581,9.437009328,0
30-01-2020 20:00,1315.6483,0,0,16050.90926,24.64862467,0.016888739,0.042468389,8.90492228,0
30-01-2020 21:00,1269.448,0,0,15487.2656,24.20062663,0.016697024,0.034830728,8.378790506,0
30-01-2020 22:00,1221.9461,0,0,14907.74242,23.81734619,0.016531026,0.030483246,8.507354026,0
30-01-2020 23:00,1164.8365,0,0,14211.0053,23.47809245,0.016426024,0.03002421,8.638856092,0
31-01-2020 00:00,1088.6623,0,0,13281.68006,23.23320923,0.01626502,0.03074646,8.784743363,0
31-01-2020 01:00,1070.4036,0,0,13058.92392,23.01459147,0.016111687,0.030105591,8.951086209,0
31-01-2020 02:00,1033.1755,0,0,12604.7411,22.81982829,0.01598397,0.031527202,8.993936094,0
31-01-2020 03:00,1019.9394,0,0,12443.26068,22.63833008,0.015883113,0.031257629,9.036401362,0
31-01-2020 04:00,998.186,0,0,12177.8692,22.47409465,0.015806522,0.027458191,8.921282045,0
31-01-2020 05:00,1032.8507,0,0,12600.77854,22.30288086,0.015760643,0.022590001,8.688706599,0
31-01-2020 06:00,1048.9941,0,0,12797.72802,22.21954753,0.015714872,0.017233848,8.634319171,0
31-01-2020 07:00,1147.3125,0,0,13997.2125,23.50285238,0.015901845,0.013104916,11.04106474,0
31-01-2020 08:00,1282.4355,0,0,15645.7131,25.07783407,0.015820452,0.006432851,13.40585789,0
31-01-2020 09:00,1390.2512,0,0,16961.06464,26.48789876,0.01565498,0.003579458,14.09425302,0
31-01-2020 10:00,1469.2199,0,0,17924.48278,27.70929362,0.015494249,0.002648354,14.03492556,0
31-01-2020 11:00,1495.1555,0,0,18240.8971,28.74880371,0.015469251,0.002826532,13.51692578,1
31-01-2020 12:00,1489.2597,0,0,18168.96834,29.48456217,0.01560299,0.005017757,12.70030959,1
31-01-2020 13:00,1529.0112,0,0,18653.93664,29.87067057,0.01581708,0.012098153,11.69727569,1
31-01-2020 14:00,1545.1395,0,0,18850.7019,29.87331543,0.016156061,0.029482365,10.71274075,1
31-01-2020 15:00,1528.1555,0,0,18643.4971,29.52411296,0.016392211,0.041803637,10.17678021,1
31-01-2020 16:00,1424.2791,0,0,17376.20502,28.81632894,0.016587865,0.040712276,10.11892957,0
31-01-2020 17:00,1312.9865,0,0,16018.4353,27.72081909,0.01680278,0.034475486,9.881259461,0
31-01-2020 18:00,1342.0698,0,0,16373.25156,26.17566325,0.017001461,0.028531393,9.297971956,0
31-01-2020 19:00,1376.9838,0,0,16799.20236,25.31848551,0.016899547,0.026350657,9.505904224,0
31-01-2020 20:00,1348.6508,0,0,16453.53976,24.67759603,0.016819266,0.023572286,9.569211279,0
31-01-2020 21:00,1307.8774,0,0,15956.10428,24.17826742,0.016734581,0.020945231,9.36877872,0
31-01-2020 22:00,1250.3269,0,0,15253.98818,23.809788,0.016655848,0.021606445,9.239463891,0
31-01-2020 23:00,1196.8205,0,0,14601.2101,23.55093791,0.016563252,0.024325053,8.997235674,0
02-01-2020 00:00,1143.2227,0,0,13947.31694,23.4171285,0.016469441,0.025444031,8.829822461,0
02-01-2020 01:00,1110.1528,0,0,13543.86416,23.26868083,0.016403692,0.026710511,8.509109802,0
02-01-2020 02:00,1049.0349,0,0,12798.22578,23.11360067,0.016380055,0.024553935,8.068550782,0
02-01-2020 03:00,1030.6316,0,0,12573.70552,22.95117594,0.016340186,0.023321788,7.666109167,0
02-01-2020 04:00,1023.7209,0,0,12489.39498,22.82857666,0.016277188,0.023329417,7.166397954,0
02-01-2020 05:00,1030.6722,0,0,12574.20084,22.74689128,0.016233687,0.024319966,6.618254186,0
02-01-2020 06:00,1023.649,0,0,12488.5178,22.75525309,0.016251636,0.024791717,6.440287041,0
02-01-2020 07:00,1065.8115,0,0,13002.9003,23.95220337,0.016531122,0.025011699,8.706975313,0
02-01-2020 08:00,1171.4744,0,0,14291.98768,25.5424235,0.016646518,0.031580607,10.58995956,0
02-01-2020 09:00,1267.0011,0,0,15457.41342,27.13536987,0.016808686,0.03848521,10.88339871,0
02-01-2020 10:00,1377.408,0,0,16804.3776,28.47861125,0.016925554,0.042228699,10.22208456,0
02-01-2020 11:00,1397.9304,0,0,17054.75088,29.4604126,0.017071983,0.05267334,9.39933793,0
02-01-2020 12:00,1356.938,0,0,16554.6436,30.07134399,0.017373301,0.07751465,8.811989297,0
02-01-2020 13:00,1332.3728,0,0,16254.94816,30.33219808,0.017496538,0.105041503,8.730230354,0
02-01-2020 14:00,1340.8679,0,0,16358.58838,30.17015991,0.017607075,0.131439207,8.992487598,0
02-01-2020 15:00,1308.7585,0,0,15966.8537,29.69039307,0.017705092,0.142995197,9.44609353,0
02-01-2020 16:00,1274.1112,0,0,15544.15664,28.92901001,0.017793281,0.142364505,10.0750697,0
02-01-2020 17:00,1231.5636,0,0,15025.07592,27.8670695,0.017920667,0.128885903,10.17995878,0
02-01-2020 18:00,1269.473,0,0,15487.5706,26.4936259,0.018327276,0.112416587,9.258565457,0
02-01-2020 19:00,1298.8223,0,0,15845.63206,25.79807943,0.018213111,0.094858805,8.717931102,0
02-01-2020 20:00,1264.2511,0,0,15423.86342,25.35599162,0.01824664,0.086039225,8.137264037,0
02-01-2020 21:00,1230.8177,0,0,15015.97594,25.01619873,0.018176697,0.078511555,7.674606087,0
02-01-2020 22:00,1189.5427,0,0,14512.42094,24.72544759,0.018051881,0.077407838,7.87147922,0
02-01-2020 23:00,1150.8265,0,0,14040.0833,24.49510091,0.017909641,0.080017089,8.520746199,0
02-02-2020 00:00,1082.7319,0,0,13209.32918,24.28056234,0.0177604,0.077972413,9.282293912,0
02-02-2020 01:00,1071.6919,0,0,13074.64118,24.12114868,0.017617182,0.075614928,10.04684754,0
02-02-2020 02:00,1037.1092,0,0,12652.73224,24.02631022,0.017520131,0.074910482,10.59273746,0
02-02-2020 03:00,1018.4808,0,0,12425.46576,23.99771525,0.017512144,0.080607097,11.00407205,0
02-02-2020 04:00,1008.6864,0,0,12305.97408,24.0076945,0.017560065,0.10468038,10.59611805,0
02-02-2020 05:00,996.8927,0,0,12162.09094,24.01872152,0.017605513,0.119440713,9.85893763,0
02-02-2020 06:00,973.9149,0,0,11881.76178,24.06531169,0.017638436,0.125457765,9.690515437,0
02-02-2020 07:00,971.7377,0,0,11855.19994,24.99527384,0.017890392,0.130238853,12.23452063,0
02-02-2020 08:00,1025.7616,0,0,12514.29152,26.15856323,0.017969666,0.132476807,15.83025418,0
02-02-2020 09:00,1082.7392,0,0,13209.41824,27.34386597,0.017883605,0.12565104,17.97554463,0
02-02-2020 10:00,1132.0488,0,0,13810.99536,28.5110616,0.017693101,0.111165365,18.53960973,0
02-02-2020 11:00,1203.5605,0,0,14683.4381,29.35539144,0.01763734,0.096532183,18.55125426,0
02-02-2020 12:00,1226.7635,0,0,14966.5147,29.7881307,0.017569125,0.091720582,18.30822003,0
02-02-2020 13:00,1236.3717,0,0,15083.73474,29.88759766,0.017440492,0.087860106,18.05197762,0
02-02-2020 14:00,1235.5952,0,0,15074.26144,29.71460368,0.017326537,0.085184733,17.72722049,0
02-02-2020 15:00,1231.2009,0,0,15020.65098,29.22342326,0.017239341,0.076033275,17.30082723,0
02-02-2020 16:00,1214.7898,0,0,14820.43556,28.45207113,0.017159966,0.065762838,16.50696454,0
02-02-2020 17:00,1177.8066,0,0,14369.24052,27.33391724,0.017174699,0.06181844,15.08524946,0
02-02-2020 18:00,1209.3384,0,0,14753.92848,26.09092611,0.017194601,0.066029866,13.51446952,0
02-02-2020 19:00,1271.5912,0,0,15513.41264,25.40596924,0.01722558,0.060003916,12.76450724,0
02-02-2020 20:00,1270.8427,0,0,15504.28094,25.02036947,0.017196896,0.055487314,12.45223971,0
02-02-2020 21:00,1269.9816,0,0,15493.77552,24.77683919,0.017110432,0.045108795,12.50000123,0
02-02-2020 22:00,1227.6664,0,0,14977.53008,24.57497559,0.01694773,0.036249479,13.08450639,0
02-02-2020 23:00,1182.4036,0,0,14425.32392,24.36077271,0.016757112,0.03061517,13.78890112,0
02-03-2020 00:00,1126.5833,0,0,13744.31626,24.16267293,0.01657404,0.0278848,14.47192394,0
02-03-2020 01:00,1086.7198,0,0,13257.98156,23.96434937,0.016418909,0.03030777,14.83334842,0
02-03-2020 02:00,1037.5054,0,0,12657.56588,23.79432576,0.016272578,0.031642278,15.13167682,0
02-03-2020 03:00,1018.562,0,0,12426.4564,23.67301839,0.016184773,0.032375336,14.97785781,0
02-03-2020 04:00,1013.5899,0,0,12365.79678,23.56297201,0.016178406,0.030076344,13.86504557,0
02-03-2020 05:00,1031.3233,0,0,12582.14426,23.47086995,0.016162525,0.031474431,12.76914097,0
02-03-2020 06:00,1079.1551,0,0,13165.69222,23.44458415,0.016193493,0.037059785,11.89830345,0
02-03-2020 07:00,1180.0966,0,0,14397.17852,24.25643311,0.01636198,0.038197835,13.08734003,0
02-03-2020 08:00,1363.1029,0,0,16629.85538,25.60013224,0.01636404,0.038335165,15.09818351,0
02-03-2020 09:00,1439.6746,0,0,17564.03012,26.97099202,0.01626828,0.041514079,16.44999512,0
02-03-2020 10:00,1505.8841,0,0,18371.78602,28.07937012,0.016218384,0.042968749,16.94626317,1
02-03-2020 11:00,1559.6002,0,0,19027.12244,28.95640462,0.016221747,0.050043107,17.1403348,1
02-03-2020 12:00,1546.7947,0,0,18870.89534,29.48602702,0.016316586,0.060676575,16.85513987,1
02-03-2020 13:00,1563.5167,0,0,19074.90374,29.59399821,0.016518247,0.074615796,16.45504138,1
02-03-2020 14:00,1588.3284,0,0,19377.60648,29.39949951,0.016477041,0.085037868,16.36719,1
02-03-2020 15:00,1559.5822,0,0,19026.90284,28.88715007,0.016397766,0.086017608,16.4761967,1
02-03-2020 16:00,1482.6986,0,0,18088.92292,28.06085612,0.016384667,0.077526729,16.37975876,1
02-03-2020 17:00,1342.2342,0,0,16375.25724,26.94690348,0.016457978,0.066183091,15.49915305,0
02-03-2020 18:00,1375.6647,0,0,16783.10934,25.66428019,0.016577198,0.053293864,13.81917375,0
02-03-2020 19:00,1405.8619,0,0,17151.51518,24.98410441,0.016706877,0.039511364,13.12492727,0
02-03-2020 20:00,1380.5317,0,0,16842.48674,24.59969482,0.016774017,0.033392588,12.73611015,0
02-03-2020 21:00,1344.2419,0,0,16399.75118,24.3795105,0.016727402,0.02791659,12.44958078,0
02-03-2020 22:00,1286.1761,0,0,15691.34842,24.1542806,0.016604076,0.024230957,12.4137397,0
02-03-2020 23:00,1233.9106,0,0,15053.70932,23.95042318,0.016473047,0.021713256,12.46375032,0
02-04-2020 00:00,1137.0766,0,0,13872.33452,23.74998372,0.016421799,0.019878387,12.23624158,0
02-04-2020 01:00,1089.2907,0,0,13289.34654,23.57566732,0.016435015,0.019943237,11.96815711,0
02-04-2020 02:00,1065.9195,0,0,13004.2179,23.46225382,0.016444126,0.023251851,11.84225125,0
02-04-2020 03:00,1034.103,0,0,12616.0566,23.39313151,0.016477747,0.024930318,11.6047015,0
02-04-2020 04:00,1006.8611,0,0,12283.70542,23.37448527,0.016509547,0.02629598,11.18750982,0
02-04-2020 05:00,1050.776,0,0,12819.4672,23.33323568,0.01652271,0.026176453,10.69470217,0
02-04-2020 06:00,1090.3438,0,0,13302.19436,23.35905355,0.016559104,0.024904887,10.51601379,0
02-04-2020 07:00,1181.3957,0,0,14413.02754,24.23689168,0.016772573,0.022371928,12.31269873,0
02-04-2020 08:00,1357.9959,0,0,16567.54998,25.66844076,0.01694423,0.019543965,14.6746517,0
02-04-2020 09:00,1450.9281,0,0,17701.32282,27.24877319,0.016959525,0.01768748,16.21369532,0
02-04-2020 10:00,1532.8553,0,0,18700.83466,28.57351074,0.016981865,0.016422271,16.21345278,1
02-04-2020 11:00,1561.3022,0,0,19047.88684,29.55404053,0.017126509,0.015157064,15.48161809,1
02-04-2020 12:00,1552.8722,0,0,18945.04084,30.10532023,0.017434118,0.017620086,14.33653332,1
02-04-2020 13:00,1588.7441,0,0,19382.67802,30.35456746,0.017510283,0.027683895,13.29988765,1
02-04-2020 14:00,1590.6816,0,0,19406.31552,30.21340332,0.017621568,0.042803448,12.48842328,1
02-04-2020 15:00,1564.4897,0,0,19086.77434,29.71346436,0.017732874,0.067309698,11.80643792,1
02-04-2020 16:00,1484.077,0,0,18105.7394,28.85984701,0.017806488,0.075172424,11.0813289,1
02-04-2020 17:00,1379.2503,0,0,16826.85366,27.72555949,0.017913397,0.064942679,10.59495701,0
02-04-2020 18:00,1375.3885,0,0,16779.7397,26.35539144,0.017951548,0.069689434,9.638358865,0
02-04-2020 19:00,1415.736,0,0,17271.9792,25.6107015,0.017722481,0.064809165,9.347127589,0
02-04-2020 20:00,1392.288,0,0,16985.9136,25.16634521,0.01754301,0.055505117,9.043600716,0
02-04-2020 21:00,1358.4853,0,0,16573.52066,24.86340739,0.017395736,0.047362009,9.08687214,0
02-04-2020 22:00,1299.747,0,0,15856.9134,24.64427083,0.017200269,0.041113535,9.859261811,0
02-04-2020 23:00,1229.9445,0,0,15005.3229,24.49375814,0.017009979,0.038174947,10.77435076,0
02-05-2020 00:00,1158.1355,0,0,14129.2531,24.24095052,0.01691299,0.035641988,10.90229321,0
02-05-2020 01:00,1102.1768,0,0,13446.55696,24.02168172,0.016853648,0.030292512,10.661755,0
02-05-2020 02:00,1083.7379,0,0,13221.60238,23.86713053,0.016804901,0.025711695,10.65656287,0
02-05-2020 03:00,1046.1227,0,0,12762.69694,23.77346191,0.016733639,0.022682826,11.11122669,0
02-05-2020 04:00,1037.4825,0,0,12657.2865,23.69880575,0.016721188,0.019817988,10.90358329,0
02-05-2020 05:00,1056.7622,0,0,12892.49884,23.6137736,0.016726401,0.020538648,10.54794843,0
02-05-2020 06:00,1096.9583,0,0,13382.89126,23.58403931,0.016711049,0.021778107,10.41298966,0
02-05-2020 07:00,1201.2005,0,0,14654.6461,24.32149658,0.016761839,0.022755305,12.47849958,0
02-05-2020 08:00,1329.6772,0,0,16222.06184,25.58999023,0.016667607,0.017814319,14.75293773,0
02-05-2020 09:00,1411.1918,0,0,17216.53996,26.98690186,0.016558122,0.012109279,15.41910946,0
02-05-2020 10:00,1485.5692,0,0,18123.94424,28.21472575,0.016481692,0.009156942,14.76450554,1
02-05-2020 11:00,1535.234,0,0,18729.8548,29.20925293,0.016506924,0.006905993,13.52661477,1
02-05-2020 12:00,1534.1085,0,0,18716.1237,29.84707031,0.016735553,0.008750995,12.16774649,1
02-05-2020 13:00,1569.154,0,0,19143.6788,30.20174561,0.016727759,0.006783207,11.26758322,1
02-05-2020 14:00,1588.3001,0,0,19377.26122,30.19243774,0.016773456,0.010623852,10.77035912,1
02-05-2020 15:00,1558.206,0,0,19010.1132,29.84094645,0.016839532,0.012747129,10.52692465,1
02-05-2020 16:00,1491.4877,0,0,18196.14994,29.09846395,0.016890391,0.013795257,10.73673748,1
02-05-2020 17:00,1381.7723,0,0,16857.62206,27.86407878,0.017020108,0.014198621,10.5763255,0
02-05-2020 18:00,1345.9501,0,0,16420.59122,26.30509847,0.01709136,0.017271678,9.91553039,0
02-05-2020 19:00,1390.2057,0,0,16960.50954,25.43306885,0.017025365,0.02016004,9.916931656,0
02-05-2020 20:00,1358.8108,0,0,16577.49176,24.88700765,0.016959547,0.017640114,9.463408733,0
02-05-2020 21:00,1347.2904,0,0,16436.94288,24.50693156,0.016892408,0.016655286,9.346520492,0
02-05-2020 22:00,1271.6955,0,0,15514.6851,24.18728027,0.016875942,0.017358462,9.118422502,0
02-05-2020 23:00,1201.933,0,0,14663.5826,23.90287679,0.016835922,0.018793265,8.751310532,0
02-06-2020 00:00,1142.3608,0,0,13936.80176,23.66733195,0.016759176,0.019968748,8.457514913,0
02-06-2020 01:00,1103.9886,0,0,13468.66092,23.42673136,0.016662049,0.019396146,8.118825436,0
02-06-2020 02:00,1062.8309,0,0,12966.53698,23.21057536,0.016538995,0.01890707,7.803459963,0
02-06-2020 03:00,1034.6395,0,0,12622.6019,23.04459025,0.016403858,0.018232584,7.682228861,0
02-06-2020 04:00,1033.3149,0,0,12606.44178,22.87685547,0.016277959,0.014969309,7.54742442,0
02-06-2020 05:00,1034.698,0,0,12623.3156,22.71826579,0.016161102,0.012503982,7.463426458,0
02-06-2020 06:00,1056.2,0,0,12885.64,22.66473796,0.016067253,0.012104273,7.564194863,0
02-06-2020 07:00,1142.0236,0,0,13932.68792,23.87442424,0.016152815,0.010168314,10.0904785,0
02-06-2020 08:00,1314.7732,0,0,16040.23304,25.58944092,0.016043859,0.007721365,11.26719294,0
02-06-2020 09:00,1415.8022,0,0,17272.78684,27.25323893,0.016009756,0.002394378,10.89033851,0
02-06-2020 10:00,1495.609,0,0,18246.4298,28.69578451,0.016039348,0.000818198,9.768540261,1
02-06-2020 11:00,1557.2765,0,0,18998.7733,29.80136515,0.01613981,0.001047865,8.493016487,1
02-06-2020 12:00,1576.7803,0,0,19236.71966,30.51213989,0.016364651,0.005381266,7.494601952,1
02-06-2020 13:00,1596.2461,0,0,19474.20242,30.83681641,0.016555479,0.029785156,6.958454517,1
02-06-2020 14:00,1596.1746,0,0,19473.33012,30.78311564,0.016544796,0.069885254,6.84188782,1
02-06-2020 15:00,1580.421,0,0,19281.1362,30.41676229,0.016557052,0.08787028,7.016109408,1
02-06-2020 16:00,1527.3284,0,0,18633.40648,29.83677572,0.016778049,0.07469686,7.415200555,1
02-06-2020 17:00,1378.4404,0,0,16816.97288,28.7816508,0.017005582,0.050282797,8.314011045,0
02-06-2020 18:00,1385.6505,0,0,16904.9361,27.19031169,0.017504089,0.033490499,8.586484143,0
02-06-2020 19:00,1426.5278,0,0,17403.63916,26.27223104,0.01727109,0.020804087,8.901184906,0
02-06-2020 20:00,1387.9849,0,0,16933.41578,25.62109782,0.017180887,0.012463888,8.506740563,0
02-06-2020 21:00,1342.8665,0,0,16382.9713,25.13182983,0.017127453,0.007712682,8.012874993,0
02-06-2020 22:00,1300.2816,0,0,15863.43552,24.69838867,0.017043478,0.007006009,7.860469426,0
02-06-2020 23:00,1199.3001,0,0,14631.46122,24.315861,0.016941794,0.008072694,7.804974928,0
13-02-2020 00:00,1203.0899,0,0,14677.69678,24.29674683,0.016912761,0.0280056,12.73795084,0
13-02-2020 01:00,1155.8651,0,0,14101.55422,24.16870524,0.016951914,0.031782786,12.47374062,0
13-02-2020 02:00,1111.2879,0,0,13557.71238,24.05473226,0.016953293,0.036694845,12.28047847,0
13-02-2020 03:00,1087.9015,0,0,13272.3983,23.97724813,0.016959501,0.039616903,12.20373507,0
13-02-2020 04:00,1079.7902,0,0,13173.44044,23.93520508,0.01696345,0.045552571,11.73744222,0
13-02-2020 05:00,1092.7187,0,0,13331.16814,23.90281576,0.016952839,0.048538208,11.18471274,0
13-02-2020 06:00,1120.7393,0,0,13673.01946,23.91811523,0.016940403,0.052294413,11.06305064,0
13-02-2020 07:00,1227.107,0,0,14970.7054,24.80683797,0.01698919,0.051139832,13.28047323,0
13-02-2020 08:00,1368.9912,0,0,16701.69264,26.26422526,0.016979441,0.047620137,15.19868048,0
13-02-2020 09:00,1471.1406,0,0,17947.91532,28.01381836,0.016897291,0.040702819,15.46667006,1
13-02-2020 10:00,1552.7611,0,0,18943.68542,29.58661296,0.016808025,0.034283956,14.87060464,1
13-02-2020 11:00,1588.4189,0,0,19378.71058,30.71734009,0.016986385,0.029754957,13.54376998,1
13-02-2020 12:00,1597.1785,0,0,19485.5777,31.44991455,0.017026349,0.030599434,12.24997775,1
13-02-2020 13:00,1643.14,0,0,20046.308,31.8043457,0.017021143,0.028927326,11.12164358,1
13-02-2020 14:00,1650.7056,0,0,20138.60832,31.83050944,0.016942459,0.029649655,10.24436803,1
13-02-2020 15:00,1636.6916,0,0,19967.63752,31.47894694,0.01685142,0.030673981,9.733839292,1
13-02-2020 16:00,1558.4,0,0,19012.48,30.64012044,0.016912336,0.029024761,9.864126964,1
13-02-2020 17:00,1425.3148,0,0,17388.84056,29.24722697,0.01701602,0.027784666,10.15910163,0
13-02-2020 18:00,1407.6894,0,0,17173.81068,27.39880778,0.017259768,0.023462614,9.89333592,0
13-02-2020 19:00,1440.3865,0,0,17572.7153,26.30128377,0.017262286,0.021208127,10.65285796,0
13-02-2020 20:00,1389.8774,0,0,16956.50428,25.65957031,0.017143709,0.01922226,10.99123018,0
13-02-2020 21:00,1364.9247,0,0,16652.08134,25.20258993,0.017111029,0.019493739,11.20983614,0
13-02-2020 22:00,1322.9521,0,0,16140.01562,24.84871826,0.017091265,0.02288564,11.62639899,0
13-02-2020 23:00,1258.1174,0,0,15349.03228,24.58944092,0.01704903,0.027334849,11.88243228,0
14-02-2020 00:00,1205.0728,0,0,14701.88816,24.39573568,0.016973892,0.027873994,12.16496623,0
14-02-2020 01:00,1166.5862,0,0,14232.35164,24.2257019,0.016909928,0.026467641,12.31819356,0
14-02-2020 02:00,1135.4749,0,0,13852.79378,24.09813843,0.016894658,0.030596416,12.41750234,0
14-02-2020 03:00,1093.8649,0,0,13345.15178,24.01517131,0.01686608,0.034881593,12.79689888,0
14-02-2020 04:00,1084.2786,0,0,13228.19892,23.94224447,0.01681913,0.037605285,12.74230044,0
14-02-2020 05:00,1097.6806,0,0,13391.70332,23.93760579,0.016840955,0.039010367,12.54216083,0
14-02-2020 06:00,1108.5537,0,0,13524.35514,23.93646647,0.016901215,0.041455586,12.38911793,0
14-02-2020 07:00,1221.7687,0,0,14905.57814,24.93560181,0.01703044,0.044303895,14.85339572,0
14-02-2020 08:00,1380.9472,0,0,16847.55584,26.46368815,0.016880166,0.043190003,17.53275114,0
14-02-2020 09:00,1462.3987,0,0,17841.26414,28.11065063,0.016625907,0.036130906,18.35054212,0
14-02-2020 10:00,1540.7787,0,0,18797.50014,29.50950521,0.016356852,0.036288898,18.48125743,1
14-02-2020 11:00,1559.7272,0,0,19028.67184,30.49919027,0.016236987,0.032073657,18.00004325,1
14-02-2020 12:00,1562.905,0,0,19067.441,31.04519043,0.016152364,0.031184356,17.40001756,1
14-02-2020 13:00,1584.296,0,0,19328.4112,31.19191895,0.016024902,0.035315195,17.03532902,1
14-02-2020 14:00,1605.9239,0,0,19592.27158,30.96779785,0.015928377,0.041894914,16.82565741,1
14-02-2020 15:00,1569.0205,0,0,19142.0501,30.31296183,0.015820504,0.041578929,16.76097781,1
14-02-2020 16:00,1527.4508,0,0,18634.89976,29.26362508,0.015684196,0.04042562,16.85777829,1
14-02-2020 17:00,1367.7429,0,0,16686.46338,27.86346842,0.015568961,0.033610026,16.70149184,0
14-02-2020 18:00,1336.737,0,0,16308.1914,26.22144979,0.015647623,0.033154806,15.27886809,0
14-02-2020 19:00,1428.416,0,0,17426.6752,25.27212931,0.015914929,0.03595225,14.46040542,0
14-02-2020 20:00,1381.4772,0,0,16854.02184,24.8791748,0.016169875,0.035761515,14.012962,0
14-02-2020 21:00,1329.5614,0,0,16220.64908,24.71581421,0.016415033,0.038537342,13.87916494,0
14-02-2020 22:00,1285.3698,0,0,15681.51156,24.70599772,0.016617043,0.041344961,14.02277344,0
14-02-2020 23:00,1253.9562,0,0,15298.26564,24.73169352,0.016740222,0.03989919,14.0922602,0
15-02-2020 00:00,1223.8721,0,0,14931.23962,24.68815511,0.016771054,0.037764232,14.2985037,0
15-02-2020 01:00,1195.9921,0,0,14591.10362,24.63227743,0.016750367,0.039552053,14.60758711,0
15-02-2020 02:00,1145.8274,0,0,13979.09428,24.62541097,0.016688774,0.041292826,14.93886851,0
15-02-2020 03:00,1124.2313,0,0,13715.62186,24.60256348,0.016622115,0.041931152,14.83661157,0
15-02-2020 04:00,1114.0737,0,0,13591.69914,24.50966797,0.016654602,0.039632161,14.39991224,0
15-02-2020 05:00,1100.0921,0,0,13421.12362,24.41400553,0.01671773,0.041664124,13.79292299,0
15-02-2020 06:00,1085.4113,0,0,13242.01786,24.3969869,0.01674257,0.051780701,13.55077408,0
15-02-2020 07:00,1144.4313,0,0,13962.06186,25.26590373,0.016780215,0.051239015,15.60967073,0
15-02-2020 08:00,1252.2129,0,0,15276.99738,26.71992391,0.016556216,0.043762206,18.27141571,0
15-02-2020 09:00,1351.9487,0,0,16493.77414,28.22228394,0.016252372,0.034896851,19.40647255,0
15-02-2020 10:00,1422.4914,0,0,17354.39508,29.51835531,0.015966936,0.031435649,19.72133722,0
15-02-2020 11:00,1416.3474,0,0,17279.43828,30.40548096,0.015861901,0.031082153,19.45760943,0
15-02-2020 12:00,1398.6353,0,0,17063.35066,30.89983521,0.015849393,0.031936646,18.87153739,0
15-02-2020 13:00,1400.3402,0,0,17084.15044,31.02934163,0.015855749,0.034136455,18.36524353,0
15-02-2020 14:00,1379.764,0,0,16833.1208,30.80101929,0.015807555,0.0338974,18.02889283,0
15-02-2020 15:00,1345.5193,0,0,16415.33546,30.216038,0.015753316,0.032582601,17.87303631,0
15-02-2020 16:00,1342.9457,0,0,16383.93754,29.24770508,0.015691811,0.03597641,18.28603195,0
15-02-2020 17:00,1282.7556,0,0,15649.61832,27.87661133,0.015755328,0.042256674,18.30173601,0
15-02-2020 18:00,1280.8532,0,0,15626.40904,26.33423258,0.016076046,0.049458821,16.86636534,0
15-02-2020 19:00,1342.3575,0,0,16376.7615,25.48371785,0.016423094,0.054751079,16.40598728,0
15-02-2020 20:00,1322.8651,0,0,16138.95422,25.06555583,0.016580884,0.066780091,16.77971413,0
15-02-2020 21:00,1283.7947,0,0,15662.29534,24.80297241,0.016574043,0.063416798,17.38298272,0
15-02-2020 22:00,1227.5867,0,0,14976.55774,24.58576864,0.016519531,0.054219565,17.42403352,0
15-02-2020 23:00,1199.4631,0,0,14633.44982,24.40043538,0.016462737,0.049235027,17.12739334,0
16-02-2020 00:00,1150.247,0,0,14033.0134,24.24201864,0.016452303,0.044207255,16.26363182,0
16-02-2020 01:00,1109.8514,0,0,13540.18708,24.11687622,0.016446852,0.039518992,15.69731192,0
16-02-2020 02:00,1074.8874,0,0,13113.62628,24.01054281,0.016407742,0.039741516,15.4400286,0
16-02-2020 03:00,1052.3262,0,0,12838.37964,23.89927572,0.01635115,0.04012553,15.3390876,0
16-02-2020 04:00,1042.3785,0,0,12717.0177,23.79761149,0.016287658,0.039237976,15.39022119,0
16-02-2020 05:00,1026.384,0,0,12521.8848,23.71222331,0.016242301,0.036532084,15.39897486,0
16-02-2020 06:00,1002.539,0,0,12230.9758,23.68346558,0.016213491,0.034542084,15.46864738,0
16-02-2020 07:00,1006.3978,0,0,12278.05316,24.52654419,0.016183986,0.033369064,17.53478234,0
16-02-2020 08:00,1045.3431,0,0,12753.18582,25.99771525,0.015906818,0.034101169,19.89377246,0
16-02-2020 09:00,1093.7069,0,0,13343.22418,27.58616536,0.015534663,0.029725711,20.28556115,0
16-02-2020 10:00,1159.7886,0,0,14149.42092,28.93840942,0.015302931,0.031244278,19.46694904,0
16-02-2020 11:00,1189.8894,0,0,14516.65068,29.96067708,0.015228416,0.03745842,18.35646236,0
16-02-2020 12:00,1220.4393,0,0,14889.35946,30.56519979,0.015398745,0.03911527,17.42594931,0
16-02-2020 13:00,1218.8886,0,0,14870.44092,30.83841349,0.015508294,0.037981033,17.05009065,0
16-02-2020 14:00,1234.1662,0,0,15056.82764,30.78388875,0.015494675,0.03604571,17.11582833,0
16-02-2020 15:00,1216.1235,0,0,14836.7067,30.27985026,0.015454805,0.031949361,17.40693627,0
16-02-2020 16:00,1200.1023,0,0,14641.24806,29.22728882,0.015473646,0.030008316,18.03352161,0
16-02-2020 17:00,1178.6409,0,0,14379.41898,27.76290283,0.015531799,0.031218211,18.20482906,0
16-02-2020 18:00,1195.3183,0,0,14582.88326,26.13910319,0.015853506,0.037938436,16.78097379,0
16-02-2020 19:00,1266.1074,0,0,15446.51028,25.25196737,0.016270578,0.052027385,15.76918136,0
16-02-2020 20:00,1252.292,0,0,15277.9624,24.91677246,0.016530245,0.054697672,15.19626538,0
16-02-2020 21:00,1269.1213,0,0,15483.27986,24.77565918,0.01668575,0.052607218,15.25631481,0
16-02-2020 22:00,1250.1639,0,0,15251.99958,24.69888713,0.016799677,0.046661377,15.29125124,0
16-02-2020 23:00,1203.5902,0,0,14683.80044,24.63122965,0.016903907,0.045237223,15.33352899,0
17-02-2020 00:00,1146.8723,0,0,13991.84206,24.57209676,0.016901987,0.053243002,15.63660741,0
17-02-2020 01:00,1115.825,0,0,13613.065,24.49859009,0.016851991,0.057484945,15.77360433,0
17-02-2020 02:00,1096.4228,0,0,13376.35816,24.42069906,0.016819701,0.060216268,15.54863424,0
17-02-2020 03:00,1049.2292,0,0,12800.59624,24.37646891,0.016797123,0.062647502,15.40654772,0
17-02-2020 04:00,1026.4435,0,0,12522.6107,24.35981649,0.016780203,0.061981201,15.09435752,0
17-02-2020 05:00,1063.5448,0,0,12975.24656,24.35386556,0.016777856,0.060846966,14.932801,0
17-02-2020 06:00,1111.3561,0,0,13558.54442,24.38033447,0.01676446,0.05406189,15.2050372,0
17-02-2020 07:00,1208.9692,0,0,14749.42424,25.21527507,0.016761287,0.04326121,17.5063196,0
17-02-2020 08:00,1385.1949,0,0,16899.37778,26.69755452,0.016508951,0.037011464,20.1466403,0
17-02-2020 09:00,1478.0012,0,0,18031.61464,28.24407349,0.016226905,0.028254827,20.98481324,1
17-02-2020 10:00,1544.8569,0,0,18847.25418,29.5286499,0.016076839,0.021615346,21.19035598,1
17-02-2020 11:00,1555.0696,0,0,18971.84912,30.4203125,0.016072793,0.02047348,21.12478369,1
17-02-2020 12:00,1561.4265,0,0,19049.4033,30.92120768,0.016100188,0.018697739,21.0119335,1
17-02-2020 13:00,1565.0393,0,0,19093.47946,31.10654093,0.016070477,0.019725163,20.90164997,1
17-02-2020 14:00,1563.0816,0,0,19069.59552,30.86385498,0.016048508,0.020727793,20.71503727,1
17-02-2020 15:00,1552.6228,0,0,18941.99816,30.19607951,0.016021451,0.020042737,20.325246,1
17-02-2020 16:00,1502.7979,0,0,18334.13438,29.24634196,0.016009828,0.021613439,19.58119712,1
17-02-2020 17:00,1375.2628,0,0,16778.20616,28.0395752,0.016009946,0.02249972,18.36905483,0
17-02-2020 18:00,1351.367,0,0,16486.6774,26.66589762,0.016169102,0.026374817,16.37340534,0
17-02-2020 19:00,1391.3269,0,0,16974.18818,25.90785116,0.016456837,0.03113238,15.55641092,0
17-02-2020 20:00,1367.7411,0,0,16686.44142,25.52181396,0.016650603,0.030497233,15.28002969,0
17-02-2020 21:00,1341.8236,0,0,16370.24792,25.27523193,0.016788515,0.026431401,14.94248339,0
17-02-2020 22:00,1284.6254,0,0,15672.42988,25.09401855,0.016893588,0.022768021,15.12804923,0
17-02-2020 23:00,1222.4309,0,0,14913.65698,24.93835856,0.016940493,0.021900813,15.6047189,0
18-02-2020 00:00,1170.8583,0,0,14284.47126,24.81454875,0.016956232,0.023083369,15.60990923,0
18-02-2020 01:00,1120.5386,0,0,13670.57092,24.73816325,0.016941761,0.023111344,15.57039,0
18-02-2020 02:00,1096.5901,0,0,13378.39922,24.69729004,0.016864299,0.02872467,15.68370944,0
18-02-2020 03:00,1085.4182,0,0,13242.10204,24.64632568,0.016826474,0.034111023,15.71626837,0
18-02-2020 04:00,1056.9963,0,0,12895.35486,24.6125529,0.016760128,0.034848531,15.69878896,0
18-02-2020 05:00,1071.7506,0,0,13075.35732,24.58994954,0.016622292,0.029649417,15.51956651,0
18-02-2020 06:00,1095.7904,0,0,13368.64288,24.59717204,0.0164666,0.0250597,15.27491215,0
18-02-2020 07:00,1203.9831,0,0,14688.59382,25.39103597,0.016359202,0.021259944,16.79418782,0
18-02-2020 08:00,1362.5135,0,0,16622.6647,26.78007406,0.016178045,0.017424265,18.56195611,0
18-02-2020 09:00,1467.7407,0,0,17906.43654,28.26438802,0.0160376,0.015498797,18.87209538,0
18-02-2020 10:00,1536.7553,0,0,18748.41466,29.59090576,0.015976069,0.017725627,18.66643151,1
18-02-2020 11:00,1570.9491,0,0,19165.57902,30.51882324,0.016067264,0.027772268,18.26353982,1
18-02-2020 12:00,1571.3427,0,0,19170.38094,30.92647705,0.016199854,0.043665568,17.73069991,1
18-02-2020 13:00,1587.7519,0,0,19370.57318,31.00416463,0.016186618,0.048821449,17.45095108,1
18-02-2020 14:00,1599.5439,0,0,19514.43558,30.70873413,0.01622485,0.047492027,17.31041914,1
18-02-2020 15:00,1577.6797,0,0,19247.69234,30.143691,0.016257216,0.041043916,17.26577029,1
18-02-2020 16:00,1521.1883,0,0,18558.49726,29.36826986,0.016277261,0.028774262,17.53634713,1
18-02-2020 17:00,1387.5134,0,0,16927.66348,28.18889771,0.016339607,0.028519948,17.41232244,0
18-02-2020 18:00,1358.3366,0,0,16571.70652,26.77563883,0.016566281,0.032295863,16.16325534,0
18-02-2020 19:00,1415.3426,0,0,17267.17972,25.96609904,0.01689745,0.03381157,15.87624234,0
18-02-2020 20:00,1388.2702,0,0,16936.89644,25.60622559,0.017144838,0.032437006,15.74019708,0
18-02-2020 21:00,1362.9886,0,0,16628.46092,25.43364868,0.017328944,0.030623755,15.68830341,0
18-02-2020 22:00,1311.4824,0,0,16000.08528,25.31699015,0.01741179,0.029151916,15.60022101,0
18-02-2020 23:00,1252.3338,0,0,15278.47236,25.19483846,0.017440927,0.029893874,15.2866216,0
19-02-2020 00:00,1186.807,0,0,14479.0454,25.0767863,0.017477229,0.030414421,15.16353352,0
19-02-2020 01:00,1148.0116,0,0,14005.74152,24.95640462,0.017518599,0.02966404,15.10764633,0
19-02-2020 02:00,1104.8316,0,0,13478.94552,24.85603231,0.017483629,0.032363177,15.34959473,0
19-02-2020 03:00,1072.1149,0,0,13079.80178,24.78515015,0.017418031,0.032647292,15.65680602,0
19-02-2020 04:00,1074.0594,0,0,13103.52468,24.75315755,0.017375149,0.032032013,15.67691232,0
19-02-2020 05:00,1134.2519,0,0,13837.87318,24.73509115,0.017344764,0.032686869,15.47458675,0
19-02-2020 06:00,1141.9718,0,0,13932.05596,24.76316732,0.017331959,0.034637451,15.29034831,0
19-02-2020 07:00,1255.1951,0,0,15313.38022,25.64628499,0.017385076,0.034220378,16.72374998,0
19-02-2020 08:00,1414.5186,0,0,17257.12692,27.21545817,0.017175703,0.029612224,18.73155101,0
19-02-2020 09:00,1516.6012,0,0,18502.53464,28.85296021,0.016895288,0.021757762,18.97468735,1
19-02-2020 10:00,1557.7329,0,0,19004.34138,30.25433757,0.016699078,0.019908587,18.16202777,1
19-02-2020 11:00,1609.9567,0,0,19641.47174,31.23250732,0.016708924,0.02123038,17.19793704,1
19-02-2020 12:00,1609.159,0,0,19631.7398,31.84119059,0.016736178,0.027141571,16.72097614,1
19-02-2020 13:00,1645.6833,0,0,20077.33626,32.11243083,0.016809191,0.032832145,16.68448844,1
19-02-2020 14:00,1685.5779,0,0,20564.05038,31.96324056,0.016849473,0.03189977,16.9286527,1
19-02-2020 15:00,1684.9201,0,0,20556.02522,31.32340902,0.016833452,0.026917776,17.2453024,1
19-02-2020 16:00,1586.0824,0,0,19350.20528,30.24932251,0.016753917,0.024751663,17.57502255,1
19-02-2020 17:00,1450.0592,0,0,17690.72224,28.80390828,0.016738308,0.025590261,17.28874686,0
19-02-2020 18:00,1454.1158,0,0,17740.21276,27.24027913,0.016974547,0.030719756,15.74108119,0
19-02-2020 19:00,1494.8903,0,0,18237.66166,26.35490316,0.017259378,0.032250723,14.95743521,1
19-02-2020 20:00,1466.3152,0,0,17889.04544,25.96260986,0.017364084,0.035303752,14.74497131,0
19-02-2020 21:00,1430.2327,0,0,17448.83894,25.71161296,0.017419521,0.038439433,14.97465014,0
19-02-2020 22:00,1395.0289,0,0,17019.35258,25.48314819,0.017429572,0.039604187,15.33210964,0
19-02-2020 23:00,1349.4845,0,0,16463.7109,25.23216146,0.017394661,0.041194915,15.4654589,0
20-02-2020 00:00,1289.6556,0,0,15733.79832,24.99245605,0.01734789,0.04443868,15.2877926,0
20-02-2020 01:00,1239.4978,0,0,15121.87316,24.78933105,0.017281527,0.045949301,15.12611696,0
20-02-2020 02:00,1196.9598,0,0,14602.90956,24.61604207,0.017203446,0.048128764,14.85318521,0
20-02-2020 03:00,1163.2612,0,0,14191.78664,24.47719727,0.017112815,0.048728943,14.71268406,0
20-02-2020 04:00,1109.5308,0,0,13536.27576,24.3713623,0.017048417,0.047439575,14.07199193,0
20-02-2020 05:00,1113.201,0,0,13581.0522,24.29756063,0.017004953,0.046613058,13.31069896,0
20-02-2020 06:00,1117.9668,0,0,13639.19496,24.31240234,0.016959239,0.04633077,12.61052116,0
20-02-2020 07:00,1222.8037,0,0,14918.20514,25.30159912,0.016946952,0.05633545,14.26185004,0
20-02-2020 08:00,1390.757,0,0,16967.2354,26.85720215,0.01654398,0.07210795,16.73340738,0
20-02-2020 09:00,1462.3895,0,0,17841.1519,28.47086995,0.016170747,0.069213867,17.22806049,0
20-02-2020 10:00,1574.0158,0,0,19202.99276,29.86177979,0.015956802,0.061045329,17.21608464,1
20-02-2020 11:00,1589.317,0,0,19389.6674,30.88695679,0.016043861,0.051793416,16.73376351,1
20-02-2020 12:00,1583.6087,0,0,19320.02614,31.58188273,0.01598967,0.053059896,16.10436993,1
20-02-2020 13:00,1603.5906,0,0,19563.80532,31.85880941,0.015949425,0.058334351,15.55055322,1
20-02-2020 14:00,1635.6343,0,0,19954.73846,31.7307373,0.015937178,0.061813355,15.21662385,1
20-02-2020 15:00,1555.2413,0,0,18973.94386,31.20994466,0.015934253,0.065938314,14.98324093,1
20-02-2020 16:00,1502.5116,0,0,18330.64152,30.26477458,0.015943579,0.0699056,15.12180906,1
20-02-2020 17:00,1406.7305,0,0,17162.1121,28.87675374,0.016062123,0.064234416,14.84453849,0
20-02-2020 18:00,1366.8386,0,0,16675.43092,27.20335286,0.016484153,0.065040589,13.50619994,0
20-02-2020 19:00,1403.3114,0,0,17120.39908,26.15394491,0.016879242,0.070330301,12.82018924,0
20-02-2020 20:00,1374.7285,0,0,16771.6877,25.56426392,0.017036428,0.086898804,12.6159298,0
20-02-2020 21:00,1347.8767,0,0,16444.09574,25.14937744,0.017080309,0.090972899,12.74499533,0
20-02-2020 22:00,1303.7806,0,0,15906.12332,24.82014364,0.017027815,0.083206177,12.79301961,0
20-02-2020 23:00,1255.2243,0,0,15313.73646,24.52997233,0.016986292,0.071655273,12.59053383,0
21-02-2020 00:00,1192.692,0,0,14550.8424,24.26001383,0.016895526,0.06681315,12.03450155,0
21-02-2020 01:00,1151.8518,0,0,14052.59196,23.98100179,0.016801236,0.063959758,11.00555025,0
21-02-2020 02:00,1116.6339,0,0,13622.93358,23.75315755,0.016721459,0.062321981,10.67677935,0
21-02-2020 03:00,1093.2381,0,0,13337.50482,23.53240356,0.016624386,0.061131797,10.82596705,0
21-02-2020 04:00,1072.7997,0,0,13088.15634,23.37935791,0.016521581,0.062616984,10.8906806,0
21-02-2020 05:00,1093.5626,0,0,13341.46372,23.29525146,0.016439778,0.063369752,10.83485635,0
21-02-2020 06:00,1124.0454,0,0,13713.35388,23.32270711,0.016424983,0.064997355,10.91458147,0
21-02-2020 07:00,1193.436,0,0,14559.9192,24.45673014,0.016492906,0.070378623,13.51403393,0
21-02-2020 08:00,1377.4384,0,0,16804.74848,26.07855632,0.016185752,0.072804768,16.26311171,0
21-02-2020 09:00,1439.1814,0,0,17558.01308,27.80652262,0.01566565,0.07106018,16.79929521,0
21-02-2020 10:00,1535.0523,0,0,18727.63806,29.3096049,0.015194712,0.066146849,16.64551141,1
21-02-2020 11:00,1551.7413,0,0,18931.24386,30.38733317,0.015048653,0.066055297,16.14792006,1
21-02-2020 12:00,1561.6915,0,0,19052.6363,31.05020549,0.01518234,0.07431539,15.69976181,1
21-02-2020 13:00,1573.9029,0,0,19201.61538,31.37044678,0.015167531,0.07425944,15.69054379,1
21-02-2020 14:00,1581.7206,0,0,19296.99132,31.3177124,0.015067224,0.063201904,15.83103652,1
21-02-2020 15:00,1549.7927,0,0,18907.47094,30.89787191,0.01494147,0.05804952,15.88896841,1
21-02-2020 16:00,1474.1693,0,0,17984.86546,29.96704508,0.014939195,0.066268922,15.91027627,1
21-02-2020 17:00,1353.6326,0,0,16514.31772,28.47388102,0.015204865,0.056096394,15.45656786,0
21-02-2020 18:00,1336.7688,0,0,16308.57936,26.77388916,0.015777378,0.057838441,14.13515707,0
21-02-2020 19:00,1371.2031,0,0,16728.67782,25.76276042,0.01612431,0.068545023,13.73902094,0
21-02-2020 20:00,1358.7625,0,0,16576.9025,25.21003621,0.016385218,0.070134482,13.39072793,0
21-02-2020 21:00,1318.927,0,0,16090.9094,24.85516764,0.016576009,0.068481445,12.64825714,0
21-02-2020 22:00,1267.1731,0,0,15459.51182,24.63789266,0.016637053,0.068283081,12.27912189,0
21-02-2020 23:00,1196.7891,0,0,14600.82702,24.47120565,0.016623989,0.072835287,12.38127824,0
22-02-2020 00:00,1162.9965,1,0,14188.5573,24.30575968,0.016577608,0.078781128,12.67724647,0
22-02-2020 01:00,1117.9296,1,0,13638.74112,24.11515706,0.016490584,0.078404743,12.96536236,0
22-02-2020 02:00,1083.2062,1,0,13215.11564,23.91379191,0.016361674,0.07111613,13.11655396,0
22-02-2020 03:00,1056.1933,1,0,12885.55826,23.76524251,0.016181861,0.069035848,13.20631937,0
22-02-2020 04:00,1051.2562,1,0,12825.32564,23.71398315,0.015993007,0.079538981,13.06261426,0
22-02-2020 05:00,1046.2197,1,0,12763.88034,23.68302816,0.015823294,0.075190226,12.8307866,0
22-02-2020 06:00,1025.9437,1,0,12516.51314,23.66386312,0.015732616,0.065694173,12.28920923,0
22-02-2020 07:00,1066.3884,1,0,13009.93848,24.54108073,0.01562837,0.057088217,14.26537433,0
22-02-2020 08:00,1158.2919,1,0,14131.16118,26.11035563,0.01524739,0.051864624,16.43528629,0
22-02-2020 09:00,1226.1651,1,0,14959.21422,27.76535441,0.014806855,0.043950399,16.56697157,0
22-02-2020 10:00,1279.4376,1,0,15609.13872,29.18410645,0.014399264,0.03793335,16.03843404,0
22-02-2020 11:00,1304.2065,1,0,15911.3193,30.29796753,0.014217501,0.032295227,15.33986453,0
22-02-2020 12:00,1293.4942,1,0,15780.62924,31.01078695,0.014217522,0.031593323,14.82138624,0
22-02-2020 13:00,1301.4581,1,0,15877.78882,31.34727376,0.014095452,0.037570953,14.67149076,0
22-02-2020 14:00,1286.5912,1,0,15696.41264,31.25363566,0.014037264,0.040789286,14.70018478,0
22-02-2020 15:00,1271.7583,1,0,15515.45126,30.72138875,0.01404482,0.035356839,15.01032542,0
22-02-2020 16:00,1251.7058,1,0,15270.81076,29.70021973,0.014123973,0.0280598,15.54482598,0
22-02-2020 17:00,1216.4239,1,0,14840.37158,28.24007568,0.014296489,0.02334404,15.78797902,0
22-02-2020 18:00,1234.9542,1,0,15066.44124,26.59632772,0.014618187,0.023977916,14.55060735,0
22-02-2020 19:00,1290.0327,1,0,15738.39894,25.56213786,0.015007805,0.031241098,13.71112429,0
22-02-2020 20:00,1259.8657,1,0,15370.36154,24.97271118,0.015343381,0.03433164,12.88836847,0
22-02-2020 21:00,1231.9858,1,0,15030.22676,24.61044718,0.015513013,0.037834167,12.49583561,0
22-02-2020 22:00,1163.2356,1,0,14191.47432,24.30418294,0.015569968,0.038267771,12.16595586,0
22-02-2020 23:00,1145.518,1,0,13975.3196,24.02237345,0.015565024,0.036437511,12.12934266,0
23-02-2020 00:00,1096.1568,1,0,13373.11296,23.75900675,0.015512619,0.032273491,12.39059368,0
23-02-2020 01:00,1050.9528,1,0,12821.62416,23.50249634,0.015441089,0.030132015,12.44861943,0
23-02-2020 02:00,1014.6855,1,0,12379.1631,23.2739502,0.015334004,0.025966734,12.41312386,0
23-02-2020 03:00,987.9417,1,0,12052.88874,23.04127401,0.015206613,0.024309913,12.27228068,0
23-02-2020 04:00,969.6099,1,0,11829.24078,22.82526042,0.015084267,0.02271676,11.62778644,0
23-02-2020 05:00,965.6636,1,0,11781.09592,22.63548177,0.014967971,0.019906045,10.93420254,0
23-02-2020 06:00,932.3127,1,0,11374.21494,22.61966349,0.014882317,0.018845876,10.84623437,0
23-02-2020 07:00,929.5131,1,0,11340.05982,23.95001628,0.014767758,0.017546336,13.48774392,0
23-02-2020 08:00,983.5483,1,0,11999.28926,25.7457723,0.014348275,0.011580149,15.17169528,0
23-02-2020 09:00,1001.5092,1,0,12218.41224,27.4782959,0.013748304,0.007551829,14.80884179,0
23-02-2020 10:00,1044.1741,1,0,12738.92402,29.04817098,0.013134249,0.004986684,14.4909449,0
23-02-2020 11:00,1074.4196,1,0,13107.91912,30.29187419,0.012783204,0.003485997,14.20918378,0
23-02-2020 12:00,1105.6815,1,0,13489.3143,31.1004069,0.012820993,0.002997438,13.7319453,0
23-02-2020 13:00,1106.3071,1,0,13496.94662,31.51927083,0.01274062,0.002821103,13.44572181,0
23-02-2020 14:00,1109.502,1,0,13535.9244,31.47546794,0.012787754,0.002755523,13.47748558,0
23-02-2020 15:00,1083.7053,1,0,13221.20466,30.9273112,0.012919692,0.002880196,13.87666819,0
23-02-2020 16:00,1073.1319,1,0,13092.20918,29.84753825,0.013050596,0.003943761,14.89561921,0
23-02-2020 17:00,1057.9506,1,0,12906.99732,28.21691284,0.013321756,0.004707654,15.91454292,0
23-02-2020 18:00,1091.4312,1,0,13315.46064,26.31784465,0.013797737,0.005110423,15.57550884,0
23-02-2020 19:00,1156.1417,1,0,14104.92874,25.15990601,0.014080716,0.006544431,15.17765264,0
23-02-2020 20:00,1164.5873,1,0,14207.96506,24.52575073,0.014435123,0.006683032,14.48115178,0
23-02-2020 21:00,1124.563,1,0,13719.6686,24.12296956,0.014643859,0.007336299,13.70666189,0
23-02-2020 22:00,1096.2682,1,0,13374.47204,23.81620687,0.014749556,0.010574897,13.4000211,0
23-02-2020 23:00,1062.9421,1,0,12967.89362,23.55202637,0.014790038,0.013943533,13.32335972,0
24-02-2020 00:00,1002.4498,1,0,12229.88756,23.32054036,0.014784056,0.015482883,13.33517031,0
24-02-2020 01:00,972.9388,1,0,11869.85336,23.10445557,0.014770106,0.017213424,13.18496132,0
24-02-2020 02:00,953.6988,1,0,11635.12536,22.90843099,0.014740961,0.021649043,12.98419684,0
24-02-2020 03:00,931.2794,1,0,11361.60868,22.75945435,0.014719811,0.027158737,12.81071071,0
24-02-2020 04:00,923.8571,1,0,11271.05662,22.62213542,0.014703536,0.028501511,12.09764724,0
24-02-2020 05:00,925.5955,1,0,11292.2651,22.41767782,0.014684432,0.028985341,10.90568406,0
24-02-2020 06:00,920.364,1,0,11228.4408,22.38348796,0.01466882,0.029676119,10.43162206,0
24-02-2020 07:00,942.5303,1,0,11498.86966,23.75782674,0.01463324,0.029265085,13.03732083,0
24-02-2020 08:00,1022.3523,1,0,12472.69806,25.67947795,0.014370481,0.01897494,15.08189347,0
24-02-2020 09:00,1058.4544,1,0,12913.14368,27.5237264,0.013978309,0.012058894,14.53679479,0
24-02-2020 10:00,1108.5793,1,0,13524.66746,29.14769897,0.013591259,0.008874178,13.32102444,0
24-02-2020 11:00,1147.9815,1,0,14005.3743,30.45727946,0.013396987,0.008014202,12.08939363,0
24-02-2020 12:00,1150.1675,1,0,14032.0435,31.32124227,0.013659975,0.010308742,10.92548051,0
24-02-2020 13:00,1161.4992,1,0,14170.29024,31.81686808,0.013631788,0.015215715,10.27222197,0
24-02-2020 14:00,1180.5105,1,0,14402.2281,31.91904093,0.013429517,0.022850911,10.25888056,0
24-02-2020 15:00,1181.748,1,0,14417.3256,31.53613688,0.013465839,0.026747346,10.47386671,0
24-02-2020 16:00,1141.7735,1,0,13929.6367,30.5608256,0.01370774,0.033868869,10.54979341,0
24-02-2020 17:00,1127.7016,1,0,13757.95952,29.12246094,0.014048855,0.034861167,10.26275935,0
24-02-2020 18:00,1153.0531,1,0,14067.24782,27.24158122,0.01455157,0.034692288,8.995503161,0
24-02-2020 19:00,1216.7332,1,0,14844.14504,26.09746704,0.014878964,0.030575592,8.933552016,0
24-02-2020 20:00,1198.9097,1,0,14626.69834,25.33988851,0.015148044,0.026667595,8.668547067,0
24-02-2020 21:00,1187.0736,1,0,14482.29792,24.72729899,0.015180172,0.022231897,7.813177117,0
24-02-2020 22:00,1134.5014,1,0,13840.91708,24.27655436,0.015362735,0.015112559,6.787477281,0
24-02-2020 23:00,1067.8735,1,0,13028.0567,23.86867676,0.015456519,0.00934275,6.124264103,0
25-02-2020 00:00,1034.5607,1,0,12621.64054,23.4883667,0.015473279,0.007116675,5.779712141,0
25-02-2020 01:00,996.5772,1,0,12158.24184,23.14457601,0.015441961,0.006318092,5.70728613,0
25-02-2020 02:00,960.6581,1,0,11720.02882,22.85319417,0.015355754,0.006799678,5.985446332,0
25-02-2020 03:00,934.2205,1,0,11397.4901,22.62964274,0.015253003,0.007233798,6.430613621,0
25-02-2020 04:00,916.6259,1,0,11182.83598,22.44170532,0.015158729,0.007416695,6.481935626,0
25-02-2020 05:00,916.1541,1,0,11177.08002,22.26662598,0.015073143,0.007955233,6.21097833,0
25-02-2020 06:00,898.0303,1,0,10955.96966,22.25622965,0.015024531,0.007409821,6.143582992,0
25-02-2020 07:00,894.5818,1,0,10913.89796,23.61248169,0.014997713,0.005641147,8.244139247,0
25-02-2020 08:00,967.1454,1,0,11799.17388,25.58389689,0.014553948,0.003577491,8.30874921,0
25-02-2020 09:00,967.3002,1,0,11801.06244,27.53717448,0.014129247,0.002118851,7.108012091,0
25-02-2020 10:00,1021.2279,1,0,12458.98038,29.3318929,0.013888785,0.003453754,6.136132911,0
25-02-2020 11:00,1088.4434,1,0,13279.00948,30.73983154,0.013926559,0.008215008,5.697717507,0
25-02-2020 12:00,1100.0225,1,0,13420.2745,31.68014933,0.01407981,0.022685409,5.49189208,0
25-02-2020 13:00,1110.4411,1,0,13547.38142,32.18760579,0.01422409,0.0370423,5.943951894,0
25-02-2020 14:00,1106.1222,1,0,13494.69084,32.25513102,0.01427441,0.057123819,6.949752893,0
25-02-2020 15:00,1103.1548,1,0,13458.48856,31.62270508,0.014354068,0.087361653,7.914636993,0
25-02-2020 16:00,1094.6718,1,0,13354.99596,30.72690226,0.014624339,0.103378296,8.956821764,0
25-02-2020 17:00,1071.0669,1,0,13067.01618,29.36084391,0.015183677,0.106847125,9.310397426,0
25-02-2020 18:00,1120.6096,1,0,13671.43712,27.72713623,0.016154235,0.105189005,8.895825454,0
25-02-2020 19:00,1210.9854,1,0,14774.02188,26.79154867,0.016555167,0.105086645,8.610963035,0
25-02-2020 20:00,1208.1143,1,0,14738.99446,26.08897298,0.016875652,0.102670668,8.012451345,0
25-02-2020 21:00,1188.6198,1,0,14501.16156,25.60116984,0.017035127,0.09366544,7.264921565,0
25-02-2020 22:00,1144.7781,1,0,13966.29282,25.22636312,0.017083061,0.079954784,6.743255591,0
25-02-2020 23:00,1097.7185,1,0,13392.1657,24.89813639,0.017029842,0.067857106,6.563672793,0
26-02-2020 00:00,1056.0467,1,0,12883.76974,24.58748779,0.016923762,0.06399409,6.668592381,0
26-02-2020 01:00,1026.6563,1,0,12525.20686,24.28557739,0.016797569,0.061485927,6.675743286,0
26-02-2020 02:00,1006.0293,1,0,12273.55746,23.98880412,0.016667714,0.063922881,6.466778925,0
26-02-2020 03:00,975.7818,1,0,11904.53796,23.72328084,0.016555697,0.065797171,6.093539795,0
26-02-2020 04:00,958.02,1,0,11687.844,23.52312622,0.016441363,0.063290277,5.666945856,0
26-02-2020 05:00,968.0784,1,0,11810.55648,23.35209554,0.016350069,0.058784166,5.205122855,0
26-02-2020 06:00,974.3331,1,0,11886.86382,23.29442749,0.016286861,0.053208352,5.010133844,0
26-02-2020 07:00,1030.0182,1,0,12566.22204,24.20616048,0.016302219,0.04917558,6.645990136,0
26-02-2020 08:00,1143.749,1,0,13953.7378,25.83955282,0.015908076,0.04988861,6.765498094,0
26-02-2020 09:00,1237.6256,1,0,15099.03232,27.812382,0.015175833,0.053126654,5.802660616,0
26-02-2020 10:00,1329.3395,1,0,16217.9419,29.48659668,0.014873295,0.064114254,4.601227339,0
26-02-2020 11:00,1385.2889,1,0,16900.52458,30.76424561,0.01478197,0.079896292,3.711485702,0
26-02-2020 12:00,1421.0137,1,0,17336.36714,31.55298258,0.014803987,0.098370871,4.531708712,0
26-02-2020 13:00,1454.4199,1,0,17743.92278,31.7634318,0.014868436,0.111729942,5.596719097,0
26-02-2020 14:00,1473.9188,1,0,17981.80936,31.75167236,0.01499557,0.127675375,6.520527972,1
26-02-2020 15:00,1435.8171,1,0,17516.96862,31.3244873,0.015079661,0.148793538,7.09150502,0
26-02-2020 16:00,1367.244,1,0,16680.3768,30.59298096,0.015228428,0.162648517,7.405838982,0
26-02-2020 17:00,1286.5524,1,0,15695.93928,29.42541911,0.015642783,0.157969157,7.391561124,0
26-02-2020 18:00,1305.9084,1,0,15932.08248,28.04286092,0.016449989,0.145334882,7.051946156,0
26-02-2020 19:00,1353.2472,1,0,16509.61584,27.10930786,0.017001487,0.128237406,7.144709272,0
26-02-2020 20:00,1343.0515,1,0,16385.2283,26.45788981,0.017143549,0.107151031,7.229672564,0
26-02-2020 21:00,1303.7397,1,0,15905.62434,25.89378255,0.017339293,0.082855224,7.297437605,0
26-02-2020 22:00,1244.1982,1,0,15179.21804,25.43691406,0.017402976,0.062562307,7.079814674,0
26-02-2020 23:00,1190.7654,1,0,14527.33788,25.05906576,0.017355131,0.047368368,6.5605038,0
27-02-2020 00:00,1120.4746,0,0,13669.79012,24.76388957,0.017241574,0.0360171,6.043977924,0
27-02-2020 01:00,1085.2949,0,0,13240.59778,24.54145711,0.01711233,0.029866536,5.713888389,0
27-02-2020 02:00,1049.3052,0,0,12801.52344,24.30822144,0.016997202,0.024584453,5.50165359,0
27-02-2020 03:00,1051.5791,0,0,12829.26502,24.05916748,0.016879808,0.021873474,5.421143884,0
27-02-2020 04:00,1038.5607,0,0,12670.44054,23.82813924,0.016752698,0.01832962,5.444957546,0
27-02-2020 05:00,1046.109,0,0,12762.5298,23.60518799,0.016612671,0.015408834,5.600912898,0
27-02-2020 06:00,1063.0691,0,0,12969.44302,23.55544434,0.016467486,0.013682048,6.203445753,0
27-02-2020 07:00,1183.8781,0,0,14443.31282,24.78631999,0.016304511,0.01102829,9.095085018,0
27-02-2020 08:00,1359.2189,0,0,16582.47058,26.48848877,0.015828944,0.007540703,9.90276669,0
27-02-2020 09:00,1447.4663,0,0,17659.08886,28.28797811,0.015297336,0.007653554,9.479323214,0
27-02-2020 10:00,1523.7417,0,0,18589.64874,29.95575358,0.014894309,0.009993871,9.194323451,1
27-02-2020 11:00,1572.2805,0,0,19181.8221,31.27690023,0.014854953,0.011287053,8.904267975,1
27-02-2020 12:00,1578.4043,0,0,19256.53246,32.18507284,0.014873757,0.01076889,9.07576468,1
27-02-2020 13:00,1623.5005,0,0,19806.7061,32.75762329,0.01459509,0.014823913,9.761493311,1
27-02-2020 14:00,1628.8311,0,0,19871.73942,32.81596273,0.014391632,0.01769638,10.70814104,1
27-02-2020 15:00,1579.9664,0,0,19275.59008,32.325118,0.014306497,0.031340917,11.51773403,1
27-02-2020 16:00,1522.6905,0,0,18576.8241,31.33942057,0.014433703,0.028966268,11.82829822,1
27-02-2020 17:00,1397.7853,0,0,17052.98066,29.86450602,0.014716088,0.024606705,11.54064255,0
27-02-2020 18:00,1370.7554,0,0,16723.21588,27.92843018,0.015363786,0.025272369,10.30198024,0
27-02-2020 19:00,1428.5767,0,0,17428.63574,26.60488281,0.015716398,0.036174774,9.855007922,0
27-02-2020 20:00,1380.9023,0,0,16847.00806,25.79802856,0.015853265,0.04419581,9.958606906,0
27-02-2020 21:00,1354.939,0,0,16530.2558,25.25757243,0.016014907,0.045049032,9.587462161,0
27-02-2020 22:00,1307.7019,0,0,15953.96318,24.85783285,0.016130048,0.047654469,9.516864033,0
27-02-2020 23:00,1232.3307,0,0,15034.43454,24.55261637,0.016163746,0.04948171,9.975889335,0
28-02-2020 00:00,1177.5057,0,0,14365.56954,24.29460042,0.016151002,0.050005595,10.53448525,0
28-02-2020 01:00,1134.0441,0,0,13835.33802,24.07363281,0.016092471,0.050356547,11.1161601,0
28-02-2020 02:00,1099.4325,0,0,13413.0765,23.89257202,0.015995817,0.047475179,11.77858143,0
28-02-2020 03:00,1103.8236,0,0,13466.64792,23.75139771,0.01592081,0.042218526,12.24980721,0
28-02-2020 04:00,1192.7134,0,0,14551.10348,23.6237325,0.015864859,0.038818359,12.12699348,0
28-02-2020 05:00,1209.0651,0,0,14750.59422,23.50833537,0.015820332,0.036204021,11.85261423,0
28-02-2020 06:00,1251.2361,0,0,15265.08042,23.4873291,0.015784769,0.033772787,11.86589366,0
28-02-2020 07:00,1339.3083,0,0,16339.56126,24.52782593,0.015686497,0.03162384,14.43022952,0
28-02-2020 08:00,1520.3095,0,0,18547.7759,26.33177083,0.015199188,0.028226216,16.75325431,1
28-02-2020 09:00,1606.742,0,0,19602.2524,28.17172648,0.014672512,0.020759583,17.06394109,1
28-02-2020 10:00,1675.5947,0,0,20442.25534,29.77254639,0.014332601,0.01749293,16.87150414,1
28-02-2020 11:00,1718.2346,0,0,20962.46212,30.99063517,0.014327879,0.017782847,16.46715369,1
28-02-2020 12:00,1723.5715,0,0,21027.5723,31.74615885,0.014534446,0.021991729,16.2645711,1
28-02-2020 13:00,1726.4,0,0,21062.08,32.07192383,0.014669821,0.025241852,16.3786611,1
28-02-2020 14:00,1738.0386,0,0,21204.07092,31.96865234,0.014782444,0.026687304,16.6680472,1
28-02-2020 15:00,1707.7741,0,0,20834.84402,31.42002767,0.014822674,0.028681119,16.90551156,1
28-02-2020 16:00,1599.5587,0,0,19514.61614,30.31937052,0.014877041,0.034657796,17.11016545,1
28-02-2020 17:00,1483.0212,0,0,18092.85864,28.75824382,0.014986363,0.037200928,17.09200204,1
28-02-2020 18:00,1472.3079,0,0,17962.15638,27.02997233,0.015196507,0.043502808,16.02126313,1
28-02-2020 19:00,1480.6516,0,0,18063.94952,25.89793294,0.015464338,0.049471536,15.37003053,1
28-02-2020 20:00,1436.8998,0,0,17530.17756,25.23658651,0.0157766,0.053092956,14.78947853,0
28-02-2020 21:00,1364.4908,0,0,16646.78776,24.90895996,0.015980665,0.057896932,14.61469674,0
28-02-2020 22:00,1264.0725,0,0,15421.6845,24.7362915,0.016126535,0.06034851,14.83642957,0
28-02-2020 23:00,1240.9742,0,0,15139.88524,24.60077311,0.016259681,0.059987386,15.032674,0
29-02-2020 00:00,1191.5302,0,0,14536.66844,24.46033122,0.016297446,0.061406454,15.28793151,0
29-02-2020 01:00,1149.7847,0,0,14027.37334,24.32383626,0.016289511,0.060175578,15.40311287,0
29-02-2020 02:00,1120.8928,0,0,13674.89216,24.19062703,0.016248685,0.059738159,15.21481755,0
29-02-2020 03:00,1097.0375,0,0,13383.8575,24.11852417,0.016177587,0.05774943,15.20117976,0
29-02-2020 04:00,1069.5151,0,0,13048.08422,24.0726359,0.016106709,0.058509826,15.00521164,0
29-02-2020 05:00,1077.437,0,0,13144.7314,24.02352295,0.016029814,0.062217713,14.900651,0
29-02-2020 06:00,1058.2732,0,0,12910.93304,24.06386719,0.015973299,0.060142517,15.28232207,0
29-02-2020 07:00,1108.999,0,0,13529.7878,25.08017375,0.015937337,0.055224101,17.49273767,0
29-02-2020 08:00,1233.327,0,0,15046.5894,26.71027018,0.01555062,0.054372152,20.0108561,0
29-02-2020 09:00,1388.3168,0,0,16937.46496,28.37571615,0.014986677,0.052474974,20.67380091,0
29-02-2020 10:00,1506.3136,0,0,18377.02592,29.8065328,0.014571528,0.051381428,20.5357558,1
29-02-2020 11:00,1507.6298,0,0,18393.08356,30.83034668,0.014428371,0.042577108,19.98727017,1
29-02-2020 12:00,1491.3469,0,0,18194.43218,31.42156372,0.014299262,0.040100098,19.62677232,1
29-02-2020 13:00,1508.0047,0,0,18397.65734,31.58141479,0.014165179,0.035090129,19.41718177,1
29-02-2020 14:00,1497.2564,0,0,18266.52808,31.33057048,0.014008244,0.028455099,19.30339132,1
29-02-2020 15:00,1429.6777,0,0,17442.06794,30.65392456,0.013825916,0.025112152,19.23061929,0
29-02-2020 16:00,1360.2885,0,0,16595.5197,29.57261556,0.013791463,0.019975662,19.44220926,0
29-02-2020 17:00,1299.6685,0,0,15855.9557,28.11258341,0.013897153,0.018115361,19.3491745,0
29-02-2020 18:00,1312.6835,0,0,16014.7387,26.48075765,0.01429814,0.028550466,17.71748285,0
29-02-2020 19:00,1334.308,0,0,16278.5576,25.49567057,0.014757787,0.041671753,16.5207252,0
29-02-2020 20:00,1325.1245,0,0,16166.5189,24.97903849,0.014984773,0.040533702,15.92122271,0
29-02-2020 21:00,1298.5433,0,0,15842.22826,24.65991618,0.015070712,0.036702473,15.94834408,0
29-02-2020 22:00,1280.1748,0,0,15618.13256,24.40835978,0.015060236,0.033727011,16.06176527,0
29-02-2020 23:00,1236.254,0,0,15082.2988,24.16299845,0.015009523,0.031695048,16.07536495,0
03-01-2020 00:00,1177.7723,0,0,14368.82206,23.95662842,0.015012417,0.030048052,15.92020618,0
03-01-2020 01:00,1111.2383,0,0,13557.10726,23.82080485,0.015035637,0.027387778,15.98900938,0
03-01-2020 02:00,1098.3035,0,0,13399.3027,23.75010579,0.015003927,0.027437687,16.25214788,0
03-01-2020 03:00,1066.2469,0,0,13008.21218,23.674941,0.014921639,0.026812236,16.41845095,0
03-01-2020 04:00,1038.4412,0,0,12668.98264,23.58455811,0.014809182,0.025055091,16.15800091,0
03-01-2020 05:00,1006.71,0,0,12281.862,23.48447062,0.014701268,0.023457368,15.60117547,0
03-01-2020 06:00,966.1271,0,0,11786.75062,23.50692139,0.014625204,0.021543979,15.25370808,0
03-01-2020 07:00,968.207,0,0,11812.1254,24.52625936,0.014580181,0.017870108,16.78735272,0
03-01-2020 08:00,1007.6363,0,0,12293.16286,26.14112752,0.014307745,0.012238979,18.27273378,0
03-01-2020 09:00,1071.8018,0,0,13075.98196,27.76532389,0.013921339,0.005534808,18.09873035,0
03-01-2020 10:00,1122.6485,0,0,13696.3117,29.28355306,0.013516397,0.003101111,17.47058604,0
03-01-2020 11:00,1170.6258,0,0,14281.63476,30.47139893,0.013293869,0.003443162,16.78686987,0
03-01-2020 12:00,1187.7375,0,0,14490.3975,31.21663818,0.013206278,0.003617763,16.30674677,0
03-01-2020 13:00,1208.6177,0,0,14745.13594,31.56429443,0.01307401,0.003480752,16.06721175,0
03-01-2020 14:00,1212.5269,0,0,14792.82818,31.45205078,0.013039565,0.003349861,15.98741067,0
03-01-2020 15:00,1210.7767,0,0,14771.47574,30.86312256,0.013069894,0.002545754,15.84528901,0
03-01-2020 16:00,1209.2071,0,0,14752.32662,29.71132813,0.013222347,0.001725515,15.79179303,0
03-01-2020 17:00,1220.9356,0,0,14895.41432,28.14938761,0.013514992,0.002619624,15.7624682,0
03-01-2020 18:00,1233.9884,0,0,15054.65848,26.46586507,0.014061056,0.003841162,14.98003833,0
03-01-2020 19:00,1318.9766,0,0,16091.51452,25.4881429,0.014353085,0.004275282,14.50406322,0
03-01-2020 20:00,1311.612,0,0,16001.6664,24.94737142,0.014563936,0.005773385,14.36440077,0
03-01-2020 21:00,1261.3132,0,0,15388.02104,24.55276896,0.014610876,0.010752757,14.23759294,0
03-01-2020 22:00,1216.8616,0,0,14845.71152,24.20475667,0.014585665,0.009350975,14.06952936,0
03-01-2020 23:00,1196.8498,0,0,14601.56756,23.84780273,0.014562969,0.007254899,13.84741156,0
03-02-2020 00:00,1149.2624,0,1,14021.00128,23.50213013,0.014612905,0.008210898,13.53607314,0
03-02-2020 01:00,1073.7866,0,1,13100.19652,23.18388265,0.014691152,0.009163062,13.07072945,0
03-02-2020 02:00,1030.6526,0,1,12573.96172,22.89536947,0.014748183,0.011246046,12.59940315,0
03-02-2020 03:00,1022.4353,0,1,12473.71066,22.65111694,0.014777828,0.012961388,11.81132309,0
03-02-2020 04:00,1004.9494,0,1,12260.38268,22.60195313,0.014817587,0.013483365,11.17717837,0
03-02-2020 05:00,1026.3587,0,1,12521.57614,22.53505859,0.014827277,0.010718823,10.86084287,0
03-02-2020 06:00,1049.9806,0,1,12809.76332,22.60431315,0.014814951,0.007362008,11.01409229,0
03-02-2020 07:00,1155.7715,0,1,14100.4123,23.87938843,0.014815413,0.004599174,13.47944616,0
03-02-2020 08:00,1351.7391,0,1,16491.21702,25.82320557,0.014511956,0.004706383,15.96976533,0
03-02-2020 09:00,1460.2579,0,1,17815.14638,27.80010376,0.013982181,0.00514098,16.11766588,0
03-02-2020 10:00,1551.6494,0,1,18930.12268,29.6502828,0.013438352,0.004806598,15.12572942,1
03-02-2020 11:00,1569.5707,0,1,19148.76254,31.14374186,0.013156228,0.003538926,13.6072063,1
03-02-2020 12:00,1577.2525,0,1,19242.4805,32.0925944,0.013340678,0.002038002,12.26050013,1
03-02-2020 13:00,1605.8078,0,1,19590.85516,32.63051758,0.013249429,0.00168705,11.41632817,1
03-02-2020 14:00,1640.6014,0,1,20015.33708,32.78052165,0.01301487,0.001344124,11.05023592,1
03-02-2020 15:00,1620.5503,0,1,19770.71366,32.46751302,0.012889852,0.001593272,11.12016973,1
03-02-2020 16:00,1526.3274,0,1,18621.19428,31.52483521,0.013073965,0.002073765,11.2376218,1
03-02-2020 17:00,1409.5904,0,1,17197.00288,29.91190999,0.013572028,0.002312183,11.22062276,0
03-02-2020 18:00,1362.6009,0,1,16623.73098,27.84317424,0.014402694,0.002560933,10.29459538,0
03-02-2020 19:00,1402.067,0,1,17105.2174,26.5461263,0.014686224,0.003005346,10.35449878,0
03-02-2020 20:00,1373.6213,0,1,16758.17986,25.73959757,0.014897287,0.002692064,9.997160355,0
03-02-2020 21:00,1349.9628,0,1,16469.54616,25.18712769,0.015013747,0.0029308,9.116576006,0
03-02-2020 22:00,1293.3577,0,1,15778.96394,24.76411336,0.015090403,0.003463109,9.25702443,0
03-02-2020 23:00,1214.9168,0,1,14821.98496,24.42821655,0.015240521,0.004799843,9.433472245,0
03-03-2020 00:00,1161.6667,0,1,14172.33374,24.07803752,0.015372472,0.010171413,9.110772615,0
03-03-2020 01:00,1112.1672,0,1,13568.43984,23.83352051,0.015441698,0.013635159,8.928942054,0
03-03-2020 02:00,1064.9377,0,1,12992.23994,23.65889893,0.015493003,0.01462237,8.710046234,0
03-03-2020 03:00,1050.9846,0,1,12822.01212,23.47172445,0.015511435,0.016057968,8.573559794,0
03-03-2020 04:00,1035.5861,0,1,12634.15042,23.28297323,0.015507255,0.018616041,8.118648914,0
03-03-2020 05:00,1045.6532,0,1,12756.96904,23.12740479,0.015518584,0.018260241,7.425566144,0
03-03-2020 06:00,1085.0618,0,1,13237.75396,23.17814535,0.015558215,0.014869809,7.109720435,0
03-03-2020 07:00,1210.5644,0,1,14768.88568,24.53803914,0.015574793,0.012109518,9.792336946,0
03-03-2020 08:00,1396.6705,0,1,17039.3801,26.44814453,0.015223703,0.010365089,12.24689859,0
03-03-2020 09:00,1464.1536,0,1,17862.67392,28.22945557,0.014809197,0.007796764,12.40241441,0
03-03-2020 10:00,1534.9331,0,1,18726.18382,29.806604,0.014580596,0.008649985,11.92459932,1
03-03-2020 11:00,1574.5531,0,1,19209.54782,31.06815999,0.014620665,0.008831024,11.27013263,1
03-03-2020 12:00,1565.8119,0,1,19102.90518,31.93870443,0.014957265,0.009828647,10.8088208,1
03-03-2020 13:00,1609.1961,0,1,19632.19242,32.51295369,0.014934042,0.014803251,10.8015123,1
03-03-2020 14:00,1636.1379,0,1,19960.88238,32.59875895,0.014877419,0.024482727,11.05586764,1
03-03-2020 15:00,1614.5261,0,1,19697.21842,32.13422038,0.014884046,0.03049914,11.44699709,1
03-03-2020 16:00,1527.4594,0,1,18635.00468,31.08791504,0.015004072,0.024999618,11.68885478,1
03-03-2020 17:00,1395.0703,0,1,17019.85766,29.59139404,0.01524661,0.017647107,11.61304903,0
03-03-2020 18:00,1398.7994,0,1,17065.35268,27.76723633,0.01571064,0.017273267,10.90649661,0
03-03-2020 19:00,1441.1277,0,1,17581.75794,26.54481405,0.015958696,0.018513362,11.19112536,0
03-03-2020 20:00,1402.4356,0,1,17109.71432,25.85253296,0.01601487,0.01714611,11.20016168,0
03-03-2020 21:00,1373.9331,0,1,16761.98382,25.40848185,0.01605098,0.015013695,11.22522495,0
03-03-2020 22:00,1320.8153,0,1,16113.94666,25.01941325,0.016103075,0.013959567,11.45754759,0
03-03-2020 23:00,1220.3265,0,1,14887.9833,24.64783122,0.016130046,0.014786403,11.35927179,0
03-04-2020 00:00,1156.7112,0,1,14111.87664,24.32691854,0.016091021,0.015076955,10.97098771,0
03-04-2020 01:00,1096.5411,0,1,13377.80142,24.05049032,0.016016173,0.016860962,10.47265901,0
03-04-2020 02:00,1076.7928,0,1,13136.87216,23.83531087,0.015956103,0.016793569,9.813231827,0
03-04-2020 03:00,1054.0674,0,1,12859.62228,23.64299927,0.015894763,0.016523997,9.441891401,0
03-04-2020 04:00,1042.0774,0,1,12713.34428,23.45505168,0.015868822,0.018447876,8.966362493,0
03-04-2020 05:00,1049.3665,0,1,12802.2713,23.31429443,0.015874364,0.020593008,8.483595025,0
03-04-2020 06:00,1072.5639,0,1,13085.27958,23.33513794,0.015909697,0.021481832,8.223692137,0
03-04-2020 07:00,1193.9833,0,1,14566.59626,24.53774414,0.015926128,0.020409902,10.60820079,0
03-04-2020 08:00,1361.0977,0,1,16605.39194,26.36197306,0.015587871,0.018815358,12.16337516,0
03-04-2020 09:00,1461.0301,0,1,17824.56722,28.25023804,0.015169712,0.014631907,11.92980197,0
03-04-2020 10:00,1547.3969,0,1,18878.24218,30.01567993,0.014839361,0.012345632,11.39543594,1
03-04-2020 11:00,1568.614,0,1,19137.0908,31.3980957,0.014825834,0.00982666,10.8932001,1
03-04-2020 12:00,1582.5082,0,1,19306.60004,32.3233785,0.014918094,0.008140882,10.61286142,1
03-04-2020 13:00,1621.4361,0,1,19781.52042,32.93655802,0.014725777,0.00556612,10.50544025,1
03-04-2020 14:00,1635.38,0,1,19951.636,33.09024455,0.014519589,0.007583141,10.6379268,1
03-04-2020 15:00,1602.896,0,1,19555.3312,32.76911825,0.014364133,0.005055746,11.06317143,1
03-04-2020 16:00,1542.9087,0,1,18823.48614,31.85600179,0.014479374,0.007259766,11.35483913,1
03-04-2020 17:00,1449.1877,0,1,17680.08994,30.30875041,0.014841486,0.009732902,11.43181832,0
03-04-2020 18:00,1383.5159,0,1,16878.89398,28.24461263,0.015498965,0.010835171,10.64374484,0
03-04-2020 19:00,1423.1571,0,1,17362.51662,26.83815918,0.015798191,0.013370037,10.97573868,0
03-04-2020 20:00,1381.7912,0,1,16857.85264,25.90570475,0.016024649,0.013387839,10.85630303,0
03-04-2020 21:00,1353.4287,0,1,16511.83014,25.31368408,0.016131827,0.012487253,10.21818593,0
03-04-2020 22:00,1292.3067,0,1,15766.14174,24.88359985,0.016143061,0.012986183,10.13224174,0
03-04-2020 23:00,1224.2803,0,1,14936.21966,24.52722575,0.016103511,0.015834172,10.11149783,0
03-05-2020 00:00,1150.5363,0,1,14036.54286,24.2133016,0.01601436,0.018253962,10.12281661,0
03-05-2020 01:00,1113.856,0,1,13589.0432,23.90621338,0.015958184,0.020568212,10.1502997,0
03-05-2020 02:00,1075.7683,0,1,13124.37326,23.62945964,0.015938734,0.021779378,10.37865068,0
03-05-2020 03:00,1046.875,0,1,12771.875,23.42976278,0.015930245,0.021726291,10.50430934,0
03-05-2020 04:00,1037.1966,0,1,12653.79852,23.27709351,0.015819511,0.020060062,10.25292017,0
03-05-2020 05:00,1052.2962,0,1,12838.01364,23.14984538,0.015718194,0.018873215,9.654651187,0
03-05-2020 06:00,1070.1346,0,1,13055.64212,23.16252035,0.015646992,0.019253413,9.506683516,0
03-05-2020 07:00,1190.2795,0,1,14521.4099,24.48857015,0.015575982,0.015677134,12.3963977,0
03-05-2020 08:00,1380.565,0,1,16842.893,26.50087891,0.015188721,0.00831159,14.22370831,0
03-05-2020 09:00,1446.1269,0,1,17642.74818,28.49909871,0.014655435,0.005135536,13.74097558,0
03-05-2020 10:00,1517.6955,0,1,18515.8851,30.28071493,0.014190954,0.003628254,12.61808152,1
03-05-2020 11:00,1562.7205,0,1,19065.1901,31.67048543,0.014007587,0.002709468,11.63362979,1
03-05-2020 12:00,1572.4503,0,1,19183.89366,32.65971273,0.013946373,0.002290567,11.15088132,1
03-05-2020 13:00,1604.4564,0,1,19574.36808,33.22001546,0.013928488,0.002393723,11.24316182,1
03-05-2020 14:00,1610.343,0,1,19646.1846,33.2913859,0.014074601,0.002390862,11.69373098,1
03-05-2020 15:00,1612.6256,0,1,19674.03232,32.83009237,0.01431083,0.002621571,12.46946147,1
03-05-2020 16:00,1529.0826,0,1,18654.80772,31.72155151,0.014653709,0.003945351,13.5120921,1
03-05-2020 17:00,1402.5404,0,1,17110.99288,29.93355713,0.015065486,0.007943312,14.31481621,0
03-05-2020 18:00,1403.2146,0,1,17119.21812,27.86700846,0.015379652,0.010910034,14.15306005,0
03-05-2020 19:00,1445.8869,0,1,17639.82018,26.5035848,0.015552742,0.012318929,14.18555039,0
03-05-2020 20:00,1408.8621,0,1,17188.11762,25.74757284,0.015786905,0.012220383,13.87915467,0
03-05-2020 21:00,1375.8931,0,1,16785.89582,25.28642171,0.016032781,0.014741262,13.59997587,0
03-05-2020 22:00,1324.6226,0,1,16160.39572,24.98380941,0.01615194,0.01954778,13.03548843,0
03-05-2020 23:00,1241.7045,0,1,15148.7949,24.71978149,0.016178549,0.023759842,12.67316821,0
03-06-2020 00:00,1172.7037,0,1,14306.98514,24.46499023,0.016173517,0.02402242,12.19957182,0
03-06-2020 01:00,1123.8705,0,1,13711.2201,24.2172994,0.016151348,0.021525701,11.85701448,0
03-06-2020 02:00,1083.5164,0,1,13218.90008,24.0289856,0.016057859,0.020737966,11.70833791,0
03-06-2020 03:00,1081.0874,0,1,13189.26628,23.8874349,0.01596455,0.020288786,11.72811012,0
03-06-2020 04:00,1184.615,0,1,14452.303,23.79749959,0.015918295,0.021709442,11.90942514,0
03-06-2020 05:00,1240.9299,0,1,15139.34478,23.75342204,0.015940348,0.021550496,12.02707388,0
03-06-2020 06:00,1258.6583,0,1,15355.63126,23.81854655,0.015993852,0.022579829,12.37325688,0
03-06-2020 07:00,1368.622,0,1,16697.1884,24.9957723,0.016038569,0.024197896,15.1127261,0
03-06-2020 08:00,1538.8176,0,1,18773.57472,26.8906189,0.01577334,0.021589915,16.8589555,1
03-06-2020 09:00,1618.5133,0,1,19745.86226,28.86833089,0.015369721,0.019481659,16.50472756,1
03-06-2020 10:00,1664.5215,0,1,20307.1623,30.51219076,0.014991706,0.020003001,15.14878401,1
03-06-2020 11:00,1676.1886,0,1,20449.50092,31.69183757,0.01489357,0.018939972,13.65802482,1
03-06-2020 12:00,1636.0941,0,1,19960.34802,32.4767395,0.014757282,0.01926295,12.94917065,1
03-06-2020 13:00,1656.5873,0,1,20210.36506,32.8569987,0.014570154,0.016235987,12.89878917,1
03-06-2020 14:00,1653.8607,0,1,20177.10054,32.80898438,0.014364033,0.017772674,13.28227974,1
03-06-2020 15:00,1584.2675,0,1,19328.0635,32.27182414,0.014217693,0.020604451,13.77747001,1
03-06-2020 16:00,1510.4081,0,1,18426.97882,31.1308431,0.014270931,0.025838216,14.2124164,1
03-06-2020 17:00,1383.047,0,1,16873.1734,29.47874349,0.014497279,0.031815847,14.20148298,0
03-06-2020 18:00,1371.8471,0,1,16736.53462,27.52246501,0.014979506,0.033416748,13.19864673,0
03-06-2020 19:00,1414.5412,0,1,17257.40264,26.27781576,0.015414994,0.039446513,12.63042886,0
03-06-2020 20:00,1368.905,0,1,16700.641,25.61265462,0.015756571,0.04288737,12.30884696,0
03-06-2020 21:00,1333.6763,0,1,16270.85086,25.16288656,0.015923914,0.037691752,12.22569345,0
03-06-2020 22:00,1281.9319,0,1,15639.56918,24.80288086,0.016014984,0.040443421,12.2789726,0
03-06-2020 23:00,1205.9165,0,1,14712.1813,24.52596436,0.015980422,0.044937134,12.4697446,0
13-03-2020 00:00,1142.9813,0,1,13944.37186,23.76094971,0.015082438,0.033967337,9.530345299,0
13-03-2020 01:00,1090.8723,0,1,13308.64206,23.45391235,0.015114329,0.034165701,9.363546867,0
13-03-2020 02:00,1070.0566,0,1,13054.69052,23.19681193,0.015122205,0.036420187,9.056051384,0
13-03-2020 03:00,1026.4606,0,1,12522.81932,22.96636353,0.015119992,0.039807638,8.731681092,0
13-03-2020 04:00,1030.3985,0,1,12570.8617,22.77574056,0.015121702,0.039235433,8.283957018,0
13-03-2020 05:00,1046.0184,0,1,12761.42448,22.63109741,0.015136349,0.039513906,7.724367129,0
13-03-2020 06:00,1054.964,0,1,12870.5608,22.73569132,0.01515458,0.038293203,7.772045375,0
13-03-2020 07:00,1168.9747,0,1,14261.49134,24.35624593,0.015155182,0.037083626,10.9872674,0
13-03-2020 08:00,1336.6004,0,1,16306.52488,26.45357666,0.014874982,0.032271385,12.42754919,0
13-03-2020 09:00,1390.4215,0,1,16963.1423,28.5064738,0.014410509,0.029022376,12.18948171,0
13-03-2020 10:00,1472.4836,0,1,17964.29992,30.3134196,0.0139894,0.027248223,11.29518715,1
13-03-2020 11:00,1529.6751,0,1,18662.03622,31.74093018,0.013832838,0.024377346,10.50327587,1
13-03-2020 12:00,1540.3465,0,1,18792.2273,32.81445719,0.013545336,0.021845897,10.2670446,1
13-03-2020 13:00,1582.2665,0,1,19303.6513,33.48063558,0.013236254,0.021216233,10.54204564,1
13-03-2020 14:00,1613.5006,0,1,19684.70732,33.59294027,0.013120481,0.027828535,11.32147798,1
13-03-2020 15:00,1590.7496,0,1,19407.14512,32.95798136,0.013303542,0.040110587,12.24349927,1
13-03-2020 16:00,1493.3091,0,1,18218.37102,31.63879801,0.013720552,0.052412668,12.76517331,1
13-03-2020 17:00,1382.3465,0,1,16864.6273,29.94084066,0.014258357,0.060450236,12.50766889,0
13-03-2020 18:00,1335.5001,0,1,16293.10122,28.0101766,0.014735238,0.063625336,10.66140215,0
13-03-2020 19:00,1369.3283,0,1,16705.80526,26.75642293,0.01515627,0.060529074,9.239176428,0
13-03-2020 20:00,1361.6459,0,1,16612.07998,25.96875407,0.015460385,0.06123352,8.572102882,0
13-03-2020 21:00,1333.5203,0,1,16268.94766,25.38554281,0.015619683,0.064407349,8.301125955,0
13-03-2020 22:00,1306.1054,0,1,15934.48588,24.92346598,0.015668211,0.062726338,8.226379464,0
13-03-2020 23:00,1238.2316,0,1,15106.42552,24.51367594,0.015675747,0.059913635,8.369004867,0
14-03-2020 00:00,1167.529,0,1,14243.8538,24.15852254,0.015675695,0.05783081,8.758417143,0
14-03-2020 01:00,1148.7543,0,1,14014.80246,23.85619507,0.015677043,0.060012817,9.083397609,0
14-03-2020 02:00,1090.9917,0,1,13310.09874,23.60289917,0.015677318,0.060691834,9.28416836,0
14-03-2020 03:00,1076.1476,0,1,13129.00072,23.39483032,0.015657342,0.056482951,9.387743357,0
14-03-2020 04:00,1043.6745,0,1,12732.8289,23.2138916,0.015614501,0.054298401,9.297155727,0
14-03-2020 05:00,1033.5657,0,1,12609.50154,23.06255493,0.015564227,0.051266989,9.082450137,0
14-03-2020 06:00,1011.1204,0,1,12335.66888,23.08072306,0.015537049,0.046797434,9.116168164,0
14-03-2020 07:00,1066.024,0,1,13005.4928,24.48816325,0.015442747,0.038199107,12.49147972,0
14-03-2020 08:00,1197.092,0,1,14604.5224,26.52012533,0.014876628,0.026863098,14.52222944,0
14-03-2020 09:00,1257.5697,0,1,15342.35034,28.54203695,0.014224089,0.017101288,14.26308274,0
14-03-2020 10:00,1321.7726,0,1,16125.62572,30.27036947,0.01369245,0.009992599,13.3501051,0
14-03-2020 11:00,1364.0815,0,1,16641.7943,31.5942627,0.013495245,0.005657196,12.46909085,0
14-03-2020 12:00,1359.276,0,1,16583.1672,32.56931966,0.01322682,0.003696283,12.2933115,0
14-03-2020 13:00,1369.4784,0,1,16707.63648,33.0512736,0.013179624,0.00364844,12.4653477,0
14-03-2020 14:00,1367.888,0,1,16688.2336,32.99859009,0.013241765,0.007576307,12.79203893,0
14-03-2020 15:00,1356.7695,0,1,16552.5879,32.38869629,0.013371352,0.012386958,13.15095832,0
14-03-2020 16:00,1324.2935,0,1,16156.3807,31.19858195,0.013558111,0.015096346,13.61940882,0
14-03-2020 17:00,1284.2789,0,1,15668.20258,29.47123617,0.013842859,0.010734558,13.93558724,0
14-03-2020 18:00,1300.65,0,1,15867.93,27.46917114,0.01425111,0.012509028,13.39717178,0
14-03-2020 19:00,1333.3171,0,1,16266.46862,26.17314046,0.01470658,0.020744324,13.22229823,0
14-03-2020 20:00,1327.94,0,1,16200.868,25.49953613,0.014982842,0.024115244,12.94457856,0
14-03-2020 21:00,1314.6859,0,1,16039.16798,25.03949382,0.015190314,0.027103424,12.54132198,0
14-03-2020 22:00,1252.4506,0,1,15279.89732,24.69724935,0.01535204,0.030232747,11.78135065,0
14-03-2020 23:00,1220.7436,0,1,14893.07192,24.40018107,0.015432319,0.034759522,11.20650108,0
15-03-2020 00:00,1160.6452,0,1,14159.87144,24.14542033,0.01546415,0.037373861,10.79057217,0
15-03-2020 01:00,1126.1212,0,1,13738.67864,24.01676839,0.015469389,0.038166046,11.00638492,0
15-03-2020 02:00,1055.522,0,1,12877.3684,23.75936279,0.015486172,0.036471049,10.24730425,0
15-03-2020 03:00,1032.3886,0,1,12595.14092,23.55544434,0.015487787,0.035461426,9.9881581,0
15-03-2020 04:00,1014.0015,0,1,12370.8183,23.39696655,0.015507215,0.035186768,10.08640406,0
15-03-2020 05:00,1006.9698,0,1,12285.03156,23.28191528,0.015514414,0.035463969,10.42031857,0
15-03-2020 06:00,967.6152,0,1,11804.90544,23.35413005,0.015475682,0.034545898,11.24434164,0
15-03-2020 07:00,1000.3959,0,1,12204.82998,24.71877441,0.01531766,0.029088338,14.58689297,0
15-03-2020 08:00,1057.3393,0,1,12899.53946,26.7373291,0.014821432,0.018376668,16.72900154,0
15-03-2020 09:00,1093.5686,0,1,13341.53692,28.66606038,0.014177778,0.014690399,17.34566382,0
15-03-2020 10:00,1145.1883,0,1,13971.29726,30.26850789,0.013883872,0.010460695,16.98716616,0
15-03-2020 11:00,1203.5705,0,1,14683.5601,31.43324178,0.013822749,0.010512114,16.20614418,0
15-03-2020 12:00,1227.092,0,1,14970.5224,32.25826416,0.013689184,0.013839643,15.61935413,0
15-03-2020 13:00,1257.3365,0,1,15339.5053,32.65238851,0.013667506,0.015284379,15.22966308,0
15-03-2020 14:00,1262.4778,0,1,15402.22916,32.57027588,0.013728354,0.014986674,15.06316366,0
15-03-2020 15:00,1274.7608,0,1,15552.08176,32.00216064,0.013777761,0.02056996,15.15378753,0
15-03-2020 16:00,1252.2794,0,1,15277.80868,30.92213338,0.013876792,0.02110672,15.48933473,0
15-03-2020 17:00,1212.9456,0,1,14797.93632,29.39651896,0.013974599,0.0199941,15.96336308,0
15-03-2020 18:00,1248.7264,0,1,15234.46208,27.5985555,0.014267069,0.020456314,15.67414938,0
15-03-2020 19:00,1292.7582,0,1,15771.65004,26.29605509,0.014774584,0.016398748,15.28783002,0
15-03-2020 20:00,1310.1534,0,1,15983.87148,25.5006958,0.015060982,0.014433543,14.77855515,0
15-03-2020 21:00,1272.9448,0,1,15529.92656,25.04596354,0.015215157,0.020357132,14.66243736,0
15-03-2020 22:00,1250.1545,0,1,15251.8849,24.72763468,0.015240837,0.029964448,14.83463858,0
15-03-2020 23:00,1205.8422,0,1,14711.27484,24.45214233,0.015261429,0.034361522,14.73426442,0
16-03-2020 00:00,1152.4913,0,1,14060.39386,24.17891846,0.015232391,0.033395768,14.46404509,0
16-03-2020 01:00,1088.7654,0,1,13282.93788,23.89561361,0.015175388,0.035149893,14.33308501,0
16-03-2020 02:00,1054.0727,0,1,12859.68694,23.65859375,0.015110738,0.032634735,14.29681947,0
16-03-2020 03:00,1030.9285,0,1,12577.3277,23.47213135,0.01508288,0.034398397,14.44009062,0
16-03-2020 04:00,1019.2993,0,1,12435.45146,23.3495931,0.015066152,0.033315022,14.41539613,0
16-03-2020 05:00,1047.5208,0,1,12779.75376,23.29533285,0.015012221,0.03502655,14.46101067,0
16-03-2020 06:00,1059.8625,0,1,12930.3225,23.36165771,0.014946756,0.034487406,14.70636449,0
16-03-2020 07:00,1161.7313,0,1,14173.12186,24.49424642,0.014793716,0.031496683,16.90759976,0
16-03-2020 08:00,1324.1151,0,1,16154.20422,26.34720256,0.014317831,0.020707766,18.29752727,0
16-03-2020 09:00,1360.2972,0,1,16595.62584,28.24868164,0.013671643,0.015921513,17.90192683,0
16-03-2020 10:00,1447.3975,0,1,17658.2495,29.88363037,0.013024267,0.01213034,17.23578149,0
16-03-2020 11:00,1477.3916,0,1,18024.17752,31.10814819,0.012725395,0.008163571,16.40378119,1
16-03-2020 12:00,1499.7503,0,1,18296.95366,31.93843994,0.01251047,0.005732814,15.6187697,1
16-03-2020 13:00,1513.4435,0,1,18464.0107,32.34385579,0.012334951,0.006298224,15.06804856,1
16-03-2020 14:00,1530.2833,0,1,18669.45626,32.27261759,0.012315828,0.009086132,14.9435641,1
16-03-2020 15:00,1480.3162,0,1,18059.85764,31.67960002,0.012385726,0.009736697,15.18730197,1
16-03-2020 16:00,1413.1413,0,1,17240.32386,30.55968628,0.012550989,0.009074847,15.52342763,0
16-03-2020 17:00,1308.9571,0,1,15969.27662,28.94429932,0.012899372,0.00874265,15.68064315,0
16-03-2020 18:00,1280.7756,0,1,15625.46232,27.04984945,0.013516131,0.005601565,14.79438022,0
16-03-2020 19:00,1338.1402,0,1,16325.31044,25.81940104,0.014035083,0.006226341,13.8249054,0
16-03-2020 20:00,1301.8467,0,1,15882.52974,25.15253092,0.014434556,0.006557266,12.94056669,0
16-03-2020 21:00,1287.9947,0,1,15713.53534,24.75192668,0.014621644,0.011023402,12.31712919,0
16-03-2020 22:00,1217.0712,0,1,14848.26864,24.44938558,0.014646016,0.012854815,12.16106545,0
16-03-2020 23:00,1186.433,0,1,14474.4826,24.17555135,0.014632269,0.015227278,12.10949798,0
17-03-2020 00:00,1112.5399,0,1,13572.98678,23.91192017,0.01462234,0.018193245,11.99562255,0
17-03-2020 01:00,1084.5342,0,1,13231.31724,23.61577759,0.014620033,0.02248319,11.5698304,0
17-03-2020 02:00,1041.3543,0,1,12704.52246,23.38488159,0.014620215,0.025574366,11.39491182,0
17-03-2020 03:00,1001.5973,0,1,12219.48706,23.19657796,0.01463425,0.026967367,11.0537203,0
17-03-2020 04:00,1006.4104,0,1,12278.20688,23.03180339,0.014668404,0.030474345,10.15879176,0
17-03-2020 05:00,1025.3375,0,1,12509.1175,22.86911418,0.014722674,0.033625285,9.586672853,0
17-03-2020 06:00,1003.5577,0,1,12243.40394,22.93006795,0.014808739,0.033083597,9.89764331,0
17-03-2020 07:00,1102.6214,0,1,13451.98108,24.45127767,0.014812284,0.030403137,13.19849936,0
17-03-2020 08:00,1231.3347,0,1,15022.28334,26.54297282,0.014345441,0.028639476,15.33264997,0
17-03-2020 09:00,1315.4117,0,1,16048.02274,28.54551595,0.013750211,0.023455302,15.05065669,0
17-03-2020 10:00,1365.6354,0,1,16660.75188,30.23840739,0.013256725,0.021160126,14.36529022,0
17-03-2020 11:00,1434.3726,0,1,17499.34572,31.47054443,0.013133289,0.021235784,13.65509074,0
17-03-2020 12:00,1463.3004,0,1,17852.26488,32.3072347,0.013064556,0.020238558,13.13389761,0
17-03-2020 13:00,1492.1376,0,1,18204.07872,32.75095011,0.013023807,0.027481556,12.85212669,1
17-03-2020 14:00,1500.222,0,1,18302.7084,32.71272176,0.013097485,0.035362719,12.74181715,1
17-03-2020 15:00,1449.2272,0,1,17680.57184,32.15039469,0.013247456,0.044371765,12.87959387,0
17-03-2020 16:00,1365.7371,0,1,16661.99262,31.03970744,0.013500429,0.045985539,13.12130306,0
17-03-2020 17:00,1279.1774,0,1,15605.96428,29.4457133,0.013786476,0.041635831,13.42937989,0
17-03-2020 18:00,1253.6864,0,1,15294.97408,27.5603068,0.014109458,0.034879049,13.4887731,0
17-03-2020 19:00,1317.0122,0,1,16067.54884,26.24246623,0.014539303,0.028692245,13.8178845,0
17-03-2020 20:00,1298.8934,0,1,15846.49948,25.44999593,0.014881437,0.026847839,13.57332286,0
17-03-2020 21:00,1259.0631,0,1,15360.56982,24.97172445,0.015096455,0.026430766,13.11445538,0
17-03-2020 22:00,1223.2404,0,1,14923.53288,24.64607137,0.01521869,0.031514485,12.9016594,0
17-03-2020 23:00,1187.5335,0,1,14487.9087,24.41126912,0.015332075,0.03318278,12.70264924,0
18-03-2020 00:00,1138.6649,0,1,13891.71178,24.17881673,0.01543405,0.036008199,12.3173186,0
18-03-2020 01:00,1093.4494,0,1,13340.08268,23.99666748,0.01547622,0.03720347,12.07373993,0
18-03-2020 02:00,1067.4932,0,1,13023.41704,23.85795492,0.015433144,0.036783854,12.02934446,0
18-03-2020 03:00,1036.313,0,1,12643.0186,23.67436117,0.015340387,0.031959534,12.02224207,0
18-03-2020 04:00,1021.1274,0,1,12457.75428,23.43908081,0.015241111,0.027322133,11.67214803,0
18-03-2020 05:00,1036.042,0,1,12639.7124,23.2184082,0.015170842,0.025316874,11.23258508,0
18-03-2020 06:00,1003.5961,0,1,12243.87242,23.16018066,0.015118353,0.023266475,11.49810356,0
18-03-2020 07:00,1102.1578,0,1,13446.32516,24.43423869,0.014955359,0.020139694,14.52671337,0
18-03-2020 08:00,1262.8577,0,1,15406.86394,26.31479289,0.014447868,0.016173045,16.36061431,0
18-03-2020 09:00,1321.318,0,1,16120.0796,28.22302653,0.013887009,0.011616389,16.19426693,0
18-03-2020 10:00,1371.8431,0,1,16736.48582,29.89587809,0.013555042,0.009484291,15.78290433,0
18-03-2020 11:00,1432.4593,0,1,17476.00346,31.14372152,0.013486312,0.007746061,15.40243287,0
18-03-2020 12:00,1439.1929,0,1,17558.15338,31.96096191,0.013505342,0.006352743,15.19577142,0
18-03-2020 13:00,1458.7507,0,1,17796.75854,32.3487793,0.013445552,0.006067912,15.33080866,0
18-03-2020 14:00,1469.3609,0,1,17926.20298,32.29150798,0.013378145,0.009517034,15.61434013,0
18-03-2020 15:00,1441.0083,0,1,17580.30126,31.7052653,0.013399764,0.011128108,16.18269705,0
18-03-2020 16:00,1361.6724,0,1,16612.40328,30.56598307,0.013476025,0.010893504,16.80601442,0
18-03-2020 17:00,1258.1375,0,1,15349.2775,28.96516317,0.013617126,0.013612111,17.14465677,0
18-03-2020 18:00,1239.184,0,1,15118.0448,27.15727132,0.013867604,0.01911672,16.54074516,0
18-03-2020 19:00,1275.3934,0,1,15559.79948,25.95110474,0.014241472,0.026250203,16.01966647,0
18-03-2020 20:00,1258.9049,0,1,15358.63978,25.24886475,0.014676432,0.029438018,15.46667265,0
18-03-2020 21:00,1250.78,0,1,15259.516,24.82069295,0.014972866,0.035123189,14.86173537,0
18-03-2020 22:00,1232.0997,0,1,15031.61634,24.52064412,0.015121717,0.031394958,14.36899357,0
18-03-2020 23:00,1175.0196,0,1,14335.23912,24.29045003,0.015224839,0.031567891,13.97969191,0
19-03-2020 00:00,1109.1561,0,1,13531.70442,24.09680583,0.015268207,0.034250895,13.90646697,0
19-03-2020 01:00,1081.5327,0,1,13194.69894,23.91407674,0.0152798,0.037948609,13.82799543,0
19-03-2020 02:00,1040.4411,0,1,12693.38142,23.76823324,0.015330801,0.037869771,13.60558021,0
19-03-2020 03:00,1013.4963,0,1,12364.65486,23.69860229,0.015371587,0.039726257,13.50019282,0
19-03-2020 04:00,996.1323,0,1,12152.81406,23.65104574,0.015408484,0.042821247,13.10646329,0
19-03-2020 05:00,997.9148,0,1,12174.56056,23.57601318,0.015451508,0.043108622,12.25151043,0
19-03-2020 06:00,997.2655,0,1,12166.6391,23.60600179,0.015453896,0.039694467,11.79077109,0
19-03-2020 07:00,1122.1085,0,1,13689.7237,24.84674479,0.015360959,0.03496043,13.77754234,0
19-03-2020 08:00,1271.829,0,1,15516.3138,26.7615092,0.014833175,0.029097874,15.20186141,0
19-03-2020 09:00,1308.5639,0,1,15964.47958,28.7053772,0.014260838,0.022398313,14.50182194,0
19-03-2020 10:00,1379.5175,0,1,16830.1135,30.43373006,0.013848736,0.014761607,13.28386006,0
19-03-2020 11:00,1432.7028,0,1,17478.97416,31.78355306,0.013699881,0.011272113,12.33859043,0
19-03-2020 12:00,1437.6174,0,1,17538.93228,32.72722778,0.01351544,0.012198766,11.90257538,0
19-03-2020 13:00,1471.1471,0,1,17947.99462,33.25681966,0.013317027,0.01433754,11.84458794,1
19-03-2020 14:00,1460.6983,0,1,17820.51926,33.33966471,0.013215255,0.02406629,11.93533156,0
19-03-2020 15:00,1445.5247,0,1,17635.40134,32.91031291,0.01328515,0.024074554,12.10669401,0
19-03-2020 16:00,1369.8342,0,1,16711.97724,31.97068685,0.013446606,0.024834951,12.53935172,0
19-03-2020 17:00,1267.7503,0,1,15466.55366,30.44947713,0.013722512,0.026690165,13.07648184,0
19-03-2020 18:00,1270.031,0,1,15494.3782,28.48948568,0.014228588,0.022094091,12.99183882,0
19-03-2020 19:00,1316.0045,0,1,16055.2549,26.99709473,0.014831336,0.025779406,13.69575428,0
19-03-2020 20:00,1311.6103,0,1,16001.64566,26.07915649,0.01524086,0.024059296,13.93006798,0
19-03-2020 21:00,1303.8079,0,1,15906.45638,25.53304443,0.015452096,0.02217865,13.67844297,0
19-03-2020 22:00,1264.6995,0,1,15429.3339,25.16920369,0.015580596,0.028791428,13.24573493,0
19-03-2020 23:00,1247.6802,0,1,15221.69844,24.88897095,0.015658252,0.03798294,12.80490199,0
20-03-2020 00:00,1203.1312,0,1,14678.20064,24.6238444,0.015688892,0.040428162,12.24569353,0
20-03-2020 01:00,1154.7738,0,1,14088.24036,24.3792867,0.015681396,0.040387472,11.64418948,0
20-03-2020 02:00,1112.2807,0,1,13569.82454,24.16005859,0.01565988,0.037324271,11.10874639,0
20-03-2020 03:00,1095.8961,0,1,13369.93242,23.98353475,0.01558367,0.041362762,10.45621805,0
20-03-2020 04:00,1057.7553,0,1,12904.61466,23.75258789,0.015530302,0.046797434,9.725251599,0
20-03-2020 05:00,999.7755,0,1,12197.2611,23.53159993,0.0154883,0.049574534,9.323651461,0
20-03-2020 06:00,1058.3143,0,1,12911.43446,23.53595378,0.015442429,0.049016317,9.67120333,0
20-03-2020 07:00,1173.3535,0,1,14314.9127,24.85301107,0.015212135,0.045567831,12.41143106,0
20-03-2020 08:00,1236.8289,0,1,15089.31258,26.82330729,0.01465379,0.037681579,13.88929284,0
20-03-2020 09:00,1273.4672,0,1,15536.29984,28.75953573,0.014136172,0.027364095,13.35091541,0
20-03-2020 10:00,1329.0988,0,1,16215.00536,30.3786967,0.013731825,0.021122615,12.33525608,0
20-03-2020 11:00,1386.457,0,1,16914.7754,31.59979655,0.013510573,0.020441055,11.6136142,0
20-03-2020 12:00,1414.121,0,1,17252.2762,32.40532837,0.013318543,0.022144318,11.30666773,0
20-03-2020 13:00,1433.3784,0,1,17487.21648,32.81563721,0.013087063,0.028603872,11.19904931,0
20-03-2020 14:00,1406.9788,0,1,17165.14136,32.77780558,0.012897566,0.037590027,11.13733889,0
20-03-2020 15:00,1338.5974,0,1,16330.88828,32.22269084,0.012825056,0.054107668,11.14456489,0
20-03-2020 16:00,1261.3507,0,1,15388.47854,31.19541829,0.012892425,0.049645741,11.30035294,0
20-03-2020 17:00,1201.868,0,1,14662.7896,29.75846761,0.013146709,0.033889134,11.5268453,0
20-03-2020 18:00,1221.6671,0,1,14904.33862,27.94378052,0.013627336,0.032202721,11.03014459,0
20-03-2020 19:00,1273.1783,0,1,15532.77526,26.57957357,0.014096528,0.036080043,11.19289235,0
20-03-2020 20:00,1255.5828,0,1,15318.11016,25.72907918,0.014401716,0.034295401,11.30959916,0
20-03-2020 21:00,1242.9528,0,1,15164.02416,25.13719076,0.014602687,0.027929942,11.1072609,0
20-03-2020 22:00,1203.8917,0,1,14687.47874,24.66864421,0.014768102,0.024353027,10.80022353,0
20-03-2020 23:00,1123.5063,0,1,13706.77686,24.28349202,0.014853401,0.021671295,10.42439667,0
21-03-2020 00:00,1078.2497,0,1,13154.64634,23.89193115,0.014917111,0.020329793,9.812624086,0
21-03-2020 01:00,1055.9087,0,1,12882.08614,23.54107056,0.014937651,0.021230062,9.304541091,0
21-03-2020 02:00,1032.7346,0,1,12599.36212,23.24416504,0.014935304,0.023010254,8.885055615,0
21-03-2020 03:00,1001.3669,0,1,12216.67618,23.01424561,0.014918874,0.023784638,8.607489663,0
21-03-2020 04:00,968.0522,0,1,11810.23684,22.85019328,0.01490746,0.024543762,8.596366041,0
21-03-2020 05:00,978.9921,0,1,11943.70362,22.74023844,0.014894811,0.027153015,8.609215735,0
21-03-2020 06:00,954.7806,0,1,11648.32332,22.85608317,0.014892163,0.030210495,9.085524067,0
21-03-2020 07:00,997.5996,0,1,12170.71512,24.41752523,0.014759779,0.031721751,12.42052271,0
21-03-2020 08:00,1083.5103,0,1,13218.82566,26.53588257,0.014253591,0.029771169,14.18969685,0
21-03-2020 09:00,1110.3386,0,1,13546.13092,28.48083903,0.013691484,0.029319763,14.02225793,0
21-03-2020 10:00,1113.7174,0,1,13587.35228,30.08825073,0.013223497,0.031692504,13.51927705,0
21-03-2020 11:00,1140.5002,0,1,13914.10244,31.28132528,0.013041652,0.037499746,13.08349052,0
21-03-2020 12:00,1124.4657,0,1,13718.48154,32.04819132,0.012960304,0.045378367,12.95919695,0
21-03-2020 13:00,1122.6474,0,1,13696.29828,32.34654134,0.012870075,0.052169799,13.18319997,0
21-03-2020 14:00,1121.3317,0,1,13680.24674,32.20617065,0.012854707,0.056107839,13.66682816,0
21-03-2020 15:00,1123.271,0,1,13703.9062,31.58982747,0.012927097,0.049166361,14.3510373,0
21-03-2020 16:00,1102.2608,0,1,13447.58176,30.47554932,0.013040202,0.038523356,15.01928224,0
21-03-2020 17:00,1080.9398,0,1,13187.46556,28.89690552,0.013216877,0.028401692,15.44224615,0
21-03-2020 18:00,1096.6363,0,1,13378.96286,27.07170003,0.013571524,0.018916448,15.21685999,0
21-03-2020 19:00,1198.5019,0,1,14621.72318,25.87900187,0.013963106,0.015558878,14.92501895,0
21-03-2020 20:00,1184.4542,0,1,14450.34124,25.20321045,0.014320505,0.017983754,14.36791555,0
21-03-2020 21:00,1173.8957,0,1,14321.52754,24.74198812,0.014506282,0.023626963,13.73660902,0
21-03-2020 22:00,1136.8483,0,1,13869.54926,24.36987712,0.014653858,0.030176799,13.19762574,0
21-03-2020 23:00,1083.0603,0,1,13213.33566,24.06551514,0.014789979,0.03192393,12.71309894,0
22-03-2020 00:00,1047.0462,0,1,12773.96364,23.79862874,0.014870138,0.03314209,12.1320285,0
22-03-2020 01:00,1022.6587,0,1,12476.43614,23.51597493,0.014907132,0.036493937,11.40150044,0
22-03-2020 02:00,989.9701,0,1,12077.63522,23.31470133,0.014919866,0.034502665,10.98125365,0
22-03-2020 03:00,975.9471,0,1,11906.55462,23.15506388,0.014886798,0.032384237,10.99137938,0
22-03-2020 04:00,950.0522,0,1,11590.63684,23.00963745,0.014849889,0.03099823,10.83982783,0
22-03-2020 05:00,946.0376,0,1,11541.65872,22.91318156,0.014800223,0.027175903,10.78833797,0
22-03-2020 06:00,894.6809,0,1,10915.10698,23.00900675,0.014761992,0.025299072,11.13804782,0
22-03-2020 07:00,923.6846,0,1,11268.95212,24.32487386,0.014639842,0.022083282,13.74173833,0
22-03-2020 08:00,967.1793,0,1,11799.58746,26.30819092,0.014124774,0.026859283,15.74784662,0
22-03-2020 09:00,994.544,0,1,12133.4368,28.2147054,0.013607171,0.026489258,15.60722515,0
22-03-2020 10:00,995.8997,0,1,12149.97634,29.92876587,0.013272704,0.032137553,14.61673078,0
22-03-2020 11:00,1035.1926,0,1,12629.34972,31.27891439,0.013130291,0.035695394,13.70685891,0
22-03-2020 12:00,1051.5416,0,1,12828.80752,32.15605062,0.013142942,0.043512979,13.17781057,0
22-03-2020 13:00,1066.5536,0,1,13011.95392,32.56255493,0.01313646,0.05818685,13.06822694,0
22-03-2020 14:00,1068.3162,0,1,13033.45764,32.51318766,0.013175851,0.072184245,13.21791172,0
22-03-2020 15:00,1065.0874,0,1,12994.06628,31.97811279,0.013277567,0.08506775,13.54534232,0
22-03-2020 16:00,1063.9982,0,1,12980.77804,30.91321208,0.013465773,0.081194561,14.12044805,0
22-03-2020 17:00,1033.7948,0,1,12612.29656,29.52637126,0.01374173,0.071744283,14.65276445,0
22-03-2020 18:00,1061.4729,0,1,12949.96938,27.82111003,0.014125737,0.061266581,14.42989463,0
22-03-2020 19:00,1158.4335,0,1,14132.8887,26.54024658,0.014565651,0.065119427,14.66007124,0
22-03-2020 20:00,1163.2641,0,1,14191.82202,25.72868245,0.014928001,0.064089458,14.52760305,0
22-03-2020 21:00,1161.5641,0,1,14171.08202,25.24395142,0.015169703,0.064081827,13.90848266,0
22-03-2020 22:00,1130.8954,0,1,13796.92388,24.94765625,0.015295721,0.066407522,13.36369652,0
22-03-2020 23:00,1084.7557,0,1,13234.01954,24.72065633,0.015365848,0.067731223,12.81069543,0
23-03-2020 00:00,1051.7537,0,1,12831.39514,24.51161092,0.015411817,0.067845661,12.18863787,0
23-03-2020 01:00,1004.7666,0,1,12258.15252,24.33682658,0.015427145,0.067489624,11.62522117,0
23-03-2020 02:00,972.1438,0,1,11860.15436,24.15286662,0.015452666,0.066640218,11.19032565,0
23-03-2020 03:00,950.836,0,1,11600.1992,23.99097087,0.015470577,0.066174826,10.92821692,0
23-03-2020 04:00,928.2162,0,1,11324.23764,23.77880249,0.015510035,0.066093445,10.47603711,0
23-03-2020 05:00,942.506,0,1,11498.5732,23.61379395,0.015536664,0.065884907,10.1053462,0
23-03-2020 06:00,928.5888,0,1,11328.78336,23.65934652,0.015537858,0.065307618,10.52169197,0
23-03-2020 07:00,1019.3114,0,1,12435.59908,25.00504964,0.015406817,0.065068563,13.32449461,0
23-03-2020 08:00,1137.7551,0,1,13880.61222,26.97975057,0.014887958,0.062365216,15.04529411,0
23-03-2020 09:00,1179.1806,0,1,14386.00332,28.87003988,0.014356393,0.056409199,14.76317714,0
23-03-2020 10:00,1222.4819,0,1,14914.27918,30.48228353,0.014016848,0.049069722,14.17083834,0
23-03-2020 11:00,1264.0831,0,1,15421.81382,31.69525553,0.013926547,0.043787638,13.54839544,0
23-03-2020 12:00,1275.7016,0,1,15563.55952,32.50852865,0.01386932,0.046866099,13.12038482,0
23-03-2020 13:00,1283.4643,0,1,15658.26446,32.92400513,0.013723089,0.050567628,12.91444418,0
23-03-2020 14:00,1284.3739,0,1,15669.36158,32.91541951,0.013651883,0.056683222,12.87172475,0
23-03-2020 15:00,1249.9694,0,1,15249.62668,32.38077189,0.013677317,0.068023679,13.04589373,0
23-03-2020 16:00,1178.4153,0,1,14376.66666,31.29636027,0.013850213,0.078898111,13.57480317,0
23-03-2020 17:00,1134.3671,0,1,13839.27862,29.74472453,0.014096846,0.074831167,14.30563189,0
23-03-2020 18:00,1164.0684,0,1,14201.63448,27.91874593,0.01461436,0.066642124,14.64745484,0
23-03-2020 19:00,1250.2305,0,1,15252.8121,26.57625732,0.015126828,0.049908957,15.09577752,0
23-03-2020 20:00,1232.4646,0,1,15036.06812,25.69159342,0.015606264,0.04298528,14.67209009,0
23-03-2020 21:00,1221.4031,0,1,14901.11782,25.16040446,0.015891197,0.041323344,13.94275344,0
23-03-2020 22:00,1189.4158,0,1,14510.87276,24.85830078,0.016001957,0.04259491,13.32437761,0
23-03-2020 23:00,1136.7509,0,1,13868.36098,24.62385457,0.016049198,0.049062094,12.8350584,0
24-03-2020 00:00,1114.6409,0,1,13598.61898,24.42924398,0.016041691,0.055674235,12.68681709,0
24-03-2020 01:00,1079.6926,0,1,13172.24972,24.23394165,0.016021303,0.055185954,12.47145266,0
24-03-2020 02:00,1049.1872,0,1,12800.08384,24.06283976,0.015990776,0.052836101,12.38679766,0
24-03-2020 03:00,1007.6409,0,1,12293.21898,23.91632487,0.01595006,0.050559998,12.28435107,0
24-03-2020 04:00,996.6906,0,1,12159.62532,23.79521077,0.015906789,0.051269532,11.95921221,0
24-03-2020 05:00,1000.0847,0,1,12201.03334,23.66891886,0.015899125,0.050458273,11.34767226,0
24-03-2020 06:00,979.0915,0,1,11944.9163,23.68477783,0.01592836,0.048209507,11.17509566,0
24-03-2020 07:00,1060.4008,0,1,12936.88976,24.84389648,0.015920754,0.045635223,13.28419786,0
24-03-2020 08:00,1142.5166,0,1,13938.70252,26.90553182,0.015418479,0.038555146,14.74883544,0
24-03-2020 09:00,1170.7044,0,1,14282.59368,28.99933268,0.014721698,0.031284333,14.11941428,0
24-03-2020 10:00,1200.0242,0,1,14640.29524,30.73032023,0.014208043,0.02653567,12.85874087,0
24-03-2020 11:00,1224.6232,0,1,14940.40304,32.06879069,0.01400846,0.025206884,11.6823479,0
24-03-2020 12:00,1237.6822,0,1,15099.72284,32.98618978,0.013810137,0.03008461,11.06431089,0
24-03-2020 13:00,1241.8462,0,1,15150.52364,33.47289429,0.013587622,0.034923552,10.88607387,0
24-03-2020 14:00,1230.8084,0,1,15015.86248,33.47056478,0.013496056,0.033456166,11.00843572,0
24-03-2020 15:00,1170.3642,0,1,14278.44324,32.97638346,0.013545621,0.03820475,11.3078343,0
24-03-2020 16:00,1108.1905,0,1,13519.9241,31.90978394,0.013717268,0.042814971,11.85074508,0
24-03-2020 17:00,1085.4636,0,1,13242.65592,30.33264567,0.01407201,0.035086552,12.41316935,0
24-03-2020 18:00,1110.4154,0,1,13547.06788,28.36909383,0.014614948,0.039640148,12.32552883,0
24-03-2020 19:00,1202.4222,0,1,14669.55084,26.92217407,0.015168076,0.038714091,12.77980118,0
24-03-2020 20:00,1218.6026,0,1,14866.95172,26.14741414,0.015496114,0.037769318,12.78591114,0
24-03-2020 21:00,1213.4481,0,1,14804.06682,25.65971273,0.015646132,0.036027273,12.58831608,0
24-03-2020 22:00,1197.5364,0,1,14609.94408,25.26599528,0.015712267,0.034964243,12.41846311,0
24-03-2020 23:00,1150.914,0,1,14041.1508,24.92061768,0.01577707,0.03504308,12.24695982,0
25-03-2020 00:00,1104.2846,0,1,13472.27212,24.57101847,0.015825318,0.03360494,12.17563579,0
25-03-2020 01:00,1060.7795,0,1,12941.5099,24.2506958,0.015818904,0.032758712,12.00777023,0
25-03-2020 02:00,1023.7862,0,1,12490.19164,23.98400269,0.015794732,0.032187143,11.98474782,0
25-03-2020 03:00,1004.6556,0,1,12256.79832,23.78085734,0.015760375,0.032238007,11.92578062,0
25-03-2020 04:00,992.5173,0,1,12108.71106,23.60933838,0.01574891,0.034353893,11.75954518,0
25-03-2020 05:00,975.4369,0,1,11900.33018,23.45091146,0.015764186,0.034997304,11.26207001,0
25-03-2020 06:00,969.1136,0,1,11823.18592,23.4789978,0.015808732,0.032655717,11.20064984,0
25-03-2020 07:00,1022.9034,0,1,12479.42148,24.86722209,0.01571732,0.032052358,13.55975625,0
25-03-2020 08:00,1070.189,0,1,13056.3058,27.00588379,0.015100689,0.027369817,14.46858795,0
25-03-2020 09:00,1078.3543,0,1,13155.92246,29.07763062,0.014383567,0.021242142,13.49186322,0
25-03-2020 10:00,1101.6854,0,1,13440.56188,30.9012085,0.013877488,0.016008059,12.13912637,0
25-03-2020 11:00,1125.8697,0,1,13735.61034,32.34822998,0.013696925,0.009171327,10.97359828,0
25-03-2020 12:00,1141.1993,0,1,13922.63146,33.41906128,0.013372495,0.006265163,10.4301229,0
25-03-2020 13:00,1168.2794,0,1,14253.00868,34.08754883,0.012875057,0.00842452,10.56289237,0
25-03-2020 14:00,1169.6246,0,1,14269.42012,34.21258952,0.01262435,0.014063517,10.93044418,0
25-03-2020 15:00,1167.3183,0,1,14241.28326,33.74083862,0.012649681,0.021125157,11.38946538,0
25-03-2020 16:00,1123.8193,0,1,13710.59546,32.62329508,0.012934501,0.026603183,11.79708007,0
25-03-2020 17:00,1088.176,0,1,13275.7472,30.93233643,0.013446974,0.028395375,12.17911218,0
25-03-2020 18:00,1128.8927,0,1,13772.49094,28.90699666,0.0140943,0.029119015,11.92355084,0
25-03-2020 19:00,1225.0373,0,1,14945.45506,27.30587158,0.014704813,0.03045082,11.91022396,0
25-03-2020 20:00,1230.2567,0,1,15009.13174,26.09388631,0.015368587,0.032016118,11.45206552,0
25-03-2020 21:00,1202.3965,0,1,14669.2373,25.38151449,0.015683968,0.030518213,11.35224359,0
25-03-2020 22:00,1186.7318,0,1,14478.12796,24.8781779,0.015860821,0.025798162,11.52138484,0
25-03-2020 23:00,1121.358,0,1,13680.5676,24.4741862,0.015977983,0.024850845,11.54114809,0
26-03-2020 00:00,1081.2275,0,1,13190.9755,24.10605265,0.016041805,0.026186625,11.629769,0
26-03-2020 01:00,1031.6002,0,1,12585.52244,23.79364421,0.016082571,0.025481542,11.71592366,0
26-03-2020 02:00,999.6255,0,1,12195.4311,23.5578654,0.016115632,0.024332364,11.64436582,0
26-03-2020 03:00,976.6255,0,1,11914.8311,23.37657064,0.016090173,0.025369008,11.43824848,0
26-03-2020 04:00,958.4094,0,1,11692.59468,23.22070719,0.015994805,0.025560379,11.0409098,0
26-03-2020 05:00,955.319,0,1,11654.8918,23.06007284,0.015862626,0.023836772,10.53493573,0
26-03-2020 06:00,920.969,0,1,11235.8218,23.05515951,0.015788845,0.022907257,10.60278478,0
26-03-2020 07:00,995.9918,0,1,12151.09996,23.96820475,0.015927327,0.024304708,12.50310827,0
26-03-2020 08:00,1084.5176,0,1,13231.11472,25.64939779,0.015680486,0.01780192,14.04082452,0
26-03-2020 09:00,1065.4943,0,1,12999.03046,27.9582255,0.014772449,0.009552638,14.04891853,0
26-03-2020 10:00,1092.6774,0,1,13330.66428,29.93996582,0.013991592,0.005781492,12.94105736,0
26-03-2020 11:00,1119.5322,0,1,13658.29284,31.46102295,0.013543829,0.004173279,11.8203954,0
26-03-2020 12:00,1151.7486,0,1,14051.33292,32.41267293,0.013492793,0.00308609,11.0540124,0
26-03-2020 13:00,1171.4754,0,1,14291.99988,32.93378092,0.013248509,0.002467871,10.7459979,0
26-03-2020 14:00,1188.0051,0,1,14493.66222,33.01560872,0.012975022,0.002428373,11.13347069,0
26-03-2020 15:00,1183.086,0,1,14433.6492,32.53199666,0.01295332,0.00499622,11.68253968,0
26-03-2020 16:00,1123.8308,0,1,13710.73576,31.42744344,0.013239339,0.009563764,12.25737397,0
26-03-2020 17:00,1088.1833,0,1,13275.83626,29.61963298,0.013866153,0.012127797,12.54590956,0
26-03-2020 18:00,1132.3869,0,1,13815.12018,27.35323486,0.014807064,0.016101837,11.7162199,0
26-03-2020 19:00,1186.0821,0,1,14470.20162,25.86713053,0.015211423,0.021961212,11.40327171,0
26-03-2020 20:00,1193.9295,0,1,14565.9399,25.16894938,0.015239452,0.023947399,11.51825626,0
26-03-2020 21:00,1175.4962,0,1,14341.05364,24.69541829,0.015225569,0.020470937,11.51210127,0
26-03-2020 22:00,1148.3924,0,1,14010.38728,24.28218994,0.01519266,0.018902779,11.64092611,0
26-03-2020 23:00,1105.5387,0,1,13487.57214,23.9114624,0.015173777,0.016577403,11.8924523,0
27-03-2020 00:00,1060.2794,0,1,12935.40868,23.58843384,0.015171425,0.019358317,12.22602301,0
27-03-2020 01:00,1038.295,0,1,12667.199,23.36152547,0.015179227,0.024551392,12.541817,0
27-03-2020 02:00,997.7263,0,1,12172.26086,23.23855998,0.01520987,0.026334127,12.5032127,0
27-03-2020 03:00,961.6814,0,1,11732.51308,23.16060791,0.015259511,0.028564453,12.14346647,0
27-03-2020 04:00,940.482,0,1,11473.8804,23.0825236,0.01525434,0.027647018,11.31836244,0
27-03-2020 05:00,934.0281,0,1,11395.14282,22.95206095,0.015186766,0.027161916,10.21407486,0
27-03-2020 06:00,910.3827,0,1,11106.66894,23.01407267,0.015117929,0.023796082,9.725415776,0
27-03-2020 07:00,978.703,0,1,11940.1766,24.52990112,0.01491179,0.01735115,12.27008874,0
27-03-2020 08:00,1037.2942,0,1,12654.98924,26.63403727,0.014247897,0.010083517,13.83161799,0
27-03-2020 09:00,1062.4411,0,1,12961.78142,28.59461873,0.013522971,0.004019578,13.37834264,0
27-03-2020 10:00,1092.5355,0,1,13328.9331,30.42076009,0.012955749,0.002601862,12.52486483,0
27-03-2020 11:00,1128.7531,0,1,13770.78782,31.85404867,0.012847597,0.001673937,11.77054889,0
27-03-2020 12:00,1143.1551,0,1,13946.49222,32.86348877,0.012726746,0.001115084,11.51636084,0
27-03-2020 13:00,1167.9408,0,1,14248.87776,33.40629476,0.012635157,0.000847379,11.68773346,0
27-03-2020 14:00,1184.2203,0,1,14447.48766,33.47149048,0.012594445,0.00074319,12.06464556,0
27-03-2020 15:00,1149.331,0,1,14021.8382,32.95975138,0.01270886,0.000660539,12.56309641,0
27-03-2020 16:00,1134.4357,0,1,13840.11554,31.84108887,0.012914843,0.000612775,13.1550407,0
27-03-2020 17:00,1089.9599,0,1,13297.51078,30.05991007,0.01329251,0.000796835,13.68932685,0
27-03-2020 18:00,1117.902,0,1,13638.4044,27.85174967,0.01389144,0.001510541,13.38289647,0
27-03-2020 19:00,1202.4471,0,1,14669.85462,26.38234863,0.014367041,0.007832845,13.16221882,0
27-03-2020 20:00,1196.2306,0,1,14594.01332,25.61014201,0.01473206,0.015614192,12.81577985,0
27-03-2020 21:00,1201.6129,0,1,14659.67738,25.0961141,0.01496362,0.017841339,12.14007781,0
27-03-2020 22:00,1183.6731,0,1,14440.81182,24.63944906,0.015141833,0.025853475,11.33477749,0
27-03-2020 23:00,1116.7885,0,1,13624.8197,24.28874105,0.015241229,0.03607432,10.88720545,0
28-03-2020 00:00,1086.0773,0,1,13250.14306,23.9618571,0.015289767,0.046803792,10.50328305,0
28-03-2020 01:00,1052.2665,0,1,12837.6513,23.72054443,0.015302692,0.055460612,10.21539729,0
28-03-2020 02:00,1003.9086,0,1,12247.68492,23.53833415,0.015305392,0.060806275,10.02900001,0
28-03-2020 03:00,981.9293,0,1,11979.53746,23.39868571,0.015352497,0.064376831,9.811110557,0
28-03-2020 04:00,963.6492,0,1,11756.52024,23.31152751,0.015485985,0.063232422,9.315456876,0
28-03-2020 05:00,954.3384,0,1,11642.92848,23.23844808,0.015600359,0.059733073,8.818020994,0
28-03-2020 06:00,921.4352,0,1,11241.50944,23.36359049,0.015690634,0.055333456,9.216254871,0
28-03-2020 07:00,965.3237,0,1,11776.94914,24.86839193,0.015574993,0.059178669,12.11647234,0
28-03-2020 08:00,1027.824,0,1,12539.4528,27.00795898,0.015105925,0.05939738,14.08059136,0
28-03-2020 09:00,1038.6501,0,1,12671.53122,28.97618001,0.014555468,0.054054261,14.16974031,0
28-03-2020 10:00,1043.9683,0,1,12736.41326,30.63214518,0.014151137,0.047434487,13.65304182,0
28-03-2020 11:00,1055.1957,0,1,12873.38754,31.90058797,0.014102876,0.04068756,13.10575561,0
28-03-2020 12:00,1089.5343,0,1,13292.31846,32.71887614,0.01401775,0.038285573,12.81307547,0
28-03-2020 13:00,1093.4194,0,1,13339.71668,33.1939738,0.013752091,0.044816971,12.73811998,0
28-03-2020 14:00,1105.1361,0,1,13482.66042,33.15055745,0.013599335,0.057811103,12.86536615,0
28-03-2020 15:00,1101.8426,0,1,13442.47972,32.64243978,0.01362975,0.068167686,13.14331742,0
28-03-2020 16:00,1074.4184,0,1,13107.90448,31.65413818,0.013787511,0.068701426,13.7028957,0
28-03-2020 17:00,1060.5146,0,1,12938.27812,30.08971558,0.014208396,0.065119347,14.05420446,0
28-03-2020 18:00,1077.7551,0,1,13148.61222,28.23085938,0.014813707,0.062165261,13.73158653,0
28-03-2020 19:00,1145.3542,0,1,13973.32124,26.76330973,0.015382267,0.071069081,13.5774923,0
28-03-2020 20:00,1168.8974,0,1,14260.54828,25.67125854,0.015874493,0.076299031,13.48143218,0
28-03-2020 21:00,1174.3769,0,1,14327.39818,25.09182129,0.016084471,0.071933748,13.10277736,0
28-03-2020 22:00,1132.4886,0,1,13816.36092,24.68351644,0.016129148,0.06641388,12.45481671,0
28-03-2020 23:00,1100.5911,0,1,13427.21142,24.33933919,0.016085993,0.061701456,11.96853328,0
29-03-2020 00:00,1048.4389,0,1,12790.95458,24.05251465,0.015994528,0.058259327,11.63831707,0
29-03-2020 01:00,1030.8013,0,1,12575.77586,23.79628906,0.015896756,0.056307475,11.36243401,0
29-03-2020 02:00,1001.4967,0,1,12218.25974,23.5848938,0.015800081,0.055048624,11.20188266,0
29-03-2020 03:00,981.3292,0,1,11972.21624,23.40620321,0.015717369,0.051839193,11.13431242,0
29-03-2020 04:00,960.1619,0,1,11713.97518,23.26691081,0.015663828,0.048642477,11.10474741,0
29-03-2020 05:00,944.5932,0,1,11524.03704,23.16304932,0.015629379,0.046577454,11.15173966,0
29-03-2020 06:00,880.4259,0,1,10741.19598,23.17287598,0.015628143,0.044570923,11.51813096,0
29-03-2020 07:00,894.5027,0,1,10912.93294,24.00118408,0.015852048,0.039382934,13.48413605,0
29-03-2020 08:00,899.1052,0,1,10969.08344,25.67145182,0.015741556,0.031154633,15.33435378,0
29-03-2020 09:00,943.788,0,1,11514.2136,27.97601725,0.014895847,0.024325053,15.76270055,0
29-03-2020 10:00,958.3187,0,1,11691.48814,29.85139364,0.014313424,0.020215989,14.98567123,0
29-03-2020 11:00,980.3734,0,1,11960.55548,31.18788045,0.014060394,0.01795578,13.98588619,0
29-03-2020 12:00,1006.0215,0,1,12273.4623,32.01666667,0.014103709,0.018201828,13.15515864,0
29-03-2020 13:00,1013.4755,0,1,12364.4011,32.40040487,0.014064375,0.018741607,12.79897727,0
29-03-2020 14:00,1040.6233,0,1,12695.60426,32.31289063,0.014114018,0.024019877,12.71621147,0
29-03-2020 15:00,1051.7182,0,1,12830.96204,31.71923218,0.014253957,0.032842,12.83581594,0
29-03-2020 16:00,1051.4753,0,1,12827.99866,30.62850342,0.014364693,0.047754922,13.07875625,0
29-03-2020 17:00,1006.6204,0,1,12280.76888,29.09598185,0.014494533,0.050028483,13.18171443,0
29-03-2020 18:00,1054.7027,0,1,12867.37294,27.23936361,0.014877462,0.052556357,12.82083178,0
29-03-2020 19:00,1128.263,0,1,13764.8086,26.02930094,0.015288447,0.063700358,13.14176481,0
29-03-2020 20:00,1153.1324,0,1,14068.21528,25.484257,0.015410828,0.062769572,13.70992603,0
29-03-2020 21:00,1176.7663,0,1,14356.54886,25.06661377,0.015535769,0.056793212,13.6925697,0
29-03-2020 22:00,1161.726,0,1,14173.0572,24.74601644,0.015649323,0.053278606,13.34920864,0
29-03-2020 23:00,1130.5042,0,1,13792.15124,24.48250732,0.015706741,0.050084433,13.10973727,0
30-03-2020 00:00,1109.9111,0,1,13540.91542,24.24527384,0.015757545,0.043490092,12.75549709,0
30-03-2020 01:00,1056.1904,0,1,12885.52288,24.02889404,0.015791892,0.039059956,12.36161611,0
30-03-2020 02:00,1039.456,0,1,12681.3632,23.8290446,0.015855562,0.035494487,11.80150283,0
30-03-2020 03:00,1015.9676,0,1,12394.80472,23.6426534,0.015887524,0.03424581,11.48912379,0
30-03-2020 04:00,996.031,0,1,12151.5782,23.4862203,0.015948693,0.040456135,11.20807522,0
30-03-2020 05:00,999.5791,0,1,12194.86502,23.39972331,0.016060493,0.045333862,11.06051599,0
30-03-2020 06:00,979.7324,0,1,11952.73528,23.49886475,0.01615839,0.042065938,11.45687127,0
30-03-2020 07:00,1026.5456,0,1,12523.85632,24.5795634,0.016225551,0.034674326,13.31510641,0
30-03-2020 08:00,1065.8462,0,1,13003.32364,26.61953125,0.01565415,0.029694875,15.78184739,0
30-03-2020 09:00,1079.5842,0,1,13170.92724,28.58592122,0.015081536,0.02340889,15.45323658,0
30-03-2020 10:00,1120.9182,0,1,13675.20204,30.23123576,0.01480926,0.020464579,13.99069994,0
30-03-2020 11:00,1129.0468,0,1,13774.37096,31.45900879,0.014907014,0.017748515,12.59248176,0
30-03-2020 12:00,1149.1093,0,1,14019.13346,32.28746948,0.014928499,0.023401896,11.82492626,0
30-03-2020 13:00,1167.1447,0,1,14239.16534,32.69587606,0.01473518,0.034113566,11.59210639,0
30-03-2020 14:00,1162.05,0,1,14177.01,32.57314453,0.014590214,0.057411195,12.00411347,0
30-03-2020 15:00,1153.6618,0,1,14074.67396,31.85129191,0.014688142,0.070673624,12.63362065,0
30-03-2020 16:00,1106.9992,0,1,13505.39024,30.71629232,0.014845836,0.074091594,13.30571819,0
30-03-2020 17:00,1087.2324,0,1,13264.23528,29.20349528,0.014946294,0.074717205,13.78416685,0
30-03-2020 18:00,1135.8567,0,1,13857.45174,27.46483765,0.015135784,0.069103876,13.39742969,0
30-03-2020 19:00,1213.7542,0,1,14807.80124,26.30273844,0.015382674,0.055391949,12.78018035,0
30-03-2020 20:00,1216.0934,0,1,14836.33948,25.62532959,0.015637254,0.044396083,12.30654726,0
30-03-2020 21:00,1221.3724,0,1,14900.74328,25.12854411,0.015817949,0.037579854,11.7281386,0
30-03-2020 22:00,1202.8118,0,1,14674.30396,24.70984294,0.015893124,0.034258524,10.89128221,0
30-03-2020 23:00,1151.9606,0,1,14053.91932,24.35702922,0.015909811,0.030092875,10.26286488,0
31-03-2020 00:00,1106.5208,0,1,13499.55376,24.05972697,0.015909744,0.030408223,9.859337819,0
31-03-2020 01:00,1074.8184,0,1,13112.78448,23.82368368,0.015919865,0.031534831,9.286889325,0
31-03-2020 02:00,1046.0112,0,1,12761.33664,23.59422201,0.015922439,0.032534282,8.450350808,0
31-03-2020 03:00,1007.3123,0,1,12289.21006,23.41604004,0.015919976,0.039370219,7.878426013,0
31-03-2020 04:00,1004.7204,0,1,12257.58888,23.28791707,0.015941663,0.043395996,7.302269691,0
31-03-2020 05:00,976.1665,0,1,11909.2313,23.20339355,0.016003996,0.048797607,6.727268669,0
31-03-2020 06:00,949.9312,0,1,11589.16064,23.35448608,0.016080269,0.050038655,6.857719182,0
31-03-2020 07:00,1002.2528,0,1,12227.48416,24.71464437,0.01612047,0.057235718,9.667786784,0
31-03-2020 08:00,1075.1586,0,1,13116.93492,26.55248413,0.01578815,0.07039388,11.53841781,0
31-03-2020 09:00,1070.7447,0,1,13063.08534,28.29480387,0.015364387,0.07849884,11.46819342,0
31-03-2020 10:00,1086.424,0,1,13254.3728,29.80238241,0.015032307,0.081619262,10.87595248,0
31-03-2020 11:00,1091.1871,0,1,13312.48262,30.99940389,0.014908873,0.089803059,10.25511281,0
31-03-2020 12:00,1131.7991,0,1,13807.94902,31.74908854,0.01481984,0.100423177,10.23008488,0
31-03-2020 13:00,1152.946,0,1,14065.9412,32.18224487,0.014601166,0.110575357,10.62883172,0
31-03-2020 14:00,1177.2463,0,1,14362.40486,32.17946777,0.014583428,0.109222411,11.03689672,0
31-03-2020 15:00,1159.8623,0,1,14150.32006,31.70839844,0.014673701,0.110107423,11.42497814,0
31-03-2020 16:00,1116.1463,0,1,13616.98486,30.84295044,0.014756271,0.098943074,11.66928748,0
31-03-2020 17:00,1058.982,0,1,12919.5804,29.71844889,0.014881905,0.085189819,11.58307657,0
31-03-2020 18:00,1142.059,0,1,13933.1198,28.18970133,0.015385244,0.078094483,10.21305169,0
31-03-2020 19:00,1218.1456,0,1,14861.37632,27.04829305,0.015973813,0.068949381,9.388597262,0
31-03-2020 20:00,1222.0867,0,1,14909.45774,26.27728678,0.01643155,0.055146537,8.499922743,0
31-03-2020 21:00,1217.8467,0,1,14857.72974,25.73704427,0.016711317,0.045983633,7.767892225,0
31-03-2020 22:00,1179.7148,0,1,14392.52056,25.34906413,0.016828282,0.04054133,7.20161761,0
31-03-2020 23:00,1147.2347,0,1,13996.26334,25.00567017,0.016902065,0.035242716,6.697829409,0
04-01-2020 00:00,1083.1481,0,1,13214.40682,24.71834717,0.016927569,0.035404206,6.130359779,0
04-01-2020 01:00,1032.8958,0,1,12601.32876,24.45834757,0.016899721,0.039704641,5.804392202,0
04-01-2020 02:00,1007.0061,0,1,12285.47442,24.20205078,0.016892278,0.04715983,5.565179541,0
04-01-2020 03:00,958.9307,0,1,11698.95454,23.97590535,0.016887365,0.052805583,5.200750077,0
04-01-2020 04:00,956.3519,0,1,11667.49318,23.80344035,0.016867098,0.057421366,4.828115144,0
04-01-2020 05:00,960.5375,0,1,11718.5575,23.66567383,0.016846807,0.054912567,4.478665557,0
04-01-2020 06:00,930.1426,0,1,11347.73972,23.71993408,0.016869798,0.050702413,4.467110723,0
04-01-2020 07:00,955.8614,0,1,11661.50908,24.58383586,0.016964065,0.052380879,5.884399019,0
04-01-2020 08:00,1018.1963,0,1,12421.99486,25.95898844,0.016687033,0.064183554,6.337227904,0
04-01-2020 09:00,1051.1907,0,1,12824.52654,27.79611613,0.015996688,0.071772257,6.120013697,0
04-01-2020 10:00,1063.9235,0,1,12979.8667,29.55232137,0.015508415,0.059341431,5.937967597,0
04-01-2020 11:00,1075.4083,0,1,13119.98126,30.95553996,0.015040413,0.048446656,6.202395378,0
04-01-2020 12:00,1102.9994,0,1,13456.59268,31.97514242,0.014801235,0.040465038,6.668693504,0
04-01-2020 13:00,1128.8236,0,1,13771.64792,32.57446696,0.014595004,0.032490413,7.228473348,0
04-01-2020 14:00,1130.6409,0,1,13793.81898,32.71037191,0.014482907,0.02903684,7.73755008,0
04-01-2020 15:00,1116.6105,0,1,13622.6481,32.36404826,0.014444591,0.028095246,8.122076785,0
04-01-2020 16:00,1068.9989,0,1,13041.78658,31.57018433,0.014499165,0.02326711,8.500514722,0
04-01-2020 17:00,1041.5846,0,1,12707.33212,30.25704346,0.014894514,0.01925532,8.629867857,0
04-01-2020 18:00,1105.9178,0,1,13492.19716,28.37981567,0.016061675,0.015809377,8.451612264,0
04-01-2020 19:00,1192.7597,0,1,14551.66834,27.09686686,0.016538388,0.013849259,8.112010547,0
04-01-2020 20:00,1195.4825,0,1,14584.8865,26.34761963,0.016634941,0.017148336,7.234619916,0
04-01-2020 21:00,1181.5032,0,1,14414.33904,25.80196533,0.016678128,0.025630951,6.277804984,0
04-01-2020 22:00,1155.156,0,1,14092.9032,25.36585897,0.01662725,0.034375509,5.739199839,0
04-01-2020 23:00,1099.3534,0,1,13412.11148,24.99789836,0.016571264,0.038887024,5.306529395,0
04-02-2020 00:00,1069.3474,0,1,13046.03828,24.6599467,0.016543212,0.040551503,5.250356639,0
04-02-2020 01:00,1017.5412,0,1,12414.00264,24.33233032,0.016517685,0.039502461,5.080677454,0
04-02-2020 02:00,995.8398,0,1,12149.24556,24.00341187,0.016459139,0.037841797,4.990244332,0
04-02-2020 03:00,978.5403,0,1,11938.19166,23.71853027,0.016395441,0.035362244,4.958142556,0
04-02-2020 04:00,951.4024,0,1,11607.10928,23.46292521,0.016316511,0.030392965,4.923355522,0
04-02-2020 05:00,945.0238,0,1,11529.29036,23.24400228,0.016214704,0.02852885,4.928572898,0
04-02-2020 06:00,925.7009,0,1,11293.55098,23.28942261,0.016153649,0.025681814,5.390395574,0
04-02-2020 07:00,978.4845,0,1,11937.5109,24.45971069,0.016032887,0.021497091,7.655222993,0
04-02-2020 08:00,1028.7467,0,1,12550.70974,26.3756958,0.015409899,0.022622427,8.543565123,0
04-02-2020 09:00,1044.1151,0,1,12738.20422,28.31691895,0.014727182,0.025588989,8.218467431,0
04-02-2020 10:00,1063.0323,0,1,12968.99406,29.95933431,0.01406731,0.029946645,7.528596572,0
04-02-2020 11:00,1067.6087,0,1,13024.82614,31.31759033,0.013598076,0.033140818,6.891078411,0
04-02-2020 12:00,1110.2527,0,1,13545.08294,32.33910522,0.013359015,0.036710103,6.715351846,0
04-02-2020 13:00,1137.0979,0,1,13872.59438,33.02539469,0.012950851,0.037039438,7.029141673,0
04-02-2020 14:00,1137.0322,0,1,13871.79284,33.20913086,0.012906372,0.035838763,7.690500511,0
04-02-2020 15:00,1111.131,0,1,13555.7982,32.89323324,0.013066635,0.030260166,8.55040416,0
04-02-2020 16:00,1080.2365,0,1,13178.8853,32.08644002,0.013347718,0.023798228,9.373183002,0
04-02-2020 17:00,1052.0799,0,1,12835.37478,30.74261882,0.013689846,0.020435015,9.883603541,0
04-02-2020 18:00,1109.5039,0,1,13535.94758,28.69807332,0.014391826,0.015830358,9.181196688,0
04-02-2020 19:00,1162.5666,0,1,14183.31252,27.24293416,0.014590255,0.013384978,9.137907155,0
04-02-2020 20:00,1165.7451,0,1,14222.09022,26.24188639,0.014906934,0.01323088,8.558161821,0
04-02-2020 21:00,1152.1953,0,1,14056.78266,25.53454997,0.015096457,0.015139818,8.512367631,0
04-02-2020 22:00,1129.4075,0,1,13778.7715,24.96772664,0.01524146,0.016312679,8.825458564,0
04-02-2020 23:00,1102.5652,0,1,13451.29544,24.47625122,0.015415696,0.017454783,8.734953401,0
04-03-2020 00:00,1065.0563,0,1,12993.68686,24.04751994,0.015563225,0.019893487,8.366917504,0
04-03-2020 01:00,1024.6903,0,1,12501.22166,23.67787069,0.015676393,0.022912661,8.066178863,0
04-03-2020 02:00,991.7019,0,1,12098.76318,23.4047994,0.015760296,0.02937905,7.897390469,0
04-03-2020 03:00,970.229,0,1,11836.7938,23.20582479,0.015803487,0.035305659,7.720415857,0
04-03-2020 04:00,937.6427,0,1,11439.24094,23.09741618,0.015807258,0.036443711,7.444491641,0
04-03-2020 05:00,944.307,0,1,11520.5454,23.02541504,0.015795784,0.036249478,7.275498319,0
04-03-2020 06:00,906.1816,0,1,11055.41552,23.16956991,0.015811055,0.037885666,7.688036827,0
04-03-2020 07:00,972.0421,0,1,11858.91362,24.58010254,0.015710647,0.043689091,10.32506358,0
04-03-2020 08:00,1023.0909,0,1,12481.70898,26.56711222,0.015205906,0.050013224,11.29034377,0
04-03-2020 09:00,1049.7278,0,1,12806.67916,28.53509928,0.014563788,0.055650074,10.58627876,0
04-03-2020 10:00,1069.3467,0,1,13046.02974,30.42383219,0.014057731,0.054491679,9.660604856,0
04-03-2020 11:00,1103.3143,0,1,13460.43446,31.98405355,0.0139128,0.05090491,8.701003058,0
04-03-2020 12:00,1119.3165,0,1,13655.6613,33.08429362,0.013892504,0.053006967,8.377345199,0
04-03-2020 13:00,1132.146,0,1,13812.1812,33.7998291,0.013572143,0.05341164,8.713399384,0
04-03-2020 14:00,1145.1431,0,1,13970.74582,33.99018758,0.013536545,0.058399279,9.238193276,0
04-03-2020 15:00,1130.5942,0,1,13793.24924,33.64946899,0.013703213,0.058829428,9.999107935,0
04-03-2020 16:00,1104.4971,0,1,13474.86462,32.71690267,0.014018593,0.051213265,10.70336298,0
04-03-2020 17:00,1059.884,0,1,12930.5848,31.30834351,0.014498042,0.044183175,11.44060846,0
04-03-2020 18:00,1111.0804,0,1,13555.18088,29.35578817,0.015188414,0.038926282,11.62983031,0
04-03-2020 19:00,1190.4903,0,1,14523.98166,27.76644287,0.015567238,0.035000483,12.03911745,0
04-03-2020 20:00,1185.8876,0,1,14467.82872,26.62200317,0.015874848,0.029855728,12.07470847,0
04-03-2020 21:00,1185.2906,0,1,14460.54532,25.9148702,0.016019711,0.027130127,11.95047775,0
04-03-2020 22:00,1158.9295,0,1,14138.9399,25.4894043,0.016051424,0.02514267,11.55330677,0
04-03-2020 23:00,1119.1389,0,1,13653.49458,25.09529012,0.016072967,0.023793539,10.8862562,0
04-04-2020 00:00,1065.5928,0,1,13000.23216,24.69265137,0.01608562,0.025627136,10.31643226,0
04-04-2020 01:00,1033.6453,0,1,12610.47266,24.34058024,0.016070332,0.026896159,9.724812162,0
04-04-2020 02:00,1001.357,0,1,12216.5554,24.06517944,0.016048727,0.02532959,9.324360232,0
04-04-2020 03:00,977.4906,0,1,11925.38532,23.86798503,0.016029711,0.023788452,9.021906089,0
04-04-2020 04:00,953.1766,0,1,11628.75452,23.68311971,0.016025826,0.021790822,8.771117144,0
04-04-2020 05:00,938.3196,0,1,11447.49912,23.55259603,0.016044899,0.019321442,8.839183382,0
04-04-2020 06:00,904.1113,0,1,11030.15786,23.64158529,0.016079319,0.016789754,9.434326548,0
04-04-2020 07:00,941.0293,0,1,11480.55746,25.00877279,0.015819898,0.015902519,12.81264453,0
04-04-2020 08:00,991.5859,0,1,12097.34798,26.99994303,0.015220956,0.011853536,14.13433507,0
04-04-2020 09:00,1004.4653,0,1,12254.47666,29.12172852,0.014572418,0.010008335,13.68714118,0
04-04-2020 10:00,1025.2205,0,1,12507.6901,31.03391927,0.013909888,0.01091365,12.83884199,0
04-04-2020 11:00,1059.9923,0,1,12931.90606,32.4390096,0.013780123,0.012052497,11.97903822,0
04-04-2020 12:00,1062.7067,0,1,12965.02174,33.39323324,0.013603305,0.01170977,11.60866824,0
04-04-2020 13:00,1070.7594,0,1,13063.26468,33.95480754,0.013295517,0.009947638,11.7120734,0
04-04-2020 14:00,1100.8143,0,1,13429.93446,34.01609701,0.013191185,0.011680981,12.18609486,0
04-04-2020 15:00,1077.35,0,1,13143.67,33.450413,0.013408569,0.015222808,12.69576987,0
04-04-2020 16:00,1053.1742,0,1,12848.72524,32.30306396,0.013842125,0.014736911,13.10144172,0
04-04-2020 17:00,1048.3176,0,1,12789.47472,30.63759766,0.014306216,0.014830987,13.34642502,0
04-04-2020 18:00,1075.0362,0,1,13115.44164,28.66201172,0.014770321,0.016341527,12.89217954,0
04-04-2020 19:00,1176.2032,0,1,14349.67904,27.08533122,0.015229347,0.016863982,12.49265607,0
04-04-2020 20:00,1175.3708,0,1,14339.52376,25.97525431,0.015689656,0.018419902,11.58274082,0
04-04-2020 21:00,1169.5511,0,1,14268.52342,25.29513957,0.015951594,0.02058347,11.20744484,0
04-04-2020 22:00,1144.8204,0,1,13966.80888,24.78658447,0.016138518,0.020581246,11.09941275,0
04-04-2020 23:00,1109.0228,0,1,13530.07816,24.37255249,0.016242789,0.021133105,10.98583008,0
04-05-2020 00:00,1079.217,0,1,13166.4474,24.04213867,0.016288546,0.020993869,11.04681747,0
04-05-2020 01:00,1042.3647,0,1,12716.84934,23.79557699,0.016289809,0.020059268,11.30852835,0
04-05-2020 02:00,1003.4026,0,1,12241.51172,23.59416097,0.016270737,0.021898269,11.52598618,0
04-05-2020 03:00,979.4047,0,1,11948.73734,23.44502157,0.016273283,0.020682017,11.46221268,0
04-05-2020 04:00,952.9252,0,1,11625.68744,23.3505188,0.016260561,0.018713633,10.94676412,0
04-05-2020 05:00,932.3112,0,1,11374.19664,23.29986979,0.016238923,0.016798655,10.07789861,0
04-05-2020 06:00,864.443,0,1,10546.2046,23.40814616,0.016265601,0.017161687,10.1588879,0
04-05-2020 07:00,867.8958,0,1,10588.32876,24.45157267,0.016377476,0.020236969,12.73582634,0
04-05-2020 08:00,885.4537,0,1,10802.53514,26.55117188,0.015927327,0.02150917,14.82082415,0
04-05-2020 09:00,909.822,0,1,11099.8284,28.94495036,0.015127508,0.018954913,14.96864993,0
04-05-2020 10:00,916.0532,0,1,11175.84904,31.00808105,0.01455532,0.019031525,14.11869728,0
04-05-2020 11:00,940.3759,0,1,11472.58598,32.55384725,0.014618924,0.0209589,13.14591319,0
04-05-2020 12:00,973.8905,0,1,11881.4641,33.59002075,0.014843979,0.019182523,12.6602866,0
04-05-2020 13:00,983.8988,0,1,12003.56536,34.23203939,0.014842623,0.018453121,12.3933443,0
04-05-2020 14:00,1022.5385,0,1,12474.9697,34.37346802,0.01477132,0.01990517,12.35187962,0
04-05-2020 15:00,1029.2628,0,1,12557.00616,33.90718994,0.01477634,0.018344402,12.60034845,0
04-05-2020 16:00,1017.6257,0,1,12415.03354,32.79273885,0.014972129,0.020866235,12.93842907,0
04-05-2020 17:00,1001.6304,0,1,12219.89088,31.04126383,0.015348503,0.021872997,13.18365465,0
04-05-2020 18:00,1084.1638,0,1,13226.79836,29.01050212,0.015827875,0.025722981,12.91647581,0
04-05-2020 19:00,1156.9975,0,1,14115.3695,27.53629964,0.016146947,0.027992169,12.73934635,0
04-05-2020 20:00,1181.607,0,1,14415.6054,26.7644694,0.016247359,0.028704921,12.12315457,0
04-05-2020 21:00,1175.5165,0,1,14341.3013,26.24827474,0.016391016,0.030266285,11.55116874,0
04-05-2020 22:00,1169.965,0,1,14273.573,25.83740641,0.01654996,0.031446676,11.3579648,0
04-05-2020 23:00,1139.231,0,1,13898.6182,25.49152018,0.016633921,0.033045014,11.4121445,0
04-06-2020 00:00,1102.8922,0,1,13455.28484,25.21334229,0.016659333,0.036864281,11.70618438,0
04-06-2020 01:00,1060.2452,0,1,12934.99144,24.96977132,0.016644019,0.041905721,12.00359395,0
04-06-2020 02:00,1037.8196,0,1,12661.39912,24.80265706,0.016562597,0.039873759,12.24808569,0
04-06-2020 03:00,1015.8243,0,1,12393.05646,24.69448242,0.01651172,0.036150615,11.93867553,0
04-06-2020 04:00,1018.9705,0,1,12431.4401,24.60916545,0.016514259,0.036193848,11.18430545,0
04-06-2020 05:00,994.7616,0,1,12136.09152,24.57403971,0.016571477,0.041152954,10.31512844,0
04-06-2020 06:00,959.9162,0,1,11710.97764,24.65582682,0.016691003,0.044392903,9.822000388,0
04-06-2020 07:00,1025.1189,0,1,12506.45058,25.58206584,0.016797818,0.051755269,11.65282116,0
04-06-2020 08:00,1099.4716,0,1,13413.55352,27.37675374,0.016617258,0.054155984,13.69068489,0
04-06-2020 09:00,1125.0054,0,1,13725.06588,29.24137777,0.016275202,0.049961091,14.32119753,0
04-06-2020 10:00,1146.9866,0,1,13993.23652,30.90870565,0.016079391,0.045145671,14.02034095,0
04-06-2020 11:00,1163.8339,0,1,14198.77358,32.26050212,0.016059078,0.041895548,13.31154141,0
04-06-2020 12:00,1192.6923,0,1,14550.84606,33.10034587,0.016174788,0.037857055,12.72552046,0
04-06-2020 13:00,1205.537,0,1,14707.5514,33.50597534,0.015984022,0.042266846,12.59172936,0
04-06-2020 14:00,1225.2386,0,1,14947.91092,33.39055786,0.015942029,0.056058884,12.54638641,0
04-06-2020 15:00,1203.9735,0,1,14688.4767,32.87152507,0.015968708,0.070899963,12.46830339,0
04-06-2020 16:00,1163.6418,0,1,14196.42996,32.03874105,0.016029701,0.077046075,12.37680646,0
04-06-2020 17:00,1110.1973,0,1,13544.40706,30.85309245,0.016170791,0.072252908,12.45435723,0
04-06-2020 18:00,1155.0776,0,1,14091.94672,29.33146566,0.016514052,0.074979147,12.27455386,0
04-06-2020 19:00,1233.2313,0,1,15045.42186,28.02071533,0.017114224,0.071121216,12.30021155,0
04-06-2020 20:00,1241.4734,0,1,15145.97548,27.03214925,0.017655922,0.063433329,12.28559105,0
04-06-2020 21:00,1242.7259,0,1,15161.25598,26.52284139,0.017841559,0.058364869,12.4355479,0
04-06-2020 22:00,1225.2185,0,1,14947.6657,26.17709757,0.018067895,0.0548172,12.14041327,0
04-06-2020 23:00,1195.6669,0,1,14587.13618,25.89650879,0.018169625,0.060663859,11.60781743,0
13-04-2020 00:00,1021.9361,0,1,12467.62042,25.21619059,0.018398859,0.051465351,5.66949111,0
13-04-2020 01:00,984.6435,0,1,12012.6507,25.00122477,0.018322586,0.049746196,5.557952836,0
13-04-2020 02:00,963.7067,0,1,11757.22174,24.81801758,0.018261584,0.04864502,5.671980161,0
13-04-2020 03:00,949.2182,0,1,11580.46204,24.67025146,0.018192944,0.05064392,5.759631696,0
13-04-2020 04:00,936.7747,0,1,11428.65134,24.57873942,0.018121762,0.05846405,5.908022675,0
13-04-2020 05:00,945.6722,0,1,11537.20084,24.48407389,0.018070948,0.061744691,6.181172402,0
13-04-2020 06:00,911.014,0,1,11114.3708,24.5575297,0.018068424,0.063072205,6.887042244,0
13-04-2020 07:00,947.5435,0,1,11560.0307,25.36744588,0.01825919,0.062118531,8.702844926,0
13-04-2020 08:00,995.765,0,1,12148.333,26.80110067,0.018121911,0.063173931,8.922067704,0
13-04-2020 09:00,990.6117,0,1,12085.46274,28.81813965,0.017521795,0.065948488,7.404680926,0
13-04-2020 10:00,1014.7252,0,1,12379.64744,30.5546814,0.017229132,0.098927815,5.526823106,0
13-04-2020 11:00,1033.7806,0,1,12612.12332,31.75903727,0.017157874,0.13913981,4.58436167,0
13-04-2020 12:00,1036.4793,0,1,12645.04746,32.6146993,0.016977225,0.165893553,4.386834165,0
13-04-2020 13:00,1049.1378,0,1,12799.48116,33.09867757,0.016811828,0.193949383,4.30944928,0
13-04-2020 14:00,1047.3732,0,1,12777.95304,32.99017741,0.016926213,0.222005207,4.255588478,0
13-04-2020 15:00,1042.57,0,1,12719.354,32.22957764,0.017124556,0.23844401,4.130465063,0
13-04-2020 16:00,1012.4385,0,1,12351.7497,31.15237834,0.017345813,0.252502447,4.260054196,0
13-04-2020 17:00,1006.7711,0,1,12282.60742,29.68204142,0.017895161,0.269978837,4.162433356,0
13-04-2020 18:00,1052.6957,0,1,12842.88754,28.15988566,0.018609839,0.284749347,4.042463694,0
13-04-2020 19:00,1108.5006,0,1,13523.70732,27.16861369,0.018983754,0.288635253,4.235913812,0
13-04-2020 20:00,1108.3543,0,1,13521.92246,26.66425985,0.019001641,0.284484867,4.602118135,0
13-04-2020 21:00,1104.367,0,1,13473.2774,26.34655151,0.018950915,0.264709473,4.967518128,0
13-04-2020 22:00,1085.6674,0,1,13245.14228,26.09153646,0.018890138,0.243347168,5.464768234,0
13-04-2020 23:00,1054.741,0,1,12867.8402,25.84017334,0.018813863,0.19738769,6.055381416,0
14-04-2020 00:00,1019.8233,0,1,12441.84426,25.58213704,0.018744978,0.162343342,6.383890505,0
14-04-2020 01:00,1003.9806,0,1,12248.56332,25.30507813,0.018648379,0.147262572,6.503105377,0
14-04-2020 02:00,951.151,0,1,11604.0422,25.05054118,0.01853919,0.127888998,6.20802717,0
14-04-2020 03:00,933.4526,0,1,11388.12172,24.86390584,0.018437658,0.11442566,5.774332387,0
14-04-2020 04:00,920.3776,0,1,11228.60672,24.69860229,0.018336093,0.109822592,5.5205733,0
14-04-2020 05:00,921.759,0,1,11245.4598,24.57260539,0.018226725,0.11875407,5.320683141,0
14-04-2020 06:00,888.7359,0,1,10842.57798,24.62037557,0.018163125,0.134582518,5.782086565,0
14-04-2020 07:00,937.4015,0,1,11436.2983,25.38381348,0.018264751,0.148000083,7.20094655,0
14-04-2020 08:00,989.4266,0,1,12071.00452,26.64144287,0.017934083,0.143157957,7.719252714,0
14-04-2020 09:00,1009.9808,0,1,12321.76576,28.25998332,0.017534671,0.155832927,7.247834701,0
14-04-2020 10:00,1035.4888,0,1,12632.96336,29.72308757,0.017379559,0.1673584,6.689103479,0
14-04-2020 11:00,1049.5099,0,1,12804.02078,30.84481201,0.017219487,0.195170083,6.559876366,0
14-04-2020 12:00,1080.0642,0,1,13176.78324,31.47776693,0.017140473,0.220825193,6.443456898,0
14-04-2020 13:00,1092.4173,0,1,13327.49106,31.65333455,0.017170873,0.23988851,6.496351076,0
14-04-2020 14:00,1102.5886,0,1,13451.58092,31.3763265,0.017262322,0.261352543,7.323118624,0
14-04-2020 15:00,1057.0008,0,1,12895.40976,30.47260946,0.017486058,0.276468913,8.151640888,0
14-04-2020 16:00,1032.0077,0,1,12590.49394,29.3956543,0.017735208,0.289866133,8.362898007,0
14-04-2020 17:00,1023.511,0,1,12486.8342,28.23567098,0.018012329,0.278299967,8.167045727,0
14-04-2020 18:00,1070.7337,0,1,13062.95114,27.12574666,0.018319983,0.265935261,7.629919803,0
14-04-2020 19:00,1100.2536,0,1,13423.09392,26.42244873,0.018482663,0.255574542,7.40432601,0
14-04-2020 20:00,1109.0086,0,1,13529.90492,26.01392008,0.018520739,0.235837297,7.113940987,0
14-04-2020 21:00,1093.228,0,1,13337.3816,25.73170369,0.018518174,0.219134649,6.701392033,0
14-04-2020 22:00,1078.6668,0,1,13159.73496,25.49862061,0.018475047,0.204158147,6.239009126,0
14-04-2020 23:00,1038.8388,0,1,12673.83336,25.2669515,0.018414012,0.204230625,5.894932071,0
15-04-2020 00:00,991.5911,0,1,12097.41142,25.05410156,0.018340222,0.197514851,5.984467959,0
15-04-2020 01:00,982.8883,0,1,11991.23726,24.88281657,0.018269007,0.168739316,6.451542286,0
15-04-2020 02:00,946.8587,0,1,11551.67614,24.74705404,0.018184988,0.164199827,6.893643095,0
15-04-2020 03:00,921.6729,0,1,11244.40938,24.65375163,0.0181265,0.172243757,7.336011448,0
15-04-2020 04:00,914.4889,0,1,11156.76458,24.57816976,0.018108733,0.180926004,7.445898349,0
15-04-2020 05:00,913.0122,0,1,11138.74884,24.49422607,0.01808583,0.21433767,7.07016522,0
15-04-2020 06:00,902.7177,0,1,11013.15594,24.51647339,0.01803494,0.221145631,6.797875374,0
15-04-2020 07:00,953.455,0,1,11632.151,24.98296509,0.017983981,0.208618166,7.596444076,0
15-04-2020 08:00,1010.0691,0,1,12322.84302,25.72975057,0.017795712,0.194824219,7.675527288,0
15-04-2020 09:00,1024.5075,0,1,12498.9915,26.84947103,0.01732772,0.176747642,7.953846879,0
15-04-2020 10:00,1072.6628,0,1,13086.48616,28.29014486,0.016831744,0.165252687,7.673205288,0
15-04-2020 11:00,1079.2394,0,1,13166.72068,29.38336589,0.016653722,0.168680828,7.11911021,0
15-04-2020 12:00,1128.4969,0,1,13767.66218,30.10824992,0.01652897,0.168965657,6.545999547,0
15-04-2020 13:00,1121.2222,0,1,13678.91084,30.55048014,0.016424663,0.15766398,5.987844182,0
15-04-2020 14:00,1132.4176,0,1,13815.49472,30.71262004,0.016366221,0.1497701,5.667132917,0
15-04-2020 15:00,1105.3303,0,1,13485.02966,30.64469808,0.016335653,0.142506917,5.859049791,0
15-04-2020 16:00,1069.425,0,1,13046.985,30.1094401,0.016414419,0.127054848,6.442420234,0
15-04-2020 17:00,1028.3854,0,1,12546.30188,29.14673258,0.016884891,0.104156496,6.983087193,0
15-04-2020 18:00,1079.0185,0,1,13164.0257,27.77534383,0.017446972,0.088485718,7.313689341,0
15-04-2020 19:00,1168.7509,0,1,14258.76098,26.77842611,0.018062389,0.082265217,7.554616037,0
15-04-2020 20:00,1160.8608,0,1,14162.50176,26.15536906,0.018075105,0.085028967,7.537732106,0
15-04-2020 21:00,1158.2568,0,1,14130.73296,25.68793132,0.017965797,0.082899412,7.402584725,0
15-04-2020 22:00,1125.2467,0,1,13728.00974,25.28305461,0.017831102,0.076474269,7.051944451,0
15-04-2020 23:00,1091.3831,0,1,13314.87382,24.9535258,0.017698991,0.072536626,6.607414826,0
16-04-2020 00:00,1041.9587,0,1,12711.89614,24.67411702,0.017549103,0.064720154,6.303613579,0
16-04-2020 01:00,1004.3897,0,1,12253.55434,24.45019938,0.017404312,0.060265859,6.238790164,0
16-04-2020 02:00,983.3741,0,1,11997.16402,24.24210002,0.017246743,0.060773213,6.152795177,0
16-04-2020 03:00,954.3029,0,1,11642.49538,24.1125529,0.017162897,0.059903464,6.167050002,0
16-04-2020 04:00,942.6737,0,1,11500.61914,24.00960693,0.017112119,0.059961953,6.363534581,0
16-04-2020 05:00,949.5888,0,1,11584.98336,23.91451416,0.017058797,0.056950887,6.642141949,0
16-04-2020 06:00,909.4181,0,1,11094.90082,24.00140788,0.017035988,0.055112203,7.681990776,0
16-04-2020 07:00,953.6989,0,1,11635.12658,24.81060181,0.017201406,0.052022298,10.20439495,0
16-04-2020 08:00,1008.8143,0,1,12307.53446,26.08623657,0.016982957,0.043443043,11.90491791,0
16-04-2020 09:00,1049.5097,0,1,12804.01834,27.86542155,0.016301567,0.033566792,12.44771273,0
16-04-2020 10:00,1083.1754,0,1,13214.73988,29.3658488,0.015882202,0.026805877,12.01317957,0
16-04-2020 11:00,1121.6243,0,1,13683.81646,30.51788737,0.015764375,0.030712763,11.20382979,0
16-04-2020 12:00,1139.9063,0,1,13906.85686,31.23492839,0.015890758,0.039922078,10.46079285,0
16-04-2020 13:00,1132.7469,0,1,13819.51218,31.59992879,0.01596498,0.048743567,10.05987167,0
16-04-2020 14:00,1137.7663,0,1,13880.74886,31.62082316,0.015957637,0.05851237,9.973170341,0
16-04-2020 15:00,1110.4918,0,1,13547.99996,31.25062459,0.015909477,0.068481446,10.0824022,0
16-04-2020 16:00,1068.2248,0,1,13032.34256,30.46043294,0.015972073,0.0662028,10.31356438,0
16-04-2020 17:00,1029.8717,0,1,12564.43474,29.14075114,0.016342447,0.050455729,10.24014522,0
16-04-2020 18:00,1064.3418,0,1,12984.96996,27.39275513,0.016884765,0.039532979,9.835447225,0
16-04-2020 19:00,1146.659,0,1,13989.2398,26.21760457,0.017020474,0.038169542,10.09993273,0
16-04-2020 20:00,1147.3514,0,1,13997.68708,25.61460775,0.017018066,0.034682592,10.07888705,0
16-04-2020 21:00,1161.4797,0,1,14170.05234,25.18382161,0.016932451,0.027594248,10.07910116,0
16-04-2020 22:00,1152.6189,0,1,14061.95058,24.81160889,0.016864138,0.020744324,9.948344205,0
16-04-2020 23:00,1089.7769,0,1,13295.27818,24.50024821,0.016805606,0.016414643,9.424928276,0
17-04-2020 00:00,1043.8816,0,1,12735.35552,24.23264974,0.016705924,0.015853246,8.939556046,0
17-04-2020 01:00,998.0372,0,1,12176.05384,23.98966878,0.016582115,0.017094612,8.761774097,0
17-04-2020 02:00,967.3646,0,1,11801.84812,23.78201701,0.016440667,0.017752965,8.843650113,0
17-04-2020 03:00,942.0333,0,1,11492.80626,23.59320475,0.016282856,0.017102878,9.058197324,0
17-04-2020 04:00,921.5098,0,1,11242.41956,23.42903035,0.016155581,0.016860962,9.251316162,0
17-04-2020 05:00,921.5091,0,1,11242.41102,23.29317627,0.016077819,0.018058777,9.307904747,0
17-04-2020 06:00,914.6627,0,1,11158.88494,23.41958008,0.016055952,0.020441691,9.825827973,0
17-04-2020 07:00,947.7357,0,1,11562.37554,24.72918091,0.016069712,0.022572835,12.40235523,0
17-04-2020 08:00,1021.0607,0,1,12456.94054,26.63420003,0.015900368,0.025085449,14.26644206,0
17-04-2020 09:00,1044.6333,0,1,12744.52626,28.36060994,0.015612827,0.027338664,14.45686449,0
17-04-2020 10:00,1079.8586,0,1,13174.27492,29.79585164,0.015428368,0.030852,14.04017768,0
17-04-2020 11:00,1101.6558,0,1,13440.20076,30.89822795,0.015511029,0.036075593,13.49899025,0
17-04-2020 12:00,1109.8284,0,1,13539.90648,31.61670329,0.015565783,0.043324789,13.16287474,0
17-04-2020 13:00,1125.025,0,1,13725.305,31.95350545,0.015409585,0.051092467,13.13219243,0
17-04-2020 14:00,1124.6018,0,1,13720.14196,31.84298096,0.015356584,0.065034867,13.24069934,0
17-04-2020 15:00,1111.9893,0,1,13566.26946,31.32336833,0.015345422,0.072714171,13.42664254,0
17-04-2020 16:00,1077.3193,0,1,13143.29546,30.3921346,0.01537037,0.065185866,13.57641826,0
17-04-2020 17:00,1036.7816,0,1,12648.73552,29.01976929,0.015511144,0.04962182,13.27899851,0
17-04-2020 18:00,1054.6388,0,1,12866.59336,27.34617513,0.015606241,0.049093404,12.44475148,0
17-04-2020 19:00,1151.2156,0,1,14044.83032,26.18535767,0.015659426,0.038358052,12.57872594,0
17-04-2020 20:00,1162.6866,0,1,14184.77652,25.35496419,0.015777518,0.02658844,12.69761112,0
17-04-2020 21:00,1147.2693,0,1,13996.68546,24.80835368,0.015830672,0.019255956,12.4686226,0
17-04-2020 22:00,1107.1807,0,1,13507.60454,24.39685465,0.015843287,0.015845617,11.96751814,0
17-04-2020 23:00,1084.1357,0,1,13226.45554,24.0487915,0.015833133,0.012962818,11.38562496,0
18-04-2020 00:00,1057.5782,0,1,12902.45404,23.74251709,0.015796325,0.010570605,11.041172,0
18-04-2020 01:00,1017.568,0,1,12414.3296,23.47027995,0.015760751,0.007559578,10.70840014,0
18-04-2020 02:00,974.607,0,1,11890.2054,23.21567179,0.015717453,0.006376187,10.30802116,0
18-04-2020 03:00,957.6991,0,1,11683.92902,23.02447917,0.015652391,0.00619785,10.11468093,0
18-04-2020 04:00,918.7464,0,1,11208.70608,22.87317301,0.015596287,0.007756869,10.1009604,0
18-04-2020 05:00,894.7027,0,1,10915.37294,22.77478434,0.015568195,0.010394573,10.25915026,0
18-04-2020 06:00,837.9312,0,1,10222.76064,22.88346761,0.015564237,0.014624675,10.92279884,0
18-04-2020 07:00,865.4311,0,1,10558.25942,23.98751221,0.015670835,0.015838663,13.29959514,0
18-04-2020 08:00,882.8709,0,1,10771.02498,25.86670329,0.015483692,0.011635045,15.06531027,0
18-04-2020 09:00,908.8575,0,1,11088.0615,27.89105632,0.014927852,0.008040488,15.20821848,0
18-04-2020 10:00,927.2939,0,1,11312.98558,29.5556783,0.014500578,0.007803003,14.20116997,0
18-04-2020 11:00,940.8823,0,1,11478.76406,30.83090617,0.014300833,0.007814765,12.7947129,0
18-04-2020 12:00,962.0945,0,1,11737.5529,31.63938802,0.014364315,0.007974346,11.35578425,0
18-04-2020 13:00,995.4191,0,1,12144.11302,32.03924967,0.014365522,0.00596571,10.62896596,0
18-04-2020 14:00,1016.1874,0,1,12397.48628,32.05113118,0.01421164,0.006462097,10.59406722,0
18-04-2020 15:00,1002.587,0,1,12231.5614,31.64191081,0.014202757,0.008776665,10.71533977,0
18-04-2020 16:00,999.536,0,1,12194.3392,30.74276123,0.014420254,0.011676788,10.77394996,0
18-04-2020 17:00,959.4701,0,1,11705.53522,29.35016276,0.014949313,0.007341385,10.45132849,0
18-04-2020 18:00,990.5948,0,1,12085.25656,27.56871948,0.015489639,0.005942345,9.559120657,0
18-04-2020 19:00,1121.2701,0,1,13679.49522,26.38739421,0.015769264,0.005631765,9.423374847,0
18-04-2020 20:00,1121.7278,0,1,13685.07916,25.67798258,0.0156865,0.010257721,9.195136962,0
18-04-2020 21:00,1109.1763,0,1,13531.95086,25.18659871,0.015692889,0.012701353,9.031438621,0
18-04-2020 22:00,1098.9713,0,1,13407.44986,24.78908691,0.015721075,0.011616389,8.991961192,0
18-04-2020 23:00,1067.6624,0,1,13025.48128,24.43481852,0.015773453,0.010838509,8.787074966,0
19-04-2020 00:00,1039.9922,0,1,12687.90484,24.14480998,0.01582832,0.011666298,8.593276692,0
19-04-2020 01:00,989.1354,0,1,12067.45188,23.9181661,0.015871542,0.013080597,8.462640321,0
19-04-2020 02:00,962.2685,0,1,11739.6757,23.74949544,0.015907021,0.014905929,8.342066005,0
19-04-2020 03:00,938.9629,0,1,11455.34738,23.62772013,0.01595776,0.018058777,7.984945591,0
19-04-2020 04:00,907.4102,0,1,11070.40444,23.5124349,0.016012306,0.021214803,7.498950368,0
19-04-2020 05:00,886.9226,0,1,10820.45572,23.44569295,0.016035036,0.02525711,7.380369645,0
19-04-2020 06:00,830.6348,0,1,10133.74456,23.5615682,0.01611367,0.029109955,7.588963731,0
19-04-2020 07:00,821.8476,0,1,10026.54072,24.52113241,0.016241908,0.027188619,9.490281844,0
19-04-2020 08:00,836.4203,0,1,10204.32766,26.22833659,0.01600648,0.027071636,11.2289296,0
19-04-2020 09:00,858.8654,0,1,10478.15788,27.94425863,0.015568887,0.036781311,11.49231917,0
19-04-2020 10:00,888.8119,0,1,10843.50518,29.35715129,0.015339877,0.047602335,10.41164916,0
19-04-2020 11:00,906.2986,0,1,11056.84292,30.54256592,0.015343618,0.054336548,8.814931455,0
19-04-2020 12:00,949.1059,0,1,11579.09198,31.37942912,0.015507589,0.06070455,7.663454803,0
19-04-2020 13:00,966.0382,0,1,11785.66604,31.84917603,0.015539328,0.071553548,7.531503058,0
19-04-2020 14:00,993.4485,0,1,12120.0717,31.84422201,0.015611776,0.086929322,7.627446135,0
19-04-2020 15:00,1002.3952,0,1,12229.22144,31.39268392,0.015730025,0.106282553,7.878411204,0
19-04-2020 16:00,972.1836,0,1,11860.63992,30.52362467,0.015887739,0.122817993,8.374386416,0
19-04-2020 17:00,992.6105,0,1,12109.8481,29.2640625,0.016153602,0.125188191,8.950000535,0
19-04-2020 18:00,1029.6407,0,1,12561.61654,27.6158488,0.016949708,0.125050863,8.576222094,0
19-04-2020 19:00,1134.3614,0,1,13839.20908,26.58213704,0.017295649,0.117938995,8.691444895,0
19-04-2020 20:00,1145.7765,0,1,13978.4733,26.07038778,0.017087223,0.107913973,8.286516554,0
19-04-2020 21:00,1129.5186,0,1,13780.12692,25.69888713,0.017178911,0.09381167,7.674705294,0
19-04-2020 22:00,1105.893,0,1,13491.8946,25.34581909,0.017219653,0.081276575,7.190395305,0
19-04-2020 23:00,1078.7215,0,1,13160.4023,25.04256592,0.017242653,0.068689346,6.872841507,0
20-04-2020 00:00,1038.365,0,1,12668.053,24.76964722,0.017214887,0.061434426,6.609524466,0
20-04-2020 01:00,997.1198,0,1,12164.86156,24.49074707,0.017146429,0.05628713,6.40455348,0
20-04-2020 02:00,958.212,0,1,11690.1864,24.25332031,0.017075177,0.050793965,6.300813012,0
20-04-2020 03:00,934.0335,0,1,11395.2087,24.04824219,0.017006399,0.046447753,6.231145036,0
20-04-2020 04:00,919.779,0,1,11221.3038,23.90020142,0.016942718,0.043057759,6.160692227,0
20-04-2020 05:00,910.8933,0,1,11112.89826,23.78328857,0.016891827,0.037460328,5.98699248,0
20-04-2020 06:00,876.5307,0,1,10693.67454,23.9488973,0.016899496,0.029296875,6.30113472,0
20-04-2020 07:00,957.0661,0,1,11676.20642,25.29672648,0.01676991,0.023470561,8.111660827,0
20-04-2020 08:00,1041.4213,0,1,12705.33986,27.08746745,0.016332724,0.02332306,8.23553145,0
20-04-2020 09:00,1082.2958,0,1,13204.00876,28.80160929,0.015982051,0.022631327,6.971400965,0
20-04-2020 10:00,1129.9454,0,1,13785.33388,30.28186442,0.015902087,0.033210754,5.682666773,0
20-04-2020 11:00,1134.0737,0,1,13835.69914,31.39081217,0.015917471,0.053227743,5.401605871,0
20-04-2020 12:00,1154.0024,0,1,14078.82928,32.08480225,0.016034523,0.077629091,5.432506446,0
20-04-2020 13:00,1173.2424,0,1,14313.55728,32.38288778,0.01600663,0.100667319,6.02648616,0
20-04-2020 14:00,1190.045,0,1,14518.549,32.24018758,0.015969756,0.114334107,7.072530205,0
20-04-2020 15:00,1165.2859,0,1,14216.48798,31.71584473,0.015991352,0.128121694,8.095445906,0
20-04-2020 16:00,1138.9252,0,1,13894.88744,30.83447673,0.016113455,0.133669534,9.064698288,0
20-04-2020 17:00,1102.6537,0,1,13452.37514,29.69398397,0.016437866,0.142740884,9.678076999,0
20-04-2020 18:00,1136.3445,0,1,13863.4029,28.26813151,0.017134984,0.141403204,9.563169156,0
20-04-2020 19:00,1204.6583,0,1,14696.83126,27.26581217,0.017524358,0.13894145,9.621300416,0
20-04-2020 20:00,1219.0843,0,1,14872.82846,26.65086263,0.017768134,0.133481344,9.131084977,0
20-04-2020 21:00,1213.5607,0,1,14805.44054,26.27508952,0.01794576,0.117408753,7.952870138,0
20-04-2020 22:00,1194.8154,0,1,14576.74788,26.00813192,0.018017186,0.093332927,6.311159518,0
20-04-2020 23:00,1152.6862,0,1,14062.77164,25.759434,0.018019876,0.071062725,4.845781137,0
21-04-2020 00:00,1103.6443,0,1,13464.46046,25.48898722,0.017981915,0.053398132,4.071458605,0
21-04-2020 01:00,1038.3183,0,1,12667.48326,25.29282023,0.01790338,0.046249389,3.994292678,0
21-04-2020 02:00,1009.1669,0,1,12311.83618,25.0723409,0.017832445,0.039600372,4.07990414,0
21-04-2020 03:00,978.3322,0,1,11935.65284,24.87083333,0.017776738,0.034854889,4.054865229,0
21-04-2020 04:00,953.4276,0,1,11631.81672,24.73586426,0.017733694,0.030428568,4.095685036,0
21-04-2020 05:00,948.3343,0,1,11569.67846,24.59119059,0.017657535,0.025728862,4.063928063,0
21-04-2020 06:00,916.4091,0,1,11180.19102,24.72313843,0.01762466,0.026662191,3.978438154,0
21-04-2020 07:00,981.5635,0,1,11975.0747,25.92726034,0.017334693,0.032325745,4.748714847,0
21-04-2020 08:00,1053.6026,0,1,12853.95172,27.42617188,0.016813306,0.037829081,4.214061478,0
21-04-2020 09:00,1083.736,0,1,13221.5792,28.97099202,0.016136748,0.03700765,3.345221748,0
21-04-2020 10:00,1114.0177,0,1,13591.01594,30.38235881,0.01583655,0.041585287,2.587332048,0
21-04-2020 11:00,1127.2898,0,1,13752.93556,31.48077799,0.015710535,0.048482259,2.306895986,0
21-04-2020 12:00,1143.5304,0,1,13951.07088,32.25827433,0.015654345,0.060394287,2.697090311,0
21-04-2020 13:00,1172.0353,0,1,14298.83066,32.57734578,0.015585435,0.080291748,3.277388189,0
21-04-2020 14:00,1154.3363,0,1,14082.90286,32.48769531,0.01558143,0.101231892,4.103322566,0
21-04-2020 15:00,1147.8837,0,1,14004.18114,31.94118652,0.015733845,0.125620522,4.766076865,0
21-04-2020 16:00,1125.6322,0,1,13732.71284,31.17524618,0.015996832,0.135772703,5.205175752,0
21-04-2020 17:00,1099.0382,0,1,13408.26604,30.21159261,0.016450557,0.122762043,5.420762859,0
21-04-2020 18:00,1146.1117,0,1,13982.56274,29.13531901,0.017139654,0.103892007,5.389086461,0
21-04-2020 19:00,1228.7538,0,1,14990.79636,28.21643473,0.01757464,0.090830483,5.577529739,0
21-04-2020 20:00,1231.1729,0,1,15020.30938,27.43353678,0.018081059,0.085337319,5.833445708,0
21-04-2020 21:00,1215.6168,0,1,14830.52496,26.83442586,0.018241331,0.068094888,6.228932548,0
21-04-2020 22:00,1183.7787,0,1,14442.10014,26.381545,0.018279166,0.057154338,6.337988661,0
21-04-2020 23:00,1136.907,0,1,13870.2654,26.00308634,0.018255966,0.054407755,6.292161504,0
22-04-2020 00:00,1093.178,0,1,13336.7716,25.65618286,0.018156486,0.054636638,6.30213249,0
22-04-2020 01:00,1059.4062,0,1,12924.75564,25.34730428,0.018031608,0.058995565,6.3981137,0
22-04-2020 02:00,1033.2334,0,1,12605.44748,25.04602458,0.017876274,0.057922363,6.472296976,0
22-04-2020 03:00,1002.1901,0,1,12226.71922,24.72293498,0.01767527,0.051841737,6.491081048,0
22-04-2020 04:00,982.2619,0,1,11983.59518,24.47466431,0.017484537,0.04389445,6.424928107,0
22-04-2020 05:00,968.7772,0,1,11819.08184,24.25716553,0.017286223,0.034617105,6.352746017,0
22-04-2020 06:00,936.9033,0,1,11430.22026,24.28141683,0.017161671,0.029577891,6.755872085,0
22-04-2020 07:00,987.627,0,1,12049.0494,25.33754883,0.017006596,0.031424204,8.619060816,0
22-04-2020 08:00,1058.0339,0,1,12908.01358,26.92353719,0.016335252,0.039901733,9.389447741,0
22-04-2020 09:00,1097.0181,0,1,13383.62082,28.56935018,0.015620694,0.047957102,9.070650146,0
22-04-2020 10:00,1088.9563,0,1,13285.26686,29.98956706,0.015048508,0.060484568,8.380422878,0
22-04-2020 11:00,1141.4896,0,1,13926.17312,31.01473389,0.014887032,0.074118295,7.609813021,0
22-04-2020 12:00,1139.2457,0,1,13898.79754,31.69526571,0.014939161,0.084276836,7.540836657,0
22-04-2020 13:00,1106.294,0,1,13496.7868,32.00777588,0.015307851,0.10361862,7.631692028,0
22-04-2020 14:00,1168.8314,0,1,14259.74308,31.91673177,0.01565876,0.123354592,7.879154877,0
22-04-2020 15:00,1117.6915,0,1,13635.8363,31.40937703,0.015907961,0.136255899,7.997960922,0
22-04-2020 16:00,1080.3551,0,1,13180.33222,30.56971639,0.016202925,0.151784263,8.036900708,0
22-04-2020 17:00,1075.0428,0,1,13115.52216,29.40891927,0.016846236,0.159067788,7.705158851,0
22-04-2020 18:00,1125.4407,0,1,13730.37654,28.12443441,0.017522568,0.177848816,6.919570489,0
22-04-2020 19:00,1214.6888,0,1,14819.20336,27.24304606,0.017868287,0.192942299,6.736948033,0
22-04-2020 20:00,1218.0331,0,1,14860.00382,26.65803426,0.017974965,0.193273545,6.615507394,0
22-04-2020 21:00,1208.6866,0,1,14745.97652,26.2608785,0.018048594,0.184478763,6.384671207,0
22-04-2020 22:00,1185.4724,0,1,14462.76328,25.98181559,0.018071347,0.170314791,5.769923427,0
22-04-2020 23:00,1131.5133,0,1,13804.46226,25.74456177,0.018020407,0.156433105,5.30136986,0
23-04-2020 00:00,1092.1708,0,1,13324.48376,25.4840332,0.017961837,0.141825357,5.060570995,0
23-04-2020 01:00,1064.3403,0,1,12984.95166,25.21291504,0.01780412,0.128606163,5.001818359,0
23-04-2020 02:00,1021.5497,0,1,12462.90634,25.03178304,0.017648969,0.118586223,5.109288632,0
23-04-2020 03:00,991.9409,0,1,12101.67898,24.8519633,0.017503995,0.117098487,5.11959291,0
23-04-2020 04:00,964.7325,0,1,11769.7365,24.74168294,0.017422624,0.136515301,5.333572431,0
23-04-2020 05:00,937.4313,0,1,11436.66186,24.67365926,0.017346356,0.139073688,5.583958143,0
23-04-2020 06:00,891.2338,0,1,10873.05236,24.731368,0.017282802,0.132527668,6.09278523,0
23-04-2020 07:00,967.3324,0,1,11801.45528,25.4464152,0.017069202,0.120679217,7.840008939,0
23-04-2020 08:00,1027.9998,0,1,12541.59756,26.60553385,0.016771648,0.101995152,8.539190703,0
23-04-2020 09:00,1074.0808,0,1,13103.78576,28.03125407,0.016380002,0.094514849,8.159775745,0
23-04-2020 10:00,1103.1251,0,1,13458.12622,29.29380697,0.016051953,0.090106966,7.472156774,0
23-04-2020 11:00,1140.3938,0,1,13912.80436,30.17010905,0.016074873,0.10147349,6.734423441,0
23-04-2020 12:00,1164.9736,0,1,14212.67792,30.63710938,0.016264397,0.111615501,6.116914633,0
23-04-2020 13:00,1146.021,0,1,13981.4562,30.88740438,0.016456419,0.10556539,5.88579308,0
23-04-2020 14:00,1163.8085,0,1,14198.4637,30.92805379,0.016610301,0.107543947,6.127067665,0
23-04-2020 15:00,1123.8468,0,1,13710.93096,30.67533773,0.016625574,0.104512533,6.769060535,0
23-04-2020 16:00,1070.677,0,1,13062.2594,30.11617432,0.016592415,0.103159587,7.421819984,0
23-04-2020 17:00,1037.3738,0,1,12655.96036,29.19425863,0.016873271,0.107671102,7.507673091,0
23-04-2020 18:00,1077.863,0,1,13149.9286,27.94490967,0.017750493,0.116882325,7.182949494,0
23-04-2020 19:00,1155.477,0,1,14096.8194,27.1424703,0.018144544,0.119354247,6.916061084,0
23-04-2020 20:00,1152.2164,0,1,14057.04008,26.5586792,0.018383485,0.106765747,6.394943914,0
23-04-2020 21:00,1166.358,0,1,14229.5676,26.08777262,0.018373176,0.083489735,6.084284386,0
23-04-2020 22:00,1120.7906,0,1,13673.64532,25.66530762,0.018250998,0.069869995,6.157573062,0
23-04-2020 23:00,1091.0528,0,1,13310.84416,25.33698934,0.018105989,0.068847654,6.096205184,0
24-04-2020 00:00,1048.5971,0,1,12792.88462,25.08191325,0.017973715,0.066101072,5.744174793,0
24-04-2020 01:00,1011.4964,0,1,12340.25608,24.82596232,0.017810934,0.061060587,5.161138125,0
24-04-2020 02:00,978.3002,0,1,11935.26244,24.60468953,0.017658344,0.063491821,4.698197664,0
24-04-2020 03:00,954.522,0,1,11645.1684,24.43330282,0.01752104,0.068450927,4.719549155,0
24-04-2020 04:00,939.9349,0,1,11467.20578,24.27409261,0.017378713,0.069580078,4.693653008,0
24-04-2020 05:00,937.739,0,1,11440.4158,24.11855469,0.017233814,0.066289266,4.544309884,0
24-04-2020 06:00,904.8717,0,1,11039.43474,24.19843953,0.017137229,0.066134135,4.978962649,0
24-04-2020 07:00,970.7577,0,1,11843.24394,25.15871582,0.016961811,0.07301585,6.822214087,0
24-04-2020 08:00,1061.988,0,1,12956.2536,26.52886353,0.016656777,0.086527506,7.249625306,0
24-04-2020 09:00,1090.6695,0,1,13306.1679,28.29135539,0.016142006,0.097518921,7.14722488,0
24-04-2020 10:00,1117.9852,0,1,13639.41944,29.77856852,0.015921255,0.103541058,6.950176297,0
24-04-2020 11:00,1124.9805,0,1,13724.7621,30.83249308,0.015888446,0.124796549,7.145535198,0
24-04-2020 12:00,1136.6927,0,1,13867.65094,31.29047038,0.016000502,0.153350828,7.577185851,0
24-04-2020 13:00,1158.4127,0,1,14132.63494,31.29555664,0.016307159,0.177429198,7.957316846,0
24-04-2020 14:00,1132.5551,0,1,13817.17222,30.89116821,0.016602165,0.204040527,8.144082595,0
24-04-2020 15:00,1066.8464,0,1,13015.52608,30.21749268,0.016917624,0.21948242,8.136078549,0
24-04-2020 16:00,1025.5996,0,1,12512.31512,29.36303101,0.017309322,0.22184245,7.925674994,0
24-04-2020 17:00,1014.5181,0,1,12377.12082,28.46150106,0.017894389,0.203125002,7.505784461,0
24-04-2020 18:00,1070.8197,0,1,13064.00034,27.54175212,0.018461574,0.174774168,6.764029593,0
24-04-2020 19:00,1130.4578,0,1,13791.58516,26.89131063,0.01878461,0.144439699,6.497008063,0
24-04-2020 20:00,1140.3662,0,1,13912.46764,26.50031942,0.018741442,0.112050375,6.555055438,0
24-04-2020 21:00,1128.9895,0,1,13773.6719,26.18024089,0.01877712,0.090464274,6.725302373,0
24-04-2020 22:00,1109.9875,0,1,13541.8475,25.92161458,0.018807738,0.077054343,6.506133299,0
24-04-2020 23:00,1077.06,0,1,13140.132,25.7194458,0.018734073,0.066836039,6.067535886,0
25-04-2020 00:00,1044.077,0,1,12737.7394,25.5339091,0.018578918,0.0594635,5.695028229,0
25-04-2020 01:00,1004.2494,0,1,12251.84268,25.39867554,0.018408636,0.057769775,5.402212259,0
25-04-2020 02:00,965.6143,0,1,11780.49446,25.27244466,0.018266005,0.056093851,5.210830817,0
25-04-2020 03:00,944.3278,0,1,11520.79916,25.17145182,0.018153768,0.055193583,4.981272267,0
25-04-2020 04:00,953.7784,0,1,11636.09648,25.06089681,0.018069599,0.058942161,4.822869908,0
25-04-2020 05:00,911.8789,0,1,11124.92258,24.96726888,0.018018561,0.069094341,4.835665805,0
25-04-2020 06:00,871.5119,0,1,10632.44518,25.12235921,0.018097271,0.087664287,5.190419894,0
25-04-2020 07:00,877.7928,0,1,10709.07216,26.19792074,0.018074221,0.109202068,7.017840735,0
25-04-2020 08:00,921.4988,0,1,11242.28536,27.54371541,0.017771479,0.148183187,7.711078403,0
25-04-2020 09:00,943.6695,0,1,11512.7679,28.90804443,0.017491577,0.18659464,7.548328727,0
25-04-2020 10:00,977.1871,0,1,11921.68262,30.04657389,0.017356678,0.20610555,7.042748301,0
25-04-2020 11:00,997.7082,0,1,12172.04004,30.92273356,0.017364242,0.213134763,6.312822081,0
25-04-2020 12:00,1020.6915,0,1,12452.4363,31.41722005,0.017404895,0.21811931,6.31095826,0
25-04-2020 13:00,1033.2961,0,1,12606.21242,31.70046387,0.017369251,0.222361245,6.668286772,0
25-04-2020 14:00,1053.8947,0,1,12857.51534,31.79818115,0.017277666,0.218866982,7.127015214,0
25-04-2020 15:00,1053.0509,0,1,12847.22098,31.53421427,0.017163274,0.20701854,7.753077863,0
25-04-2020 16:00,1037.1898,0,1,12653.71556,30.84021403,0.017137857,0.182273864,8.309944439,0
25-04-2020 17:00,1030.3982,0,1,12570.85804,29.83943075,0.017308215,0.155100511,8.731407663,0
25-04-2020 18:00,1068.0655,0,1,13030.3991,28.55378621,0.017992264,0.127113342,8.721292948,0
25-04-2020 19:00,1154.844,0,1,14089.0968,27.51023763,0.01850592,0.11088562,8.815573238,0
25-04-2020 20:00,1166.7483,0,1,14234.32926,26.73139852,0.018811044,0.101739248,8.483693013,0
25-04-2020 21:00,1168.3981,0,1,14254.45682,26.25221151,0.018833895,0.10031764,7.690734229,0
25-04-2020 22:00,1137.2532,0,1,13874.48904,25.91715902,0.018714362,0.092263541,6.82898633,0
25-04-2020 23:00,1106.7481,0,1,13502.32682,25.64496257,0.018533815,0.085960389,6.338902757,0
26-04-2020 00:00,1069.4671,0,1,13047.49862,25.39008993,0.018365983,0.085266113,6.219765943,0
26-04-2020 01:00,1036.4967,0,1,12645.25974,25.17040405,0.018238828,0.086232503,6.605336798,0
26-04-2020 02:00,984.7229,0,1,12013.61938,24.97809245,0.018134517,0.091888429,7.082444795,0
26-04-2020 03:00,964.2692,0,1,11764.08424,24.78999227,0.018017462,0.099436441,7.365755383,0
26-04-2020 04:00,937.8502,0,1,11441.77244,24.62538045,0.017900398,0.09782918,7.59515355,0
26-04-2020 05:00,905.2806,0,1,11044.42332,24.49249674,0.017793505,0.092376708,7.852662024,0
26-04-2020 06:00,840.7582,0,1,10257.25004,24.56246338,0.017767989,0.089314778,8.577019418,0
26-04-2020 07:00,865.8341,0,1,10563.17602,25.38104655,0.017968802,0.092091879,10.67688478,0
26-04-2020 08:00,879.0758,0,1,10724.72476,26.72949626,0.017821227,0.090621948,12.05764596,0
26-04-2020 09:00,895.2249,0,1,10921.74378,28.51274007,0.017282022,0.084732053,12.12870036,0
26-04-2020 10:00,916.0621,0,1,11175.95762,29.91269328,0.016981897,0.082667034,11.45943807,0
26-04-2020 11:00,949.1169,0,1,11579.22618,30.95061646,0.016908145,0.08560435,10.43834132,0
26-04-2020 12:00,967.1938,0,1,11799.76436,31.6094401,0.016989543,0.093836468,9.374592434,0
26-04-2020 13:00,1001.0942,0,1,12213.34924,31.86631673,0.016844619,0.118626911,8.701675971,0
26-04-2020 14:00,1009.0907,0,1,12310.90654,31.68733114,0.016862417,0.132853192,8.332719034,0
26-04-2020 15:00,999.151,0,1,12189.6422,31.1215861,0.01704297,0.149058023,8.276418023,0
26-04-2020 16:00,972.3005,0,1,11862.0661,30.13688558,0.01741679,0.15834554,8.425545026,0
26-04-2020 17:00,962.7952,0,1,11746.10144,28.85046794,0.018174658,0.156595865,8.315427208,0
26-04-2020 18:00,1024.6068,0,1,12500.20296,27.44448242,0.018815586,0.14046224,7.908833092,0
26-04-2020 19:00,1133.8164,0,1,13832.56008,26.54174194,0.018958102,0.125803629,8.13846734,0
26-04-2020 20:00,1162.2132,0,1,14179.00104,26.06500651,0.018726685,0.115758263,8.355086829,0
26-04-2020 21:00,1144.173,0,1,13958.9106,25.73271077,0.018675805,0.108769735,8.102656242,0
26-04-2020 22:00,1125.6275,0,1,13732.6555,25.4840332,0.018576724,0.100448607,8.101088575,0
26-04-2020 23:00,1079.2742,0,1,13167.14524,25.2762085,0.018457228,0.09419759,8.167948298,0
27-04-2020 00:00,1054.5693,0,1,12865.74546,25.08605347,0.018375924,0.082936604,8.059731068,0
27-04-2020 01:00,1018.0679,0,1,12420.42838,24.92739258,0.01828715,0.078781128,8.11140753,0
27-04-2020 02:00,1001.3217,0,1,12216.12474,24.81623739,0.018205948,0.081792196,8.228776707,0
27-04-2020 03:00,962.3618,0,1,11740.81396,24.74412435,0.018134867,0.085952757,8.361910119,0
27-04-2020 04:00,947.0369,0,1,11553.85018,24.71605835,0.018096793,0.090113323,7.966602558,0
27-04-2020 05:00,942.7494,0,1,11501.54268,24.71191813,0.018089216,0.089431764,7.261023445,0
27-04-2020 06:00,917.6094,0,1,11194.83468,24.91203206,0.01820119,0.093495688,7.270122687,0
27-04-2020 07:00,996.772,0,1,12160.6184,25.69348551,0.01845565,0.104309082,8.875793879,0
27-04-2020 08:00,1070.459,0,1,13059.5998,26.7837972,0.018476174,0.119333901,10.38134118,0
27-04-2020 09:00,1113.915,0,1,13589.763,28.20864258,0.017990633,0.137013753,11.25371894,0
27-04-2020 10:00,1154.1024,0,1,14080.04928,29.4073527,0.017614466,0.155832928,11.53420721,0
27-04-2020 11:00,1171.8059,0,1,14296.03198,30.16519572,0.017505337,0.170633953,11.70336974,0
27-04-2020 12:00,1172.2556,0,1,14301.51832,30.61633708,0.017543646,0.180786133,11.90572252,0
27-04-2020 13:00,1169.0903,0,1,14262.90166,30.80031738,0.01751313,0.18125407,11.99700305,0
27-04-2020 14:00,1165.3919,0,1,14217.78118,30.66461589,0.017525879,0.177815757,11.87779128,0
27-04-2020 15:00,1141.7342,0,1,13929.15724,30.12620443,0.017642942,0.161254883,11.61922886,0
27-04-2020 16:00,1093.4947,0,1,13340.63534,29.30147705,0.017912554,0.14228312,11.27922583,0
27-04-2020 17:00,1081.394,0,1,13193.0068,28.28015544,0.018362541,0.124740602,10.62712899,0
27-04-2020 18:00,1106.736,0,1,13502.1792,27.14488118,0.018723623,0.124170938,9.718994051,0
27-04-2020 19:00,1163.8817,0,1,14199.35674,26.40765788,0.018761774,0.113230388,9.640529342,0
27-04-2020 20:00,1175.8689,0,1,14345.60058,25.95229492,0.018756733,0.097829183,9.516065819,0
27-04-2020 21:00,1175.2638,0,1,14338.21836,25.6629069,0.018777156,0.078730266,9.267330109,0
27-04-2020 22:00,1136.5528,0,1,13865.94416,25.4563029,0.01875932,0.070370993,8.629809024,0
27-04-2020 23:00,1095.6771,0,1,13367.26062,25.29530233,0.018721219,0.066238402,8.003463745,0
28-04-2020 00:00,1065.4096,0,1,12997.99712,25.15344645,0.018652864,0.062296549,7.662547569,0
28-04-2020 01:00,1013.7343,0,1,12367.55846,25.01419474,0.018500284,0.06228129,7.654763199,0
28-04-2020 02:00,992.0947,0,1,12103.55534,24.86702881,0.018302006,0.062688191,7.710688685,0
28-04-2020 03:00,965.8028,0,1,11782.79416,24.79170125,0.018164535,0.07530721,7.380381693,0
28-04-2020 04:00,955.4273,0,1,11656.21306,24.76392008,0.018095753,0.085759482,7.11270669,0
28-04-2020 05:00,943.8394,0,1,11514.84068,24.75073649,0.018082918,0.094462077,6.953074196,0
28-04-2020 06:00,913.1486,0,1,11140.41292,24.86772054,0.018159145,0.107172649,7.337754923,0
28-04-2020 07:00,986.7518,0,1,12038.37196,25.48696289,0.01839827,0.121714273,9.066924858,0
28-04-2020 08:00,1070.0678,0,1,13054.82716,26.4453776,0.018586568,0.128011068,10.4403393,0
28-04-2020 09:00,1106.3291,0,1,13497.21502,27.66882731,0.018202531,0.138295492,11.62771058,0
28-04-2020 10:00,1122.8998,0,1,13699.37756,28.67753499,0.017859124,0.14695231,11.79143392,0
28-04-2020 11:00,1158.784,0,1,14137.1648,29.31254476,0.017777716,0.154988607,11.63789521,0
28-04-2020 12:00,1157.9589,0,1,14127.09858,29.72728882,0.017790426,0.147481282,11.52210889,0
28-04-2020 13:00,1170.7203,0,1,14282.78766,29.96508179,0.017808034,0.137664795,11.60120358,0
28-04-2020 14:00,1177.5994,0,1,14366.71268,29.92529704,0.017807925,0.134440103,11.78628429,0
28-04-2020 15:00,1168.4799,0,1,14255.45478,29.51039022,0.017838478,0.12398275,11.8467488,0
28-04-2020 16:00,1110.013,0,1,13542.1586,28.82332764,0.018087729,0.11295573,11.80384092,0
28-04-2020 17:00,1080.2013,0,1,13178.45586,27.8289327,0.018530271,0.103251138,11.2238542,0
28-04-2020 18:00,1135.6007,0,1,13854.32854,26.71764526,0.018721257,0.101498923,10.35740527,0
28-04-2020 19:00,1231.0159,0,1,15018.39398,26.02555745,0.018627437,0.100425719,10.14690338,0
28-04-2020 20:00,1223.6609,0,1,14928.66298,25.65243937,0.018474855,0.092285156,10.19532262,0
28-04-2020 21:00,1216.8476,0,1,14845.54072,25.38511556,0.018362983,0.082867939,9.999763347,0
28-04-2020 22:00,1181.4154,0,1,14413.26788,25.1904541,0.018243466,0.074712118,9.852754833,0
28-04-2020 23:00,1136.3721,0,1,13863.73962,25.01393026,0.01812652,0.070065817,9.860867494,0
29-04-2020 00:00,1093.4022,0,1,13339.50684,24.86763916,0.018052907,0.071456908,9.783132565,0
29-04-2020 01:00,1057.8607,0,1,12905.90054,24.75716553,0.018004618,0.076922098,9.718423685,0
29-04-2020 02:00,1012.239,0,1,12349.3158,24.6626119,0.017974143,0.081934609,9.641597378,0
29-04-2020 03:00,988.5268,0,1,12060.02696,24.57829183,0.017928495,0.08452352,9.553588951,0
29-04-2020 04:00,967.5189,0,1,11803.73058,24.48566081,0.017877876,0.076296489,8.96247436,0
29-04-2020 05:00,964.8089,0,1,11770.66858,24.38701782,0.017811868,0.071459455,8.084470651,0
29-04-2020 06:00,935.0504,0,1,11407.61488,24.48698324,0.017829873,0.070432028,8.040765707,0
29-04-2020 07:00,1007.3744,0,1,12289.96768,25.32298177,0.018046218,0.070472717,9.727370622,0
29-04-2020 08:00,1069.5206,0,1,13048.15132,26.59934896,0.017972749,0.069590252,11.06128678,0
29-04-2020 09:00,1105.466,0,1,13486.6852,28.20996501,0.017489976,0.067784627,10.97529968,0
29-04-2020 10:00,1130.7314,0,1,13794.92308,29.58390706,0.017218264,0.070050557,10.15702214,0
29-04-2020 11:00,1143.8132,0,1,13954.52104,30.56832275,0.017256307,0.079500834,9.476370088,0
29-04-2020 12:00,1166.7179,0,1,14233.95838,31.19294637,0.017215452,0.101877848,9.217303668,0
29-04-2020 13:00,1175.9593,0,1,14346.70346,31.43347575,0.017075429,0.125986737,9.141516983,0
29-04-2020 14:00,1175.9572,0,1,14346.67784,31.31964518,0.017042283,0.137949627,9.232977719,0
29-04-2020 15:00,1152.6385,0,1,14062.1897,30.79983927,0.017113481,0.137298583,9.323349526,0
29-04-2020 16:00,1106.4514,0,1,13498.70708,30.04667562,0.0173043,0.12149048,9.625954487,0
29-04-2020 17:00,1106.2496,0,1,13496.24512,28.89849243,0.017767348,0.090835573,9.849861076,0
29-04-2020 18:00,1182.7354,0,1,14429.37188,27.39619344,0.018280978,0.071166992,9.58558355,0
29-04-2020 19:00,1210.4366,0,1,14767.32652,26.36586914,0.018227403,0.055824279,9.964055842,0
29-04-2020 20:00,1222.136,0,1,14910.0592,25.82251383,0.018143327,0.049972535,9.8371346,0
29-04-2020 21:00,1221.1557,0,1,14898.09954,25.47394206,0.018036366,0.046633403,9.12374859,0
29-04-2020 22:00,1199.0642,0,1,14628.58324,25.21042277,0.017957402,0.04548645,8.350813585,0
29-04-2020 23:00,1150.5085,0,1,14036.2037,24.97269084,0.017901416,0.049001058,7.664824337,0
30-04-2020 00:00,1099.5131,0,1,13414.05982,24.75935262,0.017822672,0.047953287,7.127680295,0
30-04-2020 01:00,1052.6371,0,1,12842.17262,24.58419189,0.017738809,0.047592164,6.800410668,0
30-04-2020 02:00,1021.892,0,1,12467.0824,24.4138326,0.017657233,0.046437582,6.640590564,0
30-04-2020 03:00,1001.5128,0,1,12218.45616,24.268986,0.017598534,0.044932048,6.415754309,0
30-04-2020 04:00,969.8695,0,1,11832.4079,24.16607056,0.017560221,0.042470296,6.18553108,0
30-04-2020 05:00,962.8596,0,1,11746.88712,24.09199422,0.017529432,0.044509888,6.023791316,0
30-04-2020 06:00,937.5783,0,1,11438.45526,24.31265666,0.017635975,0.050944011,6.384576715,0
30-04-2020 07:00,1011.4797,0,1,12340.05234,25.40415853,0.017895121,0.066919963,8.141183085,0
30-04-2020 08:00,1090.987,0,1,13310.0414,26.92579549,0.01765839,0.088923135,9.076450291,0
30-04-2020 09:00,1112.7991,0,1,13576.14902,28.6045166,0.01720828,0.100713095,8.717475053,0
30-04-2020 10:00,1142.3236,0,1,13936.34792,29.9728536,0.017083482,0.100316365,8.009864269,0
30-04-2020 11:00,1170.9834,0,1,14285.99748,31.00078735,0.017182438,0.100250243,7.636965148,0
30-04-2020 12:00,1167.6302,0,1,14245.08844,31.66849162,0.017334926,0.10055542,7.586276911,0
30-04-2020 13:00,1190.5332,0,1,14524.50504,32.00301514,0.017431545,0.10454305,7.696192072,0
30-04-2020 14:00,1174.5494,0,1,14329.50268,31.96421712,0.017462031,0.105183918,7.796855082,0
30-04-2020 15:00,1144.5883,0,1,13963.97726,31.64642741,0.017451746,0.096466063,7.814615675,0
30-04-2020 16:00,1104.0287,0,1,13469.15014,30.96334229,0.017477159,0.077072143,7.879259935,0
30-04-2020 17:00,1100.9863,0,1,13432.03286,29.88374227,0.017728989,0.06292216,8.009723276,0
30-04-2020 18:00,1151.9949,0,1,14054.33778,28.23417562,0.018133319,0.055140177,7.760616101,0
30-04-2020 19:00,1207.1161,0,1,14726.81642,27.05283,0.018138414,0.056289673,8.097487051,0
30-04-2020 20:00,1221.4015,0,1,14901.0983,26.36735433,0.018026601,0.057607015,8.495595099,0
30-04-2020 21:00,1219.1667,0,1,14873.83374,25.89840088,0.017942841,0.054715475,8.625438881,0
30-04-2020 22:00,1193.4384,0,1,14559.94848,25.57682699,0.017892306,0.051485696,8.512808083,0
30-04-2020 23:00,1155.1695,0,1,14093.0679,25.30692952,0.017836759,0.047414144,8.334336086,0
05-01-2020 00:00,1102.9328,1,1,13455.78016,25.08235067,0.017791415,0.049082438,7.960008637,0
05-01-2020 01:00,1078.1345,1,1,13153.2409,24.90378215,0.0177638,0.056233723,7.420393343,0
05-01-2020 02:00,1028.1121,1,1,12542.96762,24.78418376,0.01775126,0.064885456,7.077714012,0
05-01-2020 03:00,1000.8457,1,1,12210.31754,24.72339274,0.01773332,0.067662558,6.962682685,0
05-01-2020 04:00,970.6304,1,1,11841.69088,24.66937663,0.017735764,0.068415323,6.752107313,0
05-01-2020 05:00,954.8015,1,1,11648.5783,24.62618408,0.01775098,0.07140096,6.596650242,0
05-01-2020 06:00,896.3395,1,1,10935.3419,24.79604492,0.017799309,0.071675619,7.204644803,0
05-01-2020 07:00,914.143,1,1,11152.5446,25.82576904,0.017872864,0.074467978,9.219430044,0
05-01-2020 08:00,979.6018,1,1,11951.14196,27.39158529,0.017702303,0.090393067,10.35660017,0
05-01-2020 09:00,1002.0474,1,1,12224.97828,28.95342407,0.017521612,0.113637287,10.10597606,0
05-01-2020 10:00,1021.4722,1,1,12461.96084,30.12006022,0.017513927,0.138356527,9.702835032,0
05-01-2020 11:00,1040.6137,1,1,12695.48714,30.89886882,0.017539372,0.16664632,9.7968174,0
05-01-2020 12:00,1073.7033,1,1,13099.18026,31.34645996,0.01767679,0.187642417,9.908188563,0
05-01-2020 13:00,1073.6495,1,1,13098.5239,31.4241984,0.017781224,0.204182943,10.08393513,0
05-01-2020 14:00,1079.3951,1,1,13168.62022,31.27403158,0.017839867,0.207865397,10.2104223,0
05-01-2020 15:00,1089.6387,1,1,13293.59214,30.8565918,0.01783493,0.198730465,10.30383089,0
05-01-2020 16:00,1053.0395,1,1,12847.0819,30.21232503,0.017781669,0.18112183,10.36829221,0
05-01-2020 17:00,1049.8211,1,1,12807.81742,29.21086019,0.017893602,0.156387329,10.2961599,0
05-01-2020 18:00,1112.8875,1,1,13577.2275,27.85869751,0.018457952,0.13808187,9.362448077,0
05-01-2020 19:00,1189.1761,1,1,14507.94842,26.94121704,0.018676449,0.132115682,9.137377944,0
05-01-2020 20:00,1189.9854,1,1,14517.82188,26.34990845,0.018803381,0.119829812,9.280181144,0
05-01-2020 21:00,1180.4964,1,1,14402.05608,26.0336141,0.018752376,0.110610963,9.729839629,0
05-01-2020 22:00,1187.4785,1,1,14487.2377,25.79793701,0.018737075,0.098492939,9.547091189,0
05-01-2020 23:00,1138.2879,1,1,13887.11238,25.62923584,0.018752387,0.088989258,9.088082299,0
05-02-2020 00:00,1086.0356,0,1,13249.63432,25.4866272,0.018731959,0.082796733,8.954173081,0
05-02-2020 01:00,1050.7269,0,1,12818.86818,25.35351969,0.01870398,0.0778656,8.847268632,0
05-02-2020 02:00,1010.9351,0,1,12333.40822,25.237736,0.018668258,0.074941001,8.677757797,0
05-02-2020 03:00,994.0941,0,1,12127.94802,25.13951009,0.018630032,0.074412027,8.27368903,0
05-02-2020 04:00,968.5888,0,1,11816.78336,25.08003133,0.018574076,0.077239989,8.663542088,0
05-02-2020 05:00,938.6305,0,1,11451.2921,25.02590332,0.018535868,0.079081217,9.106307856,0
05-02-2020 06:00,895.8396,0,1,10929.24312,25.09131266,0.018581636,0.077311199,9.803763839,0
05-02-2020 07:00,920.253,0,1,11227.0866,25.6522054,0.018739348,0.077214559,12.12668969,0
05-02-2020 08:00,947.2906,0,1,11556.94532,26.61636759,0.018652898,0.07701111,14.55518274,0
05-02-2020 09:00,958.5494,0,1,11694.30268,27.9224589,0.018139025,0.070907591,16.54309548,0
05-02-2020 10:00,976.6254,0,1,11914.82988,29.0545695,0.017820815,0.051767985,16.98409182,0
05-02-2020 11:00,992.1751,0,1,12104.53622,29.93477783,0.017754502,0.043334961,16.00575169,0
05-02-2020 12:00,1024.23,0,1,12495.606,30.53429565,0.017685768,0.074762978,14.54184938,0
05-02-2020 13:00,1032.2971,0,1,12594.02462,30.56706136,0.017624771,0.090901692,13.48379576,0
05-02-2020 14:00,1041.2114,0,1,12702.77908,30.44000651,0.017568771,0.070719401,13.29197536,0
05-02-2020 15:00,1044.0354,0,1,12737.23188,29.93241781,0.017494985,0.065123241,12.99211959,0
05-02-2020 16:00,1000.8685,0,1,12210.5957,29.10600179,0.017650122,0.065953573,12.21545436,0
05-02-2020 17:00,1005.508,0,1,12267.1976,28.02739868,0.018158793,0.07299296,11.26766746,0
05-02-2020 18:00,1082.6294,0,1,13208.07868,26.88434245,0.018492001,0.08761088,10.52072072,0
05-02-2020 19:00,1181.8372,0,1,14418.41384,26.17725016,0.01852245,0.092686973,10.24626503,0
05-02-2020 20:00,1204.7451,0,1,14697.89022,25.7990153,0.018359594,0.087376912,10.46911687,0
05-02-2020 21:00,1194.4582,0,1,14572.39004,25.5321696,0.018255283,0.081965129,11.01901879,0
05-02-2020 22:00,1182.202,0,1,14422.8644,25.30472209,0.018196821,0.074386597,11.81700738,0
05-02-2020 23:00,1136.3888,0,1,13863.94336,25.11780192,0.018151158,0.066141765,12.59502915,0
05-03-2020 00:00,1114.5166,0,1,13597.10252,24.9445638,0.018087751,0.06405131,13.35107006,0
05-03-2020 01:00,1074.8315,0,1,13112.9443,24.83123169,0.018044661,0.066523234,13.82473979,0
05-03-2020 02:00,1043.4266,0,1,12729.80452,24.7641744,0.018021658,0.064526875,13.64572394,0
05-03-2020 03:00,1009.8192,0,1,12319.79424,24.68072917,0.018006267,0.058369955,13.3217062,0
05-03-2020 04:00,1000.1077,0,1,12201.31394,24.62410889,0.017940018,0.051822662,13.24332815,0
05-03-2020 05:00,958.8412,0,1,11697.86264,24.58679606,0.017848367,0.048890432,12.71497899,0
05-03-2020 06:00,876.8529,0,1,10697.60538,24.727889,0.017843452,0.051181793,12.016634,0
05-03-2020 07:00,889.4286,0,1,10851.02892,25.61856486,0.018008644,0.052881876,13.92089245,0
05-03-2020 08:00,899.1591,0,1,10969.74102,27.01472371,0.017825506,0.054967245,16.23833543,0
05-03-2020 09:00,901.198,0,1,10994.6156,28.45527547,0.017423546,0.047526042,16.64951962,0
05-03-2020 10:00,927.0219,0,1,11309.66718,29.57470093,0.017222633,0.042170207,16.0927809,0
05-03-2020 11:00,956.1288,0,1,11664.77136,30.21645508,0.017174465,0.04231135,15.13860091,0
05-03-2020 12:00,941.6946,0,1,11488.67412,30.49598592,0.017202637,0.048904418,14.1753768,0
05-03-2020 13:00,978.5727,0,1,11938.58694,30.50938314,0.017228316,0.062383016,13.74052234,0
05-03-2020 14:00,988.7182,0,1,12062.36204,30.29126383,0.017284473,0.070732117,13.68403951,0
05-03-2020 15:00,1025.4679,0,1,12510.70838,29.78713379,0.017322671,0.074930827,13.84215692,0
05-03-2020 16:00,1024.8079,0,1,12502.65638,28.92427979,0.017508351,0.074996947,13.54991813,0
05-03-2020 17:00,1032.9768,0,1,12602.31696,27.86698812,0.017836393,0.080927531,12.70945267,0
05-03-2020 18:00,1079.9978,0,1,13175.97316,26.82965495,0.018011835,0.079274493,12.02214604,0
05-03-2020 19:00,1183.8685,0,1,14443.1957,26.22070719,0.018070297,0.074218752,11.93016718,0
05-03-2020 20:00,1194.9295,0,1,14578.1399,25.89340617,0.018136406,0.072469076,11.55199911,0
05-03-2020 21:00,1187.4266,0,1,14486.60452,25.68174642,0.018164395,0.075017293,11.16101873,0
05-03-2020 22:00,1167.7994,0,1,14247.15268,25.5054362,0.018182272,0.07888794,10.88817495,0
05-03-2020 23:00,1137.57,0,1,13878.354,25.35087484,0.018174739,0.085128785,10.81294943,0
05-04-2020 00:00,1110.7887,0,1,13551.62214,25.2192627,0.018151923,0.090337118,10.77756567,0
05-04-2020 01:00,1081.332,0,1,13192.2504,25.10161743,0.01812914,0.090352375,10.70287194,0
05-04-2020 02:00,1043.9713,0,1,12736.44986,24.99107259,0.018116541,0.091267903,10.51255127,0
05-04-2020 03:00,1026.6849,0,1,12525.55578,24.90518595,0.018116638,0.092697144,10.24511908,0
05-04-2020 04:00,1011.514,0,1,12340.4708,24.85835164,0.018093787,0.090922037,9.928922117,0
05-04-2020 05:00,1009.2842,0,1,12313.26724,24.83402913,0.01808869,0.084849038,9.591013178,0
05-04-2020 06:00,978.4936,0,1,11937.62192,24.92745361,0.018126464,0.085266115,9.473542256,0
05-04-2020 07:00,1041.7022,0,1,12708.76684,25.62468872,0.018217505,0.085398357,10.702776,0
05-04-2020 08:00,1113.8424,0,1,13588.87728,26.66807454,0.018161113,0.084442139,12.04754407,0
05-04-2020 09:00,1142.9317,0,1,13943.76674,27.86719157,0.017990319,0.092976887,13.16987823,0
05-04-2020 10:00,1184.6485,0,1,14452.7117,28.934493,0.017842558,0.105590822,13.20866056,0
05-04-2020 11:00,1188.3394,0,1,14497.74068,29.85018311,0.01786778,0.10369873,12.95398303,0
05-04-2020 12:00,1211.3422,0,1,14778.37484,30.4400472,0.01792112,0.094685871,12.71897275,0
05-04-2020 13:00,1220.2101,0,1,14886.56322,30.66287638,0.017961726,0.09576416,12.43365788,0
05-04-2020 14:00,1203.3972,0,1,14681.44584,30.54081624,0.017987125,0.1166687,11.7888608,0
05-04-2020 15:00,1162.6519,0,1,14184.35318,30.02814128,0.018048198,0.138763427,11.01789528,0
05-04-2020 16:00,1119.5835,0,1,13658.9187,29.28404134,0.018190471,0.147939047,10.28180689,0
05-04-2020 17:00,1082.7445,0,1,13209.4829,28.30479329,0.018564248,0.138570149,9.861628082,0
05-04-2020 18:00,1159.2763,0,1,14143.17086,27.29298299,0.018869452,0.119283037,9.476549884,0
05-04-2020 19:00,1251.1961,0,1,15264.59242,26.61019287,0.019004337,0.10975138,9.668623397,0
05-04-2020 20:00,1254.872,0,1,15309.4384,26.17218424,0.019006945,0.100143432,10.35301307,0
05-04-2020 21:00,1248.6315,0,1,15233.3043,25.86456706,0.019047715,0.096649169,11.13263111,0
05-04-2020 22:00,1231.7722,0,1,15027.62084,25.65487061,0.019040073,0.101476035,11.14737488,0
05-04-2020 23:00,1185.1228,0,1,14458.49816,25.48469442,0.01897906,0.108622234,10.61834425,0
05-05-2020 00:00,1154.7777,0,1,14088.28794,25.33741659,0.018933209,0.113026937,9.814535993,0
05-05-2020 01:00,1113.3064,0,1,13582.33808,25.18483887,0.018892579,0.10623169,9.246768125,0
05-05-2020 02:00,1066.4705,0,1,13010.9401,25.03571981,0.018834227,0.10538737,8.718769029,0
05-05-2020 03:00,1043.4924,0,1,12730.60728,24.93990479,0.018763211,0.111907958,7.78618931,0
05-05-2020 04:00,1027.832,0,1,12539.5504,24.88306071,0.018710006,0.117858888,6.354331943,0
05-05-2020 05:00,1024.3181,0,1,12496.68082,24.84208577,0.018702479,0.117156981,5.649115024,0
05-05-2020 06:00,977.6462,0,1,11927.28364,24.99415487,0.018819446,0.10550944,6.063830133,0
05-05-2020 07:00,1033.6389,0,1,12610.39458,25.79781494,0.019022888,0.097554524,7.600319146,0
05-05-2020 08:00,1100.4303,0,1,13425.24966,26.9645223,0.018898222,0.102773029,8.384504799,0
05-05-2020 09:00,1124.9766,0,1,13724.71452,27.96882528,0.018554847,0.12728882,8.576799573,0
05-05-2020 10:00,1164.2523,0,1,14203.87806,28.83398844,0.018351383,0.159444173,8.351700291,0
05-05-2020 11:00,1186.3869,0,1,14473.92018,29.46844889,0.018295421,0.18676758,7.925754153,0
05-05-2020 12:00,1199.6121,0,1,14635.26762,29.76900635,0.018435214,0.19588216,7.501796879,0
05-05-2020 13:00,1203.3385,0,1,14680.7297,29.74756266,0.018625956,0.190327963,7.371664335,0
05-05-2020 14:00,1180.5174,0,1,14402.31228,29.37110799,0.018816719,0.180725097,7.738892647,0
05-05-2020 15:00,1171.5045,0,1,14292.3549,28.97534587,0.01903296,0.16314697,8.474519961,0
05-05-2020 16:00,1126.2414,0,1,13740.14508,28.53329875,0.019254283,0.153015133,9.163092495,0
05-05-2020 17:00,1103.6834,0,1,13464.93748,27.89052734,0.019447589,0.127482097,9.220311261,0
05-05-2020 18:00,1165.0271,0,1,14213.33062,27.07925822,0.01973238,0.110931397,8.547685586,0
05-05-2020 19:00,1207.6227,0,1,14732.99694,26.54208781,0.019678956,0.105056762,8.601286896,0
05-05-2020 20:00,1214.5541,0,1,14817.56002,26.22139893,0.019559459,0.098388671,8.812136446,0
05-05-2020 21:00,1215.3322,0,1,14827.05284,25.98094076,0.019478138,0.093882243,8.355041501,0
05-05-2020 22:00,1193.001,0,1,14554.6122,25.78487549,0.019404275,0.092712402,7.631776243,0
05-05-2020 23:00,1133.9187,0,1,13833.80814,25.59046834,0.019284623,0.09642029,7.174679778,0
05-06-2020 00:00,1109.8549,0,1,13540.22978,25.41350708,0.019164953,0.103017173,7.133032506,0
05-06-2020 01:00,1070.9047,0,1,13065.03734,25.2712443,0.019078363,0.109715781,7.064263575,0
05-06-2020 02:00,1038.1667,0,1,12665.63374,25.16835938,0.019022325,0.117757163,6.68927693,0
05-06-2020 03:00,975.0493,0,1,11895.60146,25.13519694,0.018951069,0.130737305,6.091927753,0
05-06-2020 04:00,981.4455,0,1,11973.6351,25.06511841,0.018862031,0.133972167,5.367917363,0
05-06-2020 05:00,975.6158,0,1,11902.51276,24.95088094,0.018795888,0.126342775,5.041976807,0
05-06-2020 06:00,941.5548,0,1,11486.96856,25.10797526,0.018874702,0.119150798,5.711529492,0
05-06-2020 07:00,994.1366,0,1,12128.46652,26.07020467,0.01901198,0.125183105,8.391768764,0
05-06-2020 08:00,1057.3416,0,1,12899.56752,27.25134684,0.018719523,0.118927,10.71998334,0
05-06-2020 09:00,1107.8157,0,1,13515.35154,28.52480469,0.018381281,0.107666017,11.50875077,0
05-06-2020 10:00,1136.6936,0,1,13867.66192,29.6020752,0.018210896,0.104532877,11.37226957,0
05-06-2020 11:00,1181.3257,0,1,14412.17354,30.37362061,0.018241407,0.1145223,10.69341443,0
05-06-2020 12:00,1197.9847,0,1,14615.41334,30.84423218,0.018185477,0.129241942,10.23228536,0
05-06-2020 13:00,1203.4667,0,1,14682.29374,30.92922363,0.018015055,0.150410968,9.92806116,0
05-06-2020 14:00,1222.1788,0,1,14910.58136,30.78286133,0.017969273,0.156463623,9.440374447,0
05-06-2020 15:00,1180.6871,0,1,14404.38262,30.25565999,0.018157498,0.141265871,9.080920567,0
05-06-2020 16:00,1138.4042,0,1,13888.53124,29.46362712,0.018444898,0.123036702,8.64725671,0
05-06-2020 17:00,1116.4251,0,1,13620.38622,28.58297119,0.018844164,0.116363523,7.996458275,0
05-06-2020 18:00,1160.4061,0,1,14156.95442,27.59502563,0.019390906,0.116516115,6.76432784,0
05-06-2020 19:00,1229.9962,0,1,15005.95364,26.96901855,0.019525662,0.110829673,6.39908553,0
05-06-2020 20:00,1237.1611,0,1,15093.36542,26.51156006,0.019754482,0.108423868,6.000235787,0
05-06-2020 21:00,1238.8639,0,1,15114.13958,26.21416626,0.019830711,0.103571574,5.454669581,0
05-06-2020 22:00,1206.8396,0,1,14723.44312,25.98592529,0.019800136,0.097727457,4.890976237,0
05-06-2020 23:00,1159.4704,0,1,14145.53888,25.80039876,0.019744146,0.093292239,4.532766037,0
13-05-2020 00:00,1093.6111,0,1,13342.05542,25.26988118,0.018528268,0.115743002,4.42300987,0
13-05-2020 01:00,1095.577,0,1,13366.0394,25.08539225,0.018360372,0.122802737,4.48225151,0
13-05-2020 02:00,1057.5582,0,1,12902.21004,24.92364909,0.018202704,0.118418377,4.733065086,0
13-05-2020 03:00,1034.6222,0,1,12622.39084,24.74889526,0.018070432,0.111378987,5.088570017,0
13-05-2020 04:00,1009.5638,0,1,12316.67836,24.60333659,0.017907569,0.10825602,5.134861516,0
13-05-2020 05:00,984.652,0,1,12012.7544,24.47837728,0.017785379,0.10503133,4.918934373,0
13-05-2020 06:00,953.1129,0,1,11627.97738,24.65847168,0.017836137,0.105611165,4.954395818,0
13-05-2020 07:00,1042.3354,0,1,12716.49188,25.69974162,0.01778524,0.118896485,6.559158499,0
13-05-2020 08:00,1126.9027,0,1,13748.21294,26.93563232,0.017403837,0.13719686,7.065126789,0
13-05-2020 09:00,1173.5481,0,1,14317.28682,28.11763916,0.016992015,0.156728111,6.635209088,0
13-05-2020 10:00,1193.3863,0,1,14559.31286,29.03413289,0.016718655,0.16527303,5.778510929,0
13-05-2020 11:00,1226.4271,0,1,14962.41062,29.81020508,0.016633315,0.16677348,4.72928469,0
13-05-2020 12:00,1241.7716,0,1,15149.61352,30.40603027,0.016406796,0.170633953,3.715751486,0
13-05-2020 13:00,1230.8217,0,1,15016.02474,30.72101237,0.016339337,0.18681844,2.906920187,0
13-05-2020 14:00,1192.2031,0,1,14544.87782,30.65638631,0.016419477,0.194061283,2.612562132,0
13-05-2020 15:00,1137.642,0,1,13879.2324,30.35118001,0.016513415,0.204630533,2.878741536,0
13-05-2020 16:00,1069.6473,0,1,13049.69706,29.73082886,0.016676032,0.206013993,3.822224093,0
13-05-2020 17:00,1044.9248,0,1,12748.08256,28.92343547,0.017156503,0.194539387,4.779587837,0
13-05-2020 18:00,1105.002,0,1,13481.0244,27.97595622,0.017746355,0.169413247,5.088287955,0
13-05-2020 19:00,1163.0074,0,1,14188.69028,27.20091146,0.018641412,0.151306153,4.858434744,0
13-05-2020 20:00,1167.6164,0,1,14244.92008,26.79442749,0.018867643,0.140889487,4.494865694,0
13-05-2020 21:00,1175.1546,0,1,14336.88612,26.51999308,0.018809056,0.132069907,4.182249441,0
13-05-2020 22:00,1151.3432,0,1,14046.38704,26.22220256,0.018867481,0.122431436,3.87234069,0
13-05-2020 23:00,1122.6896,0,1,13696.81312,25.89103597,0.018882712,0.115224201,3.691542845,0
14-05-2020 00:00,1080.7962,0,1,13185.71364,25.59007161,0.01880639,0.11412557,3.698470517,0
14-05-2020 01:00,1031.3408,0,1,12582.35776,25.34290975,0.018676616,0.114522298,3.889298769,0
14-05-2020 02:00,1030.5613,0,1,12572.84786,25.11937866,0.018513767,0.119466143,4.158302674,0
14-05-2020 03:00,993.1273,0,1,12116.15306,24.91438192,0.018328108,0.119160969,4.300719769,0
14-05-2020 04:00,965.2442,0,1,11775.97924,24.72143962,0.018124696,0.10993449,4.225870712,0
14-05-2020 05:00,956.631,0,1,11670.8982,24.57976685,0.017949248,0.097752888,4.000754226,0
14-05-2020 06:00,947.552,0,1,11560.1344,24.76053263,0.01792127,0.083244323,4.110986479,0
14-05-2020 07:00,1018.1989,0,1,12422.02658,25.98665771,0.017682203,0.074106853,5.612823071,0
14-05-2020 08:00,1110.5392,0,1,13548.57824,27.26123454,0.017305859,0.066510519,5.721509216,0
14-05-2020 09:00,1157.8659,0,1,14125.96398,28.63532918,0.016843089,0.054402668,5.394289512,0
14-05-2020 10:00,1176.9585,0,1,14358.8937,29.92461548,0.016578601,0.046531678,5.134284813,0
14-05-2020 11:00,1206.3059,0,1,14716.93198,30.98380941,0.016532774,0.044898987,5.161561752,0
14-05-2020 12:00,1196.2992,0,1,14594.85024,31.76826375,0.016558183,0.054552715,5.278890227,0
14-05-2020 13:00,1216.4173,0,1,14840.29106,32.15048625,0.016812519,0.080362958,5.49315082,0
14-05-2020 14:00,1175.237,0,1,14337.8914,32.08727417,0.017031327,0.110463462,5.870864977,0
14-05-2020 15:00,1158.9053,0,1,14138.64466,31.63608195,0.01727301,0.13329061,6.340465983,0
14-05-2020 16:00,1136.2574,0,1,13862.34028,30.92207235,0.01750701,0.134246827,6.820006899,0
14-05-2020 17:00,1098.5353,0,1,13402.13066,29.91011963,0.017901179,0.12004598,7.116492926,0
14-05-2020 18:00,1150.036,0,1,14030.4392,28.58588053,0.018671759,0.103515627,6.690097101,0
14-05-2020 19:00,1237.9516,0,1,15103.00952,27.65023193,0.019213455,0.099304198,6.684158912,0
14-05-2020 20:00,1232.8196,0,1,15040.39912,27.06528117,0.019287155,0.101013182,6.605625366,0
14-05-2020 21:00,1225.4602,0,1,14950.61444,26.62031453,0.019243864,0.102478027,6.28773556,0
14-05-2020 22:00,1214.8341,0,1,14820.97602,26.25383911,0.01913184,0.099070232,6.108107137,0
14-05-2020 23:00,1166.8564,0,1,14235.64808,25.90836995,0.018933326,0.088948569,6.081278416,0
15-05-2020 00:00,1081.54,0,1,13194.788,25.599705,0.018750068,0.076360066,6.160258151,0
15-05-2020 01:00,1059.4926,0,1,12925.80972,25.30385742,0.018589885,0.068608603,6.240920267,0
15-05-2020 02:00,1026.5334,0,1,12523.70748,25.02933146,0.018416955,0.061864217,6.342077121,0
15-05-2020 03:00,996.7647,0,1,12160.52934,24.82200521,0.018241459,0.056953429,6.470659575,0
15-05-2020 04:00,976.5855,0,1,11914.3431,24.65472819,0.018081221,0.051216125,6.424330229,0
15-05-2020 05:00,955.2431,0,1,11653.96582,24.50675863,0.017936261,0.044583638,6.21481919,0
15-05-2020 06:00,933.6411,0,1,11390.42142,24.70266113,0.017880325,0.038332621,6.642639125,0
15-05-2020 07:00,998.2099,0,1,12178.16078,25.96934408,0.017707366,0.045697529,8.253293295,0
15-05-2020 08:00,1098.8768,0,1,13406.29696,27.48472493,0.01740219,0.056135813,7.930517895,0
15-05-2020 09:00,1153.8144,0,1,14076.53568,29.00274048,0.017185981,0.062942506,6.62089924,0
15-05-2020 10:00,1184.3413,0,1,14448.96386,30.26888428,0.017164305,0.082455954,5.889175647,0
15-05-2020 11:00,1217.381,0,1,14852.0482,31.15677287,0.017338478,0.103103635,5.676059249,0
15-05-2020 12:00,1214.8598,0,1,14821.28956,31.72946574,0.017508847,0.127756757,5.651241953,0
15-05-2020 13:00,1186.2998,0,1,14472.85756,31.96164347,0.017630899,0.16328939,5.843346326,0
15-05-2020 14:00,1153.0539,0,1,14067.25758,31.73342285,0.017727512,0.1957194,6.353828401,0
15-05-2020 15:00,1111.3435,0,1,13558.3907,31.2027832,0.017836792,0.21697998,6.933534201,0
15-05-2020 16:00,1079.2098,0,1,13166.35956,30.40664063,0.01802492,0.227762857,7.179433731,0
15-05-2020 17:00,1051.1549,0,1,12824.08978,29.4617452,0.018424143,0.22503662,6.94642202,0
15-05-2020 18:00,1095.2387,0,1,13361.91214,28.42763672,0.018955605,0.217631023,6.019719881,0
15-05-2020 19:00,1190.3482,0,1,14522.24804,27.6398763,0.019405693,0.207936607,5.210086291,0
15-05-2020 20:00,1198.1993,0,1,14618.03146,27.06573893,0.019451422,0.191579185,4.528321901,0
15-05-2020 21:00,1187.1472,0,1,14483.19584,26.66628418,0.019555629,0.174591065,4.132161461,0
15-05-2020 22:00,1155.8455,0,1,14101.3151,26.35923665,0.019598813,0.156819659,4.394699902,0
15-05-2020 23:00,1131.684,0,1,13806.5448,26.12329508,0.019575879,0.137552897,4.810618364,0
16-05-2020 00:00,1053.8768,0,1,12857.29696,25.9137207,0.01962414,0.126790367,5.005040485,0
16-05-2020 01:00,1042.7384,0,1,12721.40848,25.74493815,0.019565585,0.115488687,5.153302419,0
16-05-2020 02:00,1018.0739,0,1,12420.50158,25.56738688,0.019410387,0.106770832,5.262840216,0
16-05-2020 03:00,990.8119,0,1,12087.90518,25.43143107,0.019278088,0.102742515,5.231851086,0
16-05-2020 04:00,968.3755,0,1,11814.1811,25.33999023,0.019171237,0.102386475,5.093440949,0
16-05-2020 05:00,948.7916,0,1,11575.25752,25.27762248,0.01906187,0.10066732,4.895641523,0
16-05-2020 06:00,910.7334,0,1,11110.94748,25.43474731,0.019125468,0.09979248,4.832341332,0
16-05-2020 07:00,952.7934,0,1,11624.07948,26.15792236,0.019323842,0.106953938,5.998393782,0
16-05-2020 08:00,1007.1548,0,1,12287.28856,27.05559692,0.019290772,0.117869059,6.423531676,0
16-05-2020 09:00,1044.3595,0,1,12741.1859,28.16437174,0.018866074,0.13668823,6.033997223,0
16-05-2020 10:00,1071.8168,0,1,13076.16496,28.96265055,0.018627042,0.138692217,5.002071727,0
16-05-2020 11:00,1093.9757,0,1,13346.50354,29.59859619,0.018619449,0.136016843,4.308972931,0
16-05-2020 12:00,1117.1617,0,1,13629.37274,29.98354492,0.018629654,0.145355227,3.52261715,0
16-05-2020 13:00,1136.1638,0,1,13861.19836,30.20347493,0.018622048,0.162495929,3.156098528,0
16-05-2020 14:00,1154.4397,0,1,14084.16434,30.10187174,0.018650028,0.175048827,4.096810503,0
16-05-2020 15:00,1157.5855,0,1,14122.5431,29.73691203,0.018856027,0.173838297,5.218058418,0
16-05-2020 16:00,1134.6943,0,1,13843.27046,29.29065348,0.019227337,0.166127522,5.809700786,0
16-05-2020 17:00,1120.358,0,1,13668.3676,28.590448,0.019537577,0.14579264,5.862732448,0
16-05-2020 18:00,1161.4641,0,1,14169.86202,27.7521403,0.02026489,0.13129679,5.319065785,0
16-05-2020 19:00,1228.5474,0,1,14988.27828,27.16246948,0.020575138,0.126480102,5.05443178,0
16-05-2020 20:00,1241.8254,0,1,15150.26988,26.80788574,0.02053953,0.116490684,4.983612603,0
16-05-2020 21:00,1234.5653,0,1,15061.69666,26.5479777,0.020465807,0.10673523,4.938931708,0
16-05-2020 22:00,1216.6713,0,1,14843.38986,26.33543294,0.020353935,0.098510741,4.976847624,0
16-05-2020 23:00,1172.17,0,1,14300.474,26.1442098,0.020219099,0.094340007,5.143076745,0
17-05-2020 00:00,1147.8573,0,1,14003.85906,25.97901815,0.020107128,0.089024862,5.370807786,0
17-05-2020 01:00,1116.1068,0,1,13616.50296,25.80810954,0.019977371,0.085428874,5.563251726,0
17-05-2020 02:00,1078.9363,0,1,13163.02286,25.67739258,0.019875606,0.082214356,5.621598652,0
17-05-2020 03:00,1054.626,0,1,12866.4372,25.56980794,0.019750969,0.079752603,5.35478614,0
17-05-2020 04:00,1029.658,0,1,12561.8276,25.53085734,0.019649251,0.086385092,5.00262763,0
17-05-2020 05:00,1004.6207,0,1,12256.37254,25.49761353,0.01958316,0.104553222,4.849069138,0
17-05-2020 06:00,930.5016,0,1,11352.11952,25.65235799,0.019695098,0.12101237,5.375333092,0
17-05-2020 07:00,947.9355,0,1,11564.8131,26.34479167,0.019979979,0.114776612,7.18385787,0
17-05-2020 08:00,962.7134,0,1,11745.10348,27.1091451,0.020145324,0.107706707,8.05335291,0
17-05-2020 09:00,971.589,0,1,11853.3858,27.91921387,0.019908859,0.109771728,8.373087189,0
17-05-2020 10:00,991.7822,0,1,12099.74284,28.82517904,0.019552827,0.121388755,8.098502748,0
17-05-2020 11:00,1001.8618,0,1,12222.71396,29.41046549,0.019311236,0.1353658,7.851166305,0
17-05-2020 12:00,986.638,0,1,12036.9836,29.62016195,0.019206968,0.14320882,7.40914781,0
17-05-2020 13:00,931.0387,0,1,11358.67214,29.6192159,0.019209451,0.15605672,6.7872942,0
17-05-2020 14:00,922.8659,0,1,11258.96398,29.42525635,0.019171256,0.170440673,6.570947744,0
17-05-2020 15:00,922.4819,0,1,11254.27918,29.04605509,0.019201732,0.169637047,6.291872201,0
17-05-2020 16:00,921.4645,0,1,11241.8669,28.53421427,0.019397528,0.159617107,5.419034552,0
17-05-2020 17:00,911.0516,0,1,11114.82952,27.93447266,0.019654378,0.147349036,4.302397987,0
17-05-2020 18:00,985.602,0,1,12024.3444,27.17657878,0.020175717,0.142735799,3.083704625,0
17-05-2020 19:00,1059.2582,0,1,12922.95004,26.71820475,0.020157907,0.121231079,2.923912949,0
17-05-2020 20:00,1072.0883,0,1,13079.47726,26.4152771,0.020048538,0.090408323,3.388781533,0
17-05-2020 21:00,1073.2228,0,1,13093.31816,26.11916504,0.019911186,0.068387348,4.105418057,0
17-05-2020 22:00,1054.992,0,1,12870.9024,25.88564453,0.019763649,0.058812459,5.1041994,0
17-05-2020 23:00,1041.1077,0,1,12701.51394,25.68920288,0.019644075,0.054852803,6.24684201,0
18-05-2020 00:00,992.4469,0,1,12107.85218,25.5471639,0.019557564,0.057520548,6.854236948,0
18-05-2020 01:00,957.74,0,1,11684.428,25.41601969,0.019448163,0.059570313,6.770069864,0
18-05-2020 02:00,940.8032,0,1,11477.79904,25.27130534,0.019333663,0.063517251,6.076868115,0
18-05-2020 03:00,924.4359,0,1,11278.11798,25.24605713,0.019206445,0.069300333,5.09452335,0
18-05-2020 04:00,911.5082,0,1,11120.40004,25.31326701,0.019079225,0.075480143,3.971575566,0
18-05-2020 05:00,911.3499,0,1,11118.46878,25.33024495,0.018962179,0.081105552,3.395354298,0
18-05-2020 06:00,890.1756,0,1,10860.14232,25.33474121,0.019061313,0.08562215,3.276640733,0
18-05-2020 07:00,983.9244,0,1,12003.87768,26.02763265,0.019475808,0.087453207,3.958767551,0
18-05-2020 08:00,1082.9722,0,1,13212.26084,26.82064209,0.019582599,0.099436442,4.013100949,0
18-05-2020 09:00,1128.8913,0,1,13772.47386,27.54104004,0.019127363,0.117014567,3.56146208,0
18-05-2020 10:00,1152.9275,0,1,14065.7155,28.21857096,0.018651744,0.12533569,3.931663225,0
18-05-2020 11:00,1193.7247,0,1,14563.44134,28.80558675,0.018488952,0.132344563,4.709750623,0
18-05-2020 12:00,1204.8536,0,1,14699.21392,29.13693644,0.018460951,0.148295087,5.033565044,0
18-05-2020 13:00,1224.6798,0,1,14941.09356,29.22687174,0.018468569,0.16271973,4.895710223,0
18-05-2020 14:00,1209.7576,0,1,14759.04272,29.0578654,0.018555038,0.183939613,4.820123428,0
18-05-2020 15:00,1182.8966,0,1,14431.33852,28.64797363,0.018811879,0.197224937,4.891640887,0
18-05-2020 16:00,1085.7513,0,1,13246.16586,28.1913798,0.019295061,0.206726073,4.808058379,0
18-05-2020 17:00,1055.5036,0,1,12877.14392,27.63727214,0.019447643,0.203776043,4.685834935,0
18-05-2020 18:00,1109.3898,0,1,13534.55556,26.90962118,0.019808768,0.18383789,4.018905459,0
18-05-2020 19:00,1137.4698,0,1,13877.13156,26.42030233,0.01999696,0.160257977,3.85936272,0
18-05-2020 20:00,1140.8957,0,1,13918.92754,26.15611165,0.019836745,0.127878825,4.412188841,0
18-05-2020 21:00,1122.4971,0,1,13694.46462,25.92513428,0.019684164,0.09263102,5.514480532,0
18-05-2020 22:00,1104.2686,0,1,13472.07692,25.6840861,0.019597705,0.06665039,6.779591105,0
18-05-2020 23:00,1087.8117,0,1,13271.30274,25.46153158,0.019584991,0.052144369,7.416075737,0
19-05-2020 00:00,1069.0625,0,1,13042.5625,25.32111003,0.01957991,0.058242798,7.031274686,0
19-05-2020 01:00,1029.0093,0,1,12553.91346,25.20120646,0.019539218,0.082611085,5.9617593,0
19-05-2020 02:00,994.0339,0,1,12127.21358,25.09669393,0.019462915,0.114471436,5.211724626,0
19-05-2020 03:00,974.323,0,1,11886.7406,24.99586385,0.019348463,0.133850097,4.561277957,0
19-05-2020 04:00,965.6241,0,1,11780.61402,24.96753337,0.019221299,0.145955403,3.943220195,0
19-05-2020 05:00,956.2636,0,1,11666.41592,25.03047078,0.019134834,0.156331383,3.659225374,0
19-05-2020 06:00,934.3141,0,1,11398.63202,25.15227661,0.019193336,0.155212403,3.576253279,0
19-05-2020 07:00,1015.9395,0,1,12394.4619,25.64162598,0.019409515,0.124532065,4.450698898,0
19-05-2020 08:00,1101.4365,0,1,13437.5253,26.30646159,0.019305243,0.123667397,4.452877682,0
19-05-2020 09:00,1154.0517,0,1,14079.43074,26.80731608,0.019007682,0.146179197,3.767118081,0
19-05-2020 10:00,1187.8629,0,1,14491.92738,27.29865926,0.01878642,0.14186605,3.134019573,0
19-05-2020 11:00,1203.7384,0,1,14685.60848,27.68235677,0.018483783,0.172617592,3.243689214,0
19-05-2020 12:00,1191.6478,0,1,14538.10316,27.85310262,0.018371885,0.180440267,4.556799298,0
19-05-2020 13:00,1141.3986,0,1,13925.06292,27.85324504,0.018379517,0.14856974,5.09069402,0
19-05-2020 14:00,1110.2891,0,1,13545.52702,27.88340658,0.018415126,0.146596272,5.197910766,0
19-05-2020 15:00,1054.1162,0,1,12860.21764,27.75037028,0.018458372,0.158355712,5.142367471,0
19-05-2020 16:00,1014.419,0,1,12375.9118,27.45675049,0.018577907,0.181961059,5.408932585,0
19-05-2020 17:00,994.0144,0,1,12126.97568,26.93196004,0.018880551,0.196299237,5.728921864,0
19-05-2020 18:00,1066.3154,0,1,13009.04788,26.29128418,0.019315447,0.19405111,5.194892756,0
19-05-2020 19:00,1077.4685,0,1,13145.1157,25.87689616,0.01944772,0.16786703,4.77944319,0
19-05-2020 20:00,1084.4737,0,1,13230.57914,25.65234782,0.01938925,0.138071693,4.516328283,0
19-05-2020 21:00,1077.7786,0,1,13148.89892,25.50037028,0.019295169,0.118570963,4.357434418,0
19-05-2020 22:00,1044.4724,0,1,12742.56328,25.34884033,0.019173117,0.110799155,4.312107007,0
19-05-2020 23:00,997.7907,0,1,12173.04654,25.21486816,0.01904344,0.113250733,4.355519101,0
20-05-2020 00:00,980.3357,0,1,11960.09554,25.05788574,0.018911232,0.124460858,4.402204392,0
20-05-2020 01:00,944.9162,0,1,11527.97764,24.89457601,0.018766319,0.122314455,4.496340782,0
20-05-2020 02:00,916.0126,0,1,11175.35372,24.72964884,0.018590843,0.111399335,4.53404876,0
20-05-2020 03:00,899.3243,0,1,10971.75646,24.5798584,0.018415363,0.091908773,4.320119755,0
20-05-2020 04:00,893.645,0,1,10902.469,24.42796224,0.018224628,0.076822917,3.708036614,0
20-05-2020 05:00,897.1153,0,1,10944.80666,24.31715291,0.017980495,0.067016602,2.882285872,0
20-05-2020 06:00,881.0513,0,1,10748.82586,24.48870239,0.017825372,0.063827516,2.215475877,0
20-05-2020 07:00,950.5542,0,1,11596.76124,25.37016195,0.017728716,0.064468384,2.396625337,0
20-05-2020 08:00,1028.0733,0,1,12542.49426,26.55975749,0.017398073,0.059734343,2.999218083,0
20-05-2020 09:00,1097.1703,0,1,13385.47766,27.89804484,0.017133558,0.060902913,3.200125524,0
20-05-2020 10:00,1125.2849,0,1,13728.47578,29.0274292,0.017217468,0.081929525,3.609943793,0
20-05-2020 11:00,1165.2615,0,1,14216.1903,29.81274821,0.017403122,0.108408608,3.802448715,0
20-05-2020 12:00,1156.4927,0,1,14109.21094,30.22043254,0.017593879,0.140655517,3.98392024,0
20-05-2020 13:00,1183.3632,0,1,14437.03104,30.36716105,0.017764312,0.1673584,4.172159646,0
20-05-2020 14:00,1189.1039,0,1,14507.06758,30.22024943,0.017861018,0.178833007,4.132417508,0
20-05-2020 15:00,1176.7487,0,1,14356.33414,29.78857829,0.018044183,0.180623373,3.875457511,0
20-05-2020 16:00,1140.1083,0,1,13909.32126,29.25234375,0.018194263,0.174153643,3.48607322,0
20-05-2020 17:00,1091.5216,0,1,13316.56352,28.59892171,0.018468962,0.152608238,3.380061565,0
20-05-2020 18:00,1133.2739,0,1,13825.94158,27.88979492,0.018898804,0.132741293,3.330761776,0
20-05-2020 19:00,1205.7537,0,1,14710.19514,27.17857259,0.019336276,0.1207784,3.243421131,0
20-05-2020 20:00,1196.7361,0,1,14600.18042,26.76075643,0.019511805,0.114974976,3.348439449,0
20-05-2020 21:00,1191.577,0,1,14537.2394,26.46281331,0.019522048,0.111714681,3.606840564,0
20-05-2020 22:00,1162.1455,0,1,14178.1751,26.25327962,0.019494182,0.108965557,3.761288588,0
20-05-2020 23:00,1106.2033,0,1,13495.68026,26.05900472,0.019387491,0.109334307,3.790868278,0
21-05-2020 00:00,1064.1438,0,1,12982.55436,25.87514648,0.019270558,0.115735369,3.724555148,0
21-05-2020 01:00,1019.8335,0,1,12441.9687,25.70291545,0.019186686,0.120559692,3.673746942,0
21-05-2020 02:00,995.221,0,1,12141.6962,25.54321696,0.019062131,0.123926802,3.700960205,0
21-05-2020 03:00,979.0304,0,1,11944.17088,25.37904256,0.018942663,0.125233967,3.827322494,0
21-05-2020 04:00,959.2989,0,1,11703.44658,25.26416423,0.018856277,0.121170043,3.867265495,0
21-05-2020 05:00,944.2864,0,1,11520.29408,25.19491984,0.018764807,0.11771647,3.828958954,0
21-05-2020 06:00,922.755,0,1,11257.611,25.32603353,0.018889512,0.109273273,4.065049005,0
21-05-2020 07:00,1046.5742,0,1,12768.20524,26.24430745,0.019265799,0.112904865,5.091869443,0
21-05-2020 08:00,1153.7284,0,1,14075.48648,27.07197469,0.019217435,0.117736815,5.009446969,0
21-05-2020 09:00,1195.1014,0,1,14580.23708,28.02500814,0.018937776,0.117396036,4.219629707,0
21-05-2020 10:00,1235.3623,0,1,15071.42006,28.96309814,0.018729321,0.130869547,3.851268026,0
21-05-2020 11:00,1268.0402,0,1,15470.09044,29.6943807,0.018709021,0.151031497,3.861346168,0
21-05-2020 12:00,1273.6286,0,1,15538.26892,30.12716064,0.0187522,0.17586263,4.106842267,0
21-05-2020 13:00,1295.9828,0,1,15810.99016,30.38315226,0.018830945,0.19761149,4.686165707,0
21-05-2020 14:00,1305.1876,0,1,15923.28872,30.52016602,0.018932604,0.20772298,5.530321485,0
21-05-2020 15:00,1284.1872,0,1,15667.08384,30.22773641,0.019054596,0.203776043,6.302016459,0
21-05-2020 16:00,1193.9796,0,1,14566.55112,29.49957682,0.019265648,0.189737957,6.899754274,0
21-05-2020 17:00,1138.2597,0,1,13886.76834,28.73412476,0.019789557,0.17433675,7.138582196,0
21-05-2020 18:00,1170.5648,0,1,14280.89056,27.74610799,0.020310942,0.15914917,6.752785107,0
21-05-2020 19:00,1261.4799,0,1,15390.05478,27.1285848,0.020514422,0.145177205,6.658153926,0
21-05-2020 20:00,1273.3661,0,1,15535.06642,26.80001221,0.020466079,0.139185588,6.676108984,0
21-05-2020 21:00,1266.0721,0,1,15446.07962,26.5527181,0.020364277,0.138758342,6.516949116,0
21-05-2020 22:00,1243.002,0,1,15164.6244,26.33699951,0.020198951,0.136357627,6.305001671,0
21-05-2020 23:00,1181.5265,0,1,14414.6233,26.1377299,0.020005676,0.139872233,6.049983352,0
22-05-2020 00:00,1125.455,0,1,13730.551,25.97604777,0.0198531,0.141143799,5.809329614,0
22-05-2020 01:00,1089.9729,0,1,13297.66938,25.8117513,0.019725959,0.144775392,5.538502391,0
22-05-2020 02:00,1059.7069,0,1,12928.42418,25.65690511,0.01960136,0.138895673,5.438864579,0
22-05-2020 03:00,1019.0645,0,1,12432.5869,25.53570964,0.019476765,0.126312259,5.463996544,0
22-05-2020 04:00,1003.769,0,1,12245.9818,25.41525675,0.019354747,0.110392253,5.234654893,0
22-05-2020 05:00,994.2662,0,1,12130.04764,25.32619629,0.019237802,0.102391562,4.979977054,0
22-05-2020 06:00,970.8186,0,1,11843.98692,25.49011637,0.019344634,0.095443725,5.172422917,0
22-05-2020 07:00,1066.7816,0,1,13014.73552,26.23554891,0.019626994,0.089635213,6.728657022,0
22-05-2020 08:00,1155.329,0,1,14095.0138,27.02896525,0.019703311,0.099365233,6.778797287,0
22-05-2020 09:00,1208.5357,0,1,14744.13554,27.8781779,0.019431184,0.109608969,6.077746409,0
22-05-2020 10:00,1237.8368,0,1,15101.60896,28.79467163,0.019204814,0.131856283,5.638532867,0
22-05-2020 11:00,1276.2121,0,1,15569.78762,29.42688395,0.019184417,0.15999349,5.682207917,0
22-05-2020 12:00,1291.3889,0,1,15754.94458,29.78918864,0.019158954,0.17344157,5.464752918,0
22-05-2020 13:00,1276.0539,0,1,15567.85758,29.9237915,0.019133487,0.167704267,5.211425386,0
22-05-2020 14:00,1186.3372,0,1,14473.31384,29.94029134,0.019191966,0.162709557,4.986203993,0
22-05-2020 15:00,1097.3725,0,1,13387.9445,29.62403768,0.019303864,0.146270753,4.712879786,0
22-05-2020 16:00,1047.6496,0,1,12781.32512,29.1417277,0.019695519,0.13837687,5.036077083,0
22-05-2020 17:00,1032.061,0,1,12591.1442,28.4208313,0.019906608,0.139099123,5.048583264,0
22-05-2020 18:00,1068.8867,0,1,13040.41774,27.51229248,0.020476296,0.140289307,3.83540608,0
22-05-2020 19:00,1097.4282,0,1,13388.62404,27.05313517,0.020321191,0.144307454,2.954546959,0
22-05-2020 20:00,1101.6727,0,1,13440.40694,26.84519857,0.019977881,0.134933472,2.503575769,0
22-05-2020 21:00,1094.3264,0,1,13350.78208,26.59789429,0.019919387,0.116999309,3.255875297,0
22-05-2020 22:00,1071.634,0,1,13073.9348,26.3498881,0.019967724,0.101287843,3.796891107,0
22-05-2020 23:00,1037.3756,0,1,12655.98232,26.16809489,0.019937217,0.093093872,4.083324192,0
23-05-2020 00:00,1001.4855,0,1,12218.1231,26.0387207,0.019868543,0.092966713,4.219256437,0
23-05-2020 01:00,987.0052,0,1,12041.46344,25.92562256,0.019784605,0.097628277,4.203470068,0
23-05-2020 02:00,957.1975,0,1,11677.8095,25.82428385,0.019680359,0.105967204,4.175373466,0
23-05-2020 03:00,938.4972,0,1,11449.66584,25.70099284,0.019591418,0.114618935,4.211099893,0
23-05-2020 04:00,932.8861,0,1,11381.21042,25.54656372,0.019520304,0.118103025,4.337787411,0
23-05-2020 05:00,915.2322,0,1,11165.83284,25.41233724,0.019413591,0.112711589,4.302066952,0
23-05-2020 06:00,883.5892,0,1,10779.78824,25.58215739,0.019515443,0.112457277,4.206759406,0
23-05-2020 07:00,934.8996,0,1,11405.77512,26.41553141,0.019630055,0.122639973,5.118501491,0
23-05-2020 08:00,1016.0012,0,1,12395.21464,27.18805339,0.019469914,0.140136717,4.723606821,0
23-05-2020 09:00,1049.0634,0,1,12798.57348,27.93383179,0.019172394,0.152730305,3.697972724,0
23-05-2020 10:00,1087.6085,0,1,13268.8237,28.7463623,0.018976616,0.158559163,2.747827745,0
23-05-2020 11:00,1123.3465,0,1,13704.8273,29.35189209,0.01876053,0.157816571,2.342114545,0
23-05-2020 12:00,1118.1449,0,1,13641.36778,29.7505839,0.018630631,0.164123533,2.634958532,0
23-05-2020 13:00,1137.8033,0,1,13881.20026,29.88866577,0.018574484,0.172790527,3.061651665,0
23-05-2020 14:00,1157.174,0,1,14117.5228,29.87294922,0.018602288,0.169352213,3.169993155,0
23-05-2020 15:00,1160.4398,0,1,14157.36556,29.66799316,0.018658003,0.156799317,2.815598896,0
23-05-2020 16:00,1132.1645,0,1,13812.4069,29.36494344,0.01881295,0.129536947,2.485900813,0
23-05-2020 17:00,1105.1914,0,1,13483.33508,28.85620524,0.019339277,0.110402425,2.349787949,0
23-05-2020 18:00,1141.559,0,1,13927.0198,28.23938395,0.01943079,0.091618857,2.166618771,0
23-05-2020 19:00,1213.9458,0,1,14810.13876,27.6509847,0.020038581,0.075983684,2.389144679,0
23-05-2020 20:00,1234.4934,0,1,15060.81948,27.30088704,0.019995337,0.075210573,2.879936392,0
23-05-2020 21:00,1224.9632,0,1,14944.55104,27.04274902,0.01993939,0.082425435,3.475238926,0
23-05-2020 22:00,1210.3635,0,1,14766.4347,26.74589437,0.019919032,0.087398529,4.339585575,0
23-05-2020 23:00,1173.1748,0,1,14312.73256,26.39532878,0.019921562,0.092938742,4.568753807,0
24-05-2020 00:00,1137.4683,0,1,13877.11326,26.19226481,0.019845273,0.109446206,4.370490851,0
24-05-2020 01:00,1089.1062,0,1,13287.09564,26.12282715,0.01974864,0.121902465,4.262931307,0
24-05-2020 02:00,1051.944,0,1,12833.7168,26.04749959,0.019679996,0.134251911,4.218120843,0
24-05-2020 03:00,1023.0255,0,1,12480.9111,25.9215332,0.019613908,0.135238648,4.234808146,0
24-05-2020 04:00,1002.7676,0,1,12233.76472,25.78294271,0.01953253,0.135264079,4.211329651,0
24-05-2020 05:00,964.2712,0,1,11764.10864,25.64760742,0.019446099,0.129608155,4.505152735,0
24-05-2020 06:00,888.9127,0,1,10844.73494,25.7355896,0.019509737,0.114522299,5.204963178,0
24-05-2020 07:00,896.881,0,1,10941.9482,26.48304647,0.019547882,0.104268391,6.666541332,0
24-05-2020 08:00,945.8052,0,1,11538.82344,27.24986165,0.01954531,0.10786438,5.594118827,0
24-05-2020 09:00,971.7326,0,1,11855.13772,28.14767863,0.01939527,0.128743488,4.17826812,0
24-05-2020 10:00,996.5506,0,1,12157.91732,29.08578898,0.019087582,0.137268065,3.756061913,0
24-05-2020 11:00,1010.9268,0,1,12333.30696,29.96295573,0.01892232,0.137400312,4.380762324,0
24-05-2020 12:00,1043.7974,0,1,12734.32828,30.61193237,0.01890707,0.138661703,5.407716612,0
24-05-2020 13:00,1069.0269,0,1,13042.12818,30.87978516,0.018932499,0.144139609,5.955737976,0
24-05-2020 14:00,1072.2118,0,1,13080.98396,30.61109823,0.019021496,0.154256185,6.481256651,0
24-05-2020 15:00,1067.9646,0,1,13029.16812,30.1097758,0.019181693,0.175130207,6.959837698,0
24-05-2020 16:00,1078.4845,0,1,13157.5109,29.40615234,0.019542795,0.199025472,6.918759858,0
24-05-2020 17:00,1073.946,0,1,13102.1412,28.66379191,0.01991661,0.215861001,6.117454057,0
24-05-2020 18:00,1118.7707,0,1,13649.00254,27.89692586,0.020351453,0.231221517,4.776537295,0
24-05-2020 19:00,1240.2544,0,1,15131.10368,27.40422974,0.020534524,0.230489095,4.027568011,0
24-05-2020 20:00,1267.8842,0,1,15468.18724,27.08797607,0.020486174,0.213745113,3.662454071,0
24-05-2020 21:00,1250.0291,0,1,15250.35502,26.84459839,0.020460721,0.179026284,3.534318747,0
24-05-2020 22:00,1210.562,0,1,14768.8564,26.65277507,0.020465794,0.161204023,3.713321596,0
24-05-2020 23:00,1177.477,0,1,14365.2194,26.44636434,0.02038949,0.165695191,3.821685834,0
25-05-2020 00:00,1136.3013,0,1,13862.87586,26.29770304,0.0202521,0.178471882,3.625163005,0
25-05-2020 01:00,1074.8783,0,1,13113.51526,26.22078857,0.02015286,0.188486736,3.674547528,0
25-05-2020 02:00,1033.9063,0,1,12613.65686,26.11787313,0.020249462,0.19493612,4.239429793,0
25-05-2020 03:00,1004.9489,0,1,12260.37658,26.0449056,0.020287597,0.196370442,4.797871616,0
25-05-2020 04:00,989.0662,0,1,12066.60764,25.99234416,0.02026217,0.190561931,5.222693224,0
25-05-2020 05:00,981.494,0,1,11974.2268,25.94986369,0.020221493,0.1824646,5.37085104,0
25-05-2020 06:00,960.1666,0,1,11714.03252,26.03211873,0.020285086,0.182535807,5.604300344,0
25-05-2020 07:00,1064.9299,0,1,12992.14478,26.47901815,0.020335962,0.19524129,6.488281427,0
25-05-2020 08:00,1176.0621,0,1,14347.95762,26.9254598,0.020534341,0.224314373,5.934836246,0
25-05-2020 09:00,1229.4787,0,1,14999.64014,27.33815918,0.020605571,0.2549235,6.447040995,0
25-05-2020 10:00,1254.7795,0,1,15308.3099,27.70601807,0.020539466,0.27895101,7.568345755,0
25-05-2020 11:00,1303.1424,0,1,15898.33728,27.95355632,0.020491152,0.282877603,8.068280183,0
25-05-2020 12:00,1300.7556,0,1,15869.21832,28.05437622,0.020465728,0.268371587,7.961560176,0
25-05-2020 13:00,1303.2875,0,1,15900.1075,28.08801676,0.020386901,0.23557536,7.350770314,0
25-05-2020 14:00,1310.9706,0,1,15993.84132,28.03969727,0.020295368,0.212849937,6.46526292,0
25-05-2020 15:00,1269.6713,0,1,15489.98986,27.92773844,0.020186036,0.178517662,5.116210542,0
25-05-2020 16:00,1215.5698,0,1,14829.95156,27.73826497,0.020175882,0.149983722,5.584975813,0
25-05-2020 17:00,1164.1187,0,1,14202.24814,27.44389242,0.020310693,0.134440103,5.830356858,0
25-05-2020 18:00,1231.3659,0,1,15022.66398,26.96858114,0.020570109,0.12197876,5.453331164,0
25-05-2020 19:00,1162.6073,0,1,14183.80906,26.67499186,0.020570103,0.121220907,5.60095591,0
25-05-2020 20:00,1238.3239,0,1,15107.55158,26.54366455,0.020521737,0.131805418,5.549727564,0
25-05-2020 21:00,1258.7761,0,1,15357.06842,26.52818197,0.020440286,0.127309163,4.892138435,0
25-05-2020 22:00,1251.9194,0,1,15273.41668,26.51786702,0.020244454,0.127156577,4.160729089,0
25-05-2020 23:00,1177.6797,0,1,14367.69234,26.40338542,0.020241952,0.12114461,4.034368068,0
26-05-2020 00:00,1097.9579,0,1,13395.08638,26.27749023,0.020221584,0.115437827,4.056145944,0
26-05-2020 01:00,1059.4452,0,1,12925.23144,26.1612793,0.02015292,0.107788085,4.031583889,0
26-05-2020 02:00,1026.0554,0,1,12517.87588,26.06467082,0.020096986,0.10244751,3.791068332,0
26-05-2020 03:00,1002.6903,0,1,12232.82166,25.96550903,0.020023222,0.093516033,3.341613034,0
26-05-2020 04:00,981.4442,0,1,11973.61924,25.85034587,0.019883377,0.08867391,2.9751217,0
26-05-2020 05:00,968.0525,0,1,11810.2405,25.76475423,0.019873261,0.084330242,2.971928411,0
26-05-2020 06:00,947.8102,0,1,11563.28444,25.89756673,0.019959783,0.086232504,3.151123395,0
26-05-2020 07:00,1037.218,0,1,12654.0596,26.58157756,0.020402301,0.094482423,4.091224074,0
26-05-2020 08:00,1179.493,0,1,14389.8146,27.2567688,0.020529446,0.10514323,4.689938614,0
26-05-2020 09:00,1223.1337,0,1,14922.23114,28.00885417,0.020476043,0.115041097,4.999459465,0
26-05-2020 10:00,1260.4473,0,1,15377.45706,28.74507039,0.020397182,0.133046467,5.207105237,0
26-05-2020 11:00,1296.4292,0,1,15816.43624,29.15568441,0.020247133,0.154052737,5.628467244,0
26-05-2020 12:00,1306.4603,0,1,15938.81566,29.49346313,0.020170846,0.163553873,6.565067537,0
26-05-2020 13:00,1321.3935,0,1,16121.0007,29.75830485,0.020211566,0.155721029,8.073796539,0
26-05-2020 14:00,1286.4137,0,1,15694.24714,29.70371908,0.02029554,0.15378825,9.228422116,0
26-05-2020 15:00,1201.7346,0,1,14661.16212,29.34483236,0.020565227,0.17448934,9.464044684,0
26-05-2020 16:00,1130.9703,0,1,13797.83766,28.7769104,0.020778858,0.202758787,9.424706266,0
26-05-2020 17:00,1087.5715,0,1,13268.3723,28.06203613,0.021122138,0.221700033,8.643608227,0
26-05-2020 18:00,1142.3014,0,1,13936.07708,27.38047689,0.021165379,0.221394855,7.132008041,0
26-05-2020 19:00,1204.9876,0,1,14700.84872,26.97780762,0.021203602,0.203145345,6.662708827,0
26-05-2020 20:00,1213.8868,0,1,14809.41896,26.77107137,0.021137588,0.17912801,6.720229048,0
26-05-2020 21:00,1205.5671,0,1,14707.91862,26.57549438,0.02103088,0.175231933,6.399974235,0
26-05-2020 22:00,1169.3098,0,1,14265.57956,26.42007853,0.020880808,0.16676839,5.995798167,0
26-05-2020 23:00,1141.4458,0,1,13925.63876,26.25807088,0.020684978,0.1475118,5.817180923,0
27-05-2020 00:00,1102.6683,0,1,13452.55326,26.08234049,0.020494239,0.130452475,5.757083646,0
27-05-2020 01:00,1074.24,0,1,13105.728,25.87336629,0.020265341,0.126597087,5.467315506,0
27-05-2020 02:00,1043.5014,0,1,12730.71708,25.74511108,0.020092398,0.140462236,5.260048392,0
27-05-2020 03:00,1011.4603,0,1,12339.81566,25.63938802,0.019955083,0.141530352,5.044653306,0
27-05-2020 04:00,1003.7596,0,1,12245.86712,25.5590861,0.019861005,0.144388836,4.479567068,0
27-05-2020 05:00,1000.7837,0,1,12209.56114,25.54470215,0.019774557,0.138468423,3.602497769,0
27-05-2020 06:00,975.1143,0,1,11896.39446,25.56668498,0.019744073,0.130910237,2.979101839,0
27-05-2020 07:00,1069.9717,0,1,13053.65474,26.0237264,0.019990789,0.131571452,2.747483245,0
27-05-2020 08:00,1136.6197,0,1,13866.76034,26.56755981,0.020018786,0.148925783,2.779087998,0
27-05-2020 09:00,1151.653,0,1,14050.1666,27.02515055,0.019998463,0.158213297,2.629944546,0
27-05-2020 10:00,1179.0422,0,1,14384.31484,27.45240682,0.019838279,0.160461427,2.594841105,0
27-05-2020 11:00,1152.5325,0,1,14060.8965,27.89946899,0.01987139,0.150756837,4.498383342,0
27-05-2020 12:00,1163.4504,0,1,14194.09488,28.25796916,0.019980769,0.13872274,6.508912758,0
27-05-2020 13:00,1126.6127,0,1,13744.67494,28.48653564,0.020049379,0.124206543,7.494574768,0
27-05-2020 14:00,1071.0395,0,1,13066.6819,28.50476481,0.020034043,0.136421203,7.169859382,0
27-05-2020 15:00,1021.4588,0,1,12461.79736,28.15883789,0.020117917,0.147410078,7.486148392,0
27-05-2020 16:00,979.2583,0,1,11946.95126,27.57542318,0.020407795,0.153788249,8.328771622,0
27-05-2020 17:00,978.1648,0,1,11933.61056,26.97846883,0.020687504,0.160619102,8.780779778,0
27-05-2020 18:00,1064.9454,0,1,12992.33388,26.4687439,0.02066459,0.187032063,8.428553814,0
27-05-2020 19:00,1093.9314,0,1,13345.96308,26.15832926,0.020476382,0.214904787,8.348005816,0
27-05-2020 20:00,1097.5854,0,1,13390.54188,25.94584554,0.020206808,0.218241377,8.735512696,0
27-05-2020 21:00,1071.3817,0,1,13070.85674,25.75724691,0.019929564,0.204874673,9.190573447,0
27-05-2020 22:00,1058.547,0,1,12914.2734,25.56448771,0.019690491,0.18955485,8.674698464,0
27-05-2020 23:00,1022.8537,0,1,12478.81514,25.36422119,0.019489591,0.202250163,7.725064052,0
28-05-2020 00:00,989.8083,0,1,12075.66126,25.1498759,0.019306433,0.208780927,6.866087192,0
28-05-2020 01:00,968.0644,0,1,11810.38568,24.98601685,0.019148718,0.193176267,6.424735423,0
28-05-2020 02:00,948.2081,0,1,11568.13882,24.87570597,0.01899864,0.17376709,6.172743276,0
28-05-2020 03:00,937.3301,0,1,11435.42722,24.7877238,0.01880024,0.176798503,5.834975416,0
28-05-2020 04:00,920.6072,0,1,11231.40784,24.69308879,0.018586589,0.167236327,5.363384576,0
28-05-2020 05:00,929.8379,0,1,11344.02238,24.60027466,0.018390745,0.166992187,4.865882953,0
28-05-2020 06:00,912.319,0,1,11130.2918,24.60069173,0.018291515,0.175923667,4.596234342,0
28-05-2020 07:00,990.8222,0,1,12088.03084,25.10431315,0.018327054,0.18560791,5.020544213,0
28-05-2020 08:00,1061.3355,0,1,12948.2931,25.60650024,0.017998936,0.210266113,4.923647599,0
28-05-2020 09:00,1090.5548,0,1,13304.76856,26.09535116,0.017625062,0.244201657,4.892646115,0
28-05-2020 10:00,1124.7931,0,1,13722.47582,26.56599325,0.017528415,0.26257324,4.827165556,0
28-05-2020 11:00,1153.6912,0,1,14075.03264,26.94574382,0.017546163,0.264709473,4.777761472,0
28-05-2020 12:00,1154.6382,0,1,14086.58604,27.25269979,0.017584338,0.256551103,4.577775421,0
28-05-2020 13:00,1139.1839,0,1,13898.04358,27.45779826,0.017614793,0.241455077,4.150439902,0
28-05-2020 14:00,1133.2705,0,1,13825.9001,27.53331909,0.017622372,0.220906577,3.700777989,0
28-05-2020 15:00,1099.7319,0,1,13416.72918,27.43599854,0.017624976,0.200459797,3.294051171,0
28-05-2020 16:00,1056.7521,0,1,12892.37562,27.18933512,0.017711519,0.17380778,2.865696894,0
28-05-2020 17:00,1040.0712,0,1,12688.86864,26.7414388,0.017953128,0.136454267,3.279929302,0
28-05-2020 18:00,1091.197,0,1,13312.6034,26.04862874,0.018319359,0.098571778,3.539448045,0
28-05-2020 19:00,1142.9978,0,1,13944.57316,25.49381917,0.01844907,0.079625449,3.467388525,0
28-05-2020 20:00,1148.9811,0,1,14017.56942,25.28374634,0.01839311,0.075709025,3.341635132,0
28-05-2020 21:00,1153.0711,0,1,14067.46742,25.15425008,0.018301516,0.096104943,2.93923204,0
28-05-2020 22:00,1136.8335,0,1,13869.3687,25.04751994,0.018187018,0.124176027,2.300725536,0
28-05-2020 23:00,1100.717,0,1,13428.7474,24.89386393,0.018001317,0.149449667,1.911850306,0
29-05-2020 00:00,1048.4251,0,1,12790.78622,24.68229574,0.017874121,0.165547687,2.087088499,0
29-05-2020 01:00,1002.4046,0,1,12229.33612,24.48618978,0.017769823,0.16736857,2.184883911,0
29-05-2020 02:00,986.4186,0,1,12034.30692,24.31358236,0.017627383,0.168996173,2.278004255,0
29-05-2020 03:00,957.6026,0,1,11682.75172,24.1761617,0.017469687,0.166992187,2.471679071,0
29-05-2020 04:00,937.8338,0,1,11441.57236,24.0977417,0.017304357,0.16342163,2.394996743,0
29-05-2020 05:00,941.158,0,1,11482.1276,24.03536377,0.017151743,0.160888673,2.31235946,0
29-05-2020 06:00,921.366,0,1,11240.6652,24.17177734,0.017299232,0.151794437,2.894547141,0
29-05-2020 07:00,1005.7604,0,1,12270.27688,25.03656413,0.017451822,0.143107097,4.932203828,0
29-05-2020 08:00,1075.7854,0,1,13124.58188,25.92093302,0.017390764,0.140991213,5.715917565,0
29-05-2020 09:00,1108.8175,0,1,13527.5735,26.99229329,0.017205102,0.145284013,6.003729525,0
29-05-2020 10:00,1123.0387,0,1,13701.07214,27.93437093,0.017183484,0.16027832,6.467236748,0
29-05-2020 11:00,1143.284,0,1,13948.0648,28.50986125,0.017255961,0.16732788,7.131826686,0
29-05-2020 12:00,1145.4113,0,1,13974.01786,28.80733643,0.01735514,0.182108563,7.945738081,0
29-05-2020 13:00,1147.3487,0,1,13997.65414,28.80958455,0.017421259,0.208414713,8.625678989,0
29-05-2020 14:00,1150.7941,0,1,14039.68802,28.47732951,0.017474661,0.23181152,8.979006641,0
29-05-2020 15:00,1111.5261,0,1,13560.61842,27.97600708,0.017528063,0.24182129,9.128032363,0
29-05-2020 16:00,1045.659,0,1,12757.0398,27.28162028,0.017655222,0.241190588,9.018020242,0
29-05-2020 17:00,1041.5885,0,1,12707.3797,26.46541748,0.017861221,0.235595709,8.684190216,0
29-05-2020 18:00,1099.5653,0,1,13414.69666,25.58120117,0.018240164,0.219879152,7.185704604,0
29-05-2020 19:00,1159.4002,0,1,14144.68244,25.09070231,0.018560588,0.20613607,6.022910288,0
29-05-2020 20:00,1147.9186,0,1,14004.60692,24.93009847,0.018738747,0.19545492,5.488430423,0
29-05-2020 21:00,1135.9882,0,1,13859.05604,24.88033447,0.018817574,0.202626547,5.086315444,0
29-05-2020 22:00,1107.5936,0,1,13512.64192,24.88673299,0.018799754,0.19962565,4.773925367,0
29-05-2020 23:00,1079.2784,0,1,13167.19648,24.87718099,0.018743822,0.165140789,4.706553191,0
30-05-2020 00:00,1036.981,0,0,12651.1682,24.79840495,0.018695498,0.123494465,4.978753647,0
30-05-2020 01:00,1008.5706,0,0,12304.56132,24.65986532,0.018624289,0.098154703,5.438457124,0
30-05-2020 02:00,981.9116,0,0,11979.32152,24.49654541,0.018492046,0.091445923,5.913277766,0
30-05-2020 03:00,956.9958,0,0,11675.34876,24.41719971,0.018372532,0.090001423,6.252917024,0
30-05-2020 04:00,944.4835,0,0,11522.6987,24.33697917,0.018281005,0.090108236,6.366933372,0
30-05-2020 05:00,914.5798,0,0,11157.87356,24.27202759,0.018225125,0.100097658,6.821863719,0
30-05-2020 06:00,877.7646,0,0,10708.72812,24.40992635,0.018314243,0.132619222,8.224255339,0
30-05-2020 07:00,930.1995,0,0,11348.4339,24.91733195,0.018426111,0.159362793,9.836918782,0
30-05-2020 08:00,995.7161,0,0,12147.73642,25.39903158,0.018619408,0.195760093,10.32525005,0
30-05-2020 09:00,1018.4162,0,0,12424.67764,25.85669352,0.018705909,0.204630533,10.97254671,0
30-05-2020 10:00,1047.3948,0,0,12778.21656,26.23022868,0.018716125,0.212809247,11.81454612,0
30-05-2020 11:00,1048.7038,0,0,12794.18636,26.51212972,0.018828101,0.235188803,12.5081248,0
30-05-2020 12:00,1058.4083,0,0,12912.58126,26.63767904,0.018962959,0.251302083,13.08336372,0
30-05-2020 13:00,1047.0431,0,0,12773.92582,26.63212484,0.019041912,0.265360513,13.65696579,0
30-05-2020 14:00,1032.8215,0,0,12600.4223,26.46829631,0.019115912,0.265889487,14.13509197,0
30-05-2020 15:00,1015.1062,0,0,12384.29564,26.22067668,0.019154387,0.24709066,14.47861919,0
30-05-2020 16:00,1017.6759,0,0,12415.64598,25.92953898,0.019149472,0.221069337,14.54678488,0
30-05-2020 17:00,1026.939,0,0,12528.6558,25.60159709,0.019116583,0.206614178,14.05771473,0
30-05-2020 18:00,1080.41,0,0,13181.002,25.15508423,0.018969149,0.205607097,13.2624315,0
30-05-2020 19:00,1103.097,0,0,13457.7834,24.8238973,0.018742864,0.197626748,12.91670027,0
30-05-2020 20:00,1093.0217,0,0,13334.86474,24.66741333,0.018602993,0.18103536,12.69788782,0
30-05-2020 21:00,1069.9263,0,0,13053.10086,24.56437581,0.018511467,0.173940023,12.35735278,0
30-05-2020 22:00,1052.5858,0,0,12841.54676,24.48630168,0.018435199,0.180002848,12.0734305,0
30-05-2020 23:00,1022.9322,0,0,12479.77284,24.38967285,0.01829027,0.201049803,11.91846845,0
31-05-2020 00:00,1001.1041,0,0,12213.47002,24.25442912,0.01813251,0.213246665,11.40776398,0
31-05-2020 01:00,989.647,0,0,12073.6934,24.10732422,0.018007839,0.207499187,10.76468891,0
31-05-2020 02:00,950.0437,0,0,11590.53314,23.98402303,0.01790609,0.194580077,9.898570882,0
31-05-2020 03:00,936.0798,0,0,11420.17356,23.88340658,0.017809452,0.181233723,9.072638241,0
31-05-2020 04:00,909.3632,0,0,11094.23104,23.81541341,0.017728097,0.173034667,8.289612449,0
31-05-2020 05:00,884.3612,0,0,10789.20664,23.76515096,0.017682356,0.172973633,7.80647975,0
31-05-2020 06:00,837.576,0,0,10218.4272,23.8869161,0.017745868,0.188690187,7.88909249,0
31-05-2020 07:00,834.2797,0,0,10178.21234,24.51733805,0.018020471,0.218831378,9.363244411,0
31-05-2020 08:00,848.1495,0,0,10347.4239,25.13936768,0.018206008,0.255004883,10.05250867,0
31-05-2020 09:00,861.3623,0,0,10508.62006,25.88757731,0.018210919,0.282999677,10.59158935,0
31-05-2020 10:00,874.3288,0,0,10666.81136,26.72512207,0.018073422,0.308044433,10.88393773,0
31-05-2020 11:00,891.1181,0,0,10871.64082,27.28591309,0.017961351,0.33105469,10.89499808,0
31-05-2020 12:00,912.8359,0,0,11136.59798,27.60650024,0.017905218,0.353474933,10.76724919,0
31-05-2020 13:00,919.6723,0,0,11220.00206,27.655837,0.017899996,0.36222331,10.52762766,0
31-05-2020 14:00,932.6186,0,0,11377.94692,27.52075602,0.017943212,0.36763509,10.06564702,0
31-05-2020 15:00,941.5736,0,0,11487.19792,27.0917806,0.018052559,0.357788087,9.463087583,0
31-05-2020 16:00,958.6672,0,0,11695.73984,26.52490641,0.01829664,0.336751303,8.483702111,0
31-05-2020 17:00,958.8952,0,0,11698.52144,25.9264974,0.018423687,0.315307617,7.544135457,0
31-05-2020 18:00,1015.5133,0,0,12389.26226,25.27103068,0.018614304,0.286987307,6.066396352,0
31-05-2020 19:00,1102.3474,0,0,13448.63828,24.85050863,0.018558263,0.264689127,5.225625138,0
31-05-2020 20:00,1126.0997,0,0,13738.41634,24.67171631,0.01841578,0.226501467,4.868260299,0
31-05-2020 21:00,1116.4743,0,0,13620.98646,24.52441813,0.018260599,0.179768878,4.816477505,0
31-05-2020 22:00,1085.8194,0,0,13246.99668,24.3918396,0.018120706,0.138509113,4.842828678,0
31-05-2020 23:00,1056.2947,0,0,12886.79534,24.25986125,0.017988467,0.11517334,4.821397757,0
06-01-2020 00:00,999.6582,0,0,12195.83004,24.10801595,0.017874017,0.109263102,4.741173675,0
06-01-2020 01:00,996.2859,0,0,12154.68798,23.95882568,0.017757003,0.110595703,4.595688112,0
06-01-2020 02:00,972.3116,0,0,11862.20152,23.86920573,0.0176756,0.107116698,4.512304722,0
06-01-2020 03:00,950.982,0,0,11601.9804,23.80186361,0.017594205,0.10078939,4.520585546,0
06-01-2020 04:00,934.7633,0,0,11404.11226,23.77107137,0.017512831,0.098999023,4.345780752,0
06-01-2020 05:00,933.7608,0,0,11391.88176,23.79581095,0.017428932,0.097798666,3.981471562,0
06-01-2020 06:00,937.1256,0,0,11432.93232,23.95530599,0.017520509,0.097101846,3.51156214,0
06-01-2020 07:00,1047.9074,0,0,12784.47028,24.64966227,0.01790713,0.097315472,3.731916127,0
06-01-2020 08:00,1150.9169,0,0,14041.18618,25.50576172,0.018062274,0.104654947,3.924501141,0
06-01-2020 09:00,1186.809,0,0,14479.0698,26.37958171,0.017678254,0.115753175,4.122958853,0
06-01-2020 10:00,1227.246,0,0,14972.4012,27.2184082,0.017416343,0.124954222,4.378398346,0
06-01-2020 11:00,1247.2696,0,0,15216.68912,27.76300456,0.017368049,0.134470621,4.468872235,0
06-01-2020 12:00,1246.0005,0,0,15201.2061,28.11383464,0.017350448,0.144093832,4.523200018,0
06-01-2020 13:00,1255.4629,0,0,15316.64738,28.18321126,0.017386043,0.154144288,4.541774422,0
06-01-2020 14:00,1235.3545,0,0,15071.3249,28.12567546,0.01744969,0.160934449,4.631229016,0
06-01-2020 15:00,1207.8841,0,0,14736.18602,27.93015951,0.017546454,0.152623494,4.793638494,0
06-01-2020 16:00,1122.1504,0,0,13690.23488,27.60497437,0.017872146,0.134155273,4.903904146,0
06-01-2020 17:00,1090.6251,0,0,13305.62622,27.09573771,0.018174846,0.120269775,5.075083836,0
06-01-2020 18:00,1133.1488,0,0,13824.41536,26.19372965,0.018808006,0.102737426,4.567937021,0
06-01-2020 19:00,1196.1935,0,0,14593.5607,25.65647786,0.018871612,0.094294229,4.664892066,0
06-01-2020 20:00,1171.4222,0,0,14291.35084,25.43159383,0.018818347,0.087086994,5.208898024,0
06-01-2020 21:00,1176.6661,0,0,14355.32642,25.26537476,0.018803344,0.088322958,5.839047501,0
06-01-2020 22:00,1151.3545,0,0,14046.5249,25.1411377,0.018773042,0.107335408,6.11262752,0
06-01-2020 23:00,1105.1677,0,0,13483.04594,25.01792806,0.018709635,0.143951417,5.826434921,0
06-02-2020 00:00,1057.6992,0,0,12903.93024,24.86252238,0.018646203,0.21358236,5.575406647,0
06-02-2020 01:00,1012.7808,0,0,12355.92576,24.79247437,0.018656325,0.26393636,5.921125859,0
06-02-2020 02:00,1008.0553,0,0,12298.27466,24.71743164,0.018646122,0.239176433,6.352809381,0
06-02-2020 03:00,982.3874,0,0,11985.12628,24.59345907,0.018569813,0.194458007,6.691611595,0
06-02-2020 04:00,970.1696,0,0,11836.06912,24.45509237,0.018447758,0.158050537,6.625881161,0
06-02-2020 05:00,968.6356,0,0,11817.35432,24.32465007,0.018290126,0.139526367,6.380976123,0
06-02-2020 06:00,939.8227,0,0,11465.83694,24.41586711,0.01834103,0.120107013,6.173921052,0
06-02-2020 07:00,1035.5817,0,0,12634.09674,25.06121216,0.018684366,0.114074707,7.317663525,0
06-02-2020 08:00,1131.9607,0,0,13809.92054,25.67798258,0.018849662,0.12990316,7.314589954,0
06-02-2020 09:00,1176.3361,0,0,14351.30042,26.17611084,0.018613134,0.151896159,7.190601627,0
06-02-2020 10:00,1236.147,0,0,15080.9934,26.64722087,0.018452887,0.17436727,7.228709257,0
06-02-2020 11:00,1248.7791,0,0,15235.10502,27.02344157,0.018417253,0.195719403,7.438263363,0
06-02-2020 12:00,1220.2566,0,0,14887.13052,27.24601644,0.018386728,0.210571287,7.743261028,0
06-02-2020 13:00,1193.2145,0,0,14557.2169,27.24848836,0.018343477,0.21596273,7.959988207,0
06-02-2020 14:00,1154.7381,0,0,14087.80482,27.04704183,0.018320564,0.205078127,8.012598561,0
06-02-2020 15:00,1127.3683,0,0,13753.89326,26.73056437,0.018320566,0.181050617,8.019629379,0
06-02-2020 16:00,1063.5344,0,0,12975.11968,26.38727214,0.018340928,0.155710857,7.92716607,0
06-02-2020 17:00,1028.2775,0,0,12544.9855,25.98811239,0.018485918,0.134358723,7.566279419,0
06-02-2020 18:00,1095.1016,0,0,13360.23952,25.51562907,0.018773333,0.114756267,6.828438857,0
06-02-2020 19:00,1117.3082,0,0,13631.16004,25.21730957,0.018747993,0.095408122,7.145838241,0
06-02-2020 20:00,1095.0507,0,0,13359.61854,25.0630127,0.018643704,0.083491008,7.452397203,0
06-02-2020 21:00,1093.1023,0,0,13335.84806,24.92899984,0.018592877,0.077590942,7.114558731,0
06-02-2020 22:00,1058.0267,0,0,12907.92574,24.81658325,0.018554704,0.077377319,6.654428426,0
06-02-2020 23:00,1032.3354,0,0,12594.49188,24.71873372,0.018536786,0.076471965,6.376198237,0
06-03-2020 00:00,1018.7213,0,0,12428.39986,24.6227356,0.018516348,0.074681599,6.342357267,0
06-03-2020 01:00,970.7799,0,0,11843.51478,24.51266886,0.018498468,0.077504476,6.437925256,0
06-03-2020 02:00,945.3735,0,0,11533.5567,24.393396,0.018470428,0.081370038,6.406245826,0
06-03-2020 03:00,928.4149,0,0,11326.66178,24.26742961,0.018419504,0.087356568,6.068788867,0
06-03-2020 04:00,916.6217,0,0,11182.78474,24.181604,0.018335525,0.093226115,5.354410832,0
06-03-2020 05:00,925.9476,0,0,11296.56072,24.18448283,0.018205782,0.093037923,4.576547081,0
06-03-2020 06:00,893.7315,0,0,10903.5243,24.43033244,0.018246434,0.095921835,3.791069931,0
06-03-2020 07:00,992.5719,0,0,12109.37718,25.38992716,0.018554115,0.100397746,3.438140699,0
06-03-2020 08:00,1114.504,0,0,13596.9488,26.33262533,0.018411668,0.121109011,3.109975472,0
06-03-2020 09:00,1174.6144,0,0,14330.29568,27.2546224,0.018149712,0.1590271,3.087560843,0
06-03-2020 10:00,1197.737,0,0,14612.3914,28.00002441,0.017986976,0.180847168,3.777443261,0
06-03-2020 11:00,1246.6983,0,0,15209.71926,28.50805054,0.017951426,0.20659383,4.567807787,0
06-03-2020 12:00,1226.5028,0,0,14963.33416,28.67548014,0.018032855,0.227884927,6.13549352,0
06-03-2020 13:00,1226.2446,0,0,14960.18412,28.51347249,0.018172716,0.24943034,7.559175905,0
06-03-2020 14:00,1212.8752,0,0,14797.07744,27.97973022,0.018376163,0.258260093,8.401642106,0
06-03-2020 15:00,1167.3711,0,0,14241.92742,27.35611369,0.018551537,0.271321613,8.775589451,0
06-03-2020 16:00,1095.5407,0,0,13365.59654,26.74035034,0.018678602,0.27463786,8.807238706,0
06-03-2020 17:00,1037.6952,0,0,12659.88144,26.13592936,0.018831068,0.268107097,8.166997137,0
06-03-2020 18:00,1106.8383,0,0,13503.42726,25.57373454,0.019047114,0.253743487,6.631144414,0
06-03-2020 19:00,1182.0181,0,0,14420.62082,25.26862996,0.01905965,0.233357745,5.918200397,0
06-03-2020 20:00,1175.6501,0,0,14342.93122,25.14916382,0.019001129,0.222442627,5.552290115,0
06-03-2020 21:00,1174.8075,0,0,14332.6515,25.06289063,0.018912089,0.214141847,5.257822764,0
06-03-2020 22:00,1145.8416,0,0,13979.26752,25.00424601,0.018820474,0.198191327,5.056553468,0
06-03-2020 23:00,1103.4637,0,0,13462.25714,24.9324585,0.018746667,0.17888387,4.897251767,0
06-04-2020 00:00,1068.8388,0,0,13039.83336,24.83120117,0.018693212,0.15418498,4.782872597,0
06-04-2020 01:00,1044.7014,0,0,12745.35708,24.75374756,0.018644852,0.143330893,4.798303889,0
06-04-2020 02:00,1010.2389,0,0,12324.91458,24.6911967,0.018621908,0.136840819,4.976628401,0
06-04-2020 03:00,995.739,0,0,12148.0158,24.65922445,0.018598986,0.146280923,5.340023445,0
06-04-2020 04:00,974.4224,0,0,11887.95328,24.62399699,0.018525192,0.17220052,5.554337609,0
06-04-2020 05:00,977.8256,0,0,11929.47232,24.55119222,0.018431059,0.188374838,5.581289898,0
06-04-2020 06:00,962.1388,0,0,11738.09336,24.71382039,0.018502239,0.20082601,5.876264519,0
06-04-2020 07:00,1047.3357,0,0,12777.49554,25.35132243,0.018575977,0.20953369,7.716533338,0
06-04-2020 08:00,1150.7378,0,0,14039.00116,25.90991618,0.018502222,0.225870767,8.660090448,0
06-04-2020 09:00,1180.8868,0,0,14406.81896,26.47319946,0.018349633,0.22515869,8.700460656,0
06-04-2020 10:00,1222.1628,0,0,14910.38616,27.06471151,0.018207212,0.223999023,8.803260119,0
06-04-2020 11:00,1261.4246,0,0,15389.38012,27.52219035,0.018092757,0.2236735,8.982521481,0
06-04-2020 12:00,1254.7622,0,0,15308.09884,27.82269694,0.018006273,0.219340003,9.088036133,0
06-04-2020 13:00,1291.7854,0,0,15759.78188,27.89991659,0.017917241,0.205301917,9.030204257,0
06-04-2020 14:00,1281.0735,0,0,15629.0967,27.90023193,0.01782312,0.182210287,8.622429394,0
06-04-2020 15:00,1237.9992,0,0,15103.59024,27.77145793,0.01777223,0.144022621,7.84557491,0
06-04-2020 16:00,1179.3344,0,0,14387.87968,27.45002645,0.01782307,0.11098226,6.871074229,0
06-04-2020 17:00,1104.2681,0,0,13472.07082,26.95418701,0.018026509,0.080688475,5.972004006,0
06-04-2020 18:00,1141.142,0,0,13921.9324,26.0827474,0.018634311,0.062149048,4.581903892,0
06-04-2020 19:00,1242.7751,0,0,15161.85622,25.53656413,0.018786874,0.051330567,4.381980554,0
06-04-2020 20:00,1240.4998,0,0,15134.09756,25.34847412,0.018718172,0.044518789,4.450036604,0
06-04-2020 21:00,1219.7334,0,0,14880.74748,25.22424723,0.018674913,0.042792003,4.355877181,0
06-04-2020 22:00,1183.5336,0,0,14439.10992,25.12148438,0.01861386,0.045768738,4.179305706,0
06-04-2020 23:00,1140.0477,0,0,13908.58194,25.0132487,0.018547717,0.052210491,4.108331518,0
06-05-2020 00:00,1086.9376,0,0,13260.63872,24.9125,0.018489203,0.058868408,4.092713087,0
06-05-2020 01:00,1056.9923,0,0,12895.30606,24.83023478,0.018423058,0.064712525,4.02898293,0
06-05-2020 02:00,1039.2743,0,0,12679.14646,24.77848714,0.018354371,0.06946818,3.700458328,0
06-05-2020 03:00,1007.085,0,0,12286.437,24.7184082,0.018290774,0.074732463,3.403977973,0
06-05-2020 04:00,998.874,0,0,12186.2628,24.61879883,0.018290764,0.075846354,3.655042848,0
06-05-2020 05:00,993.2538,0,0,12117.69636,24.54230143,0.018293306,0.080551148,3.793097948,0
06-05-2020 06:00,954.2009,0,0,11641.25098,24.7095988,0.018397578,0.089589438,3.692157179,0
06-05-2020 07:00,1055.8883,0,0,12881.83726,25.62537028,0.018801949,0.105417887,4.192821565,0
06-05-2020 08:00,1187.7005,0,0,14489.9461,26.42994588,0.018936755,0.14304606,4.754977719,0
06-05-2020 09:00,1215.7466,0,0,14832.10852,27.09493408,0.018791823,0.176656087,4.805928035,0
06-05-2020 10:00,1248.6375,0,0,15233.3775,27.54488525,0.018733351,0.19474284,5.032781262,0
06-05-2020 11:00,1253.5511,0,0,15293.32342,27.92197062,0.018753702,0.21179199,5.238485475,0
06-05-2020 12:00,1251.8404,0,0,15272.45288,28.19626261,0.018814739,0.215657553,5.269287664,0
06-05-2020 13:00,1247.959,0,0,15225.0998,28.3050883,0.018868141,0.216389973,5.203594441,0
06-05-2020 14:00,1233.1954,0,0,15044.98388,28.14316203,0.018926627,0.21405029,5.059005586,0
06-05-2020 15:00,1213.7369,0,0,14807.59018,27.83392741,0.019091932,0.204203287,5.015953459,0
06-05-2020 16:00,1171.6055,0,0,14293.5871,27.4803304,0.019282682,0.190348307,4.602381763,0
06-05-2020 17:00,1103.2743,0,0,13459.94646,27.12006022,0.019379346,0.186950683,4.274386085,0
06-05-2020 18:00,1137.0626,0,0,13872.16372,26.58508708,0.019570094,0.18178304,3.725190453,0
06-05-2020 19:00,1204.9858,0,0,14700.82676,26.21328125,0.019544673,0.176981607,3.608097945,0
06-05-2020 20:00,1215.0121,0,0,14823.14762,26.02762248,0.019514164,0.175201415,3.656479103,0
06-05-2020 21:00,1204.0271,0,0,14689.13062,25.87946981,0.019374295,0.166778563,3.747269666,0
06-05-2020 22:00,1184.0477,0,0,14445.38194,25.69181722,0.019308171,0.156188967,3.89463957,0
06-05-2020 23:00,1110.5721,0,0,13548.97962,25.47313843,0.01922934,0.14074707,3.978867919,0
06-06-2020 00:00,1072.9426,0,0,13089.89972,25.26899618,0.019130171,0.131571453,4.07269088,0
06-06-2020 01:00,1042.4426,0,0,12717.79972,25.1266215,0.01902846,0.12073771,4.136299102,0
06-06-2020 02:00,1013.6931,0,0,12367.05582,24.9775533,0.01892929,0.113108318,4.24758491,0
06-06-2020 03:00,990.4399,0,0,12083.36678,24.86034546,0.018819946,0.10945638,4.305816846,0
06-06-2020 04:00,968.8912,0,0,11820.47264,24.7758016,0.018677544,0.100484212,3.993707779,0
06-06-2020 05:00,959.2987,0,0,11703.44414,24.69777832,0.018471569,0.081741333,3.456468162,0
06-06-2020 06:00,916.1179,0,0,11176.63838,24.81431478,0.018540256,0.068201701,2.809628093,0
06-06-2020 07:00,996.8138,0,0,12161.12836,25.57053019,0.018848001,0.065485637,2.757518607,0
06-06-2020 08:00,1080.6906,0,0,13184.42532,26.35579834,0.018881095,0.077824911,2.112430788,0
06-06-2020 09:00,1129.6132,0,0,13781.28104,27.04360352,0.018476785,0.091018678,2.099741141,0
06-06-2020 10:00,1160.0837,0,0,14153.02114,27.66751506,0.018146242,0.099955242,2.505651055,0
06-06-2020 11:00,1139.9285,0,0,13907.1277,28.19376017,0.018125955,0.116449991,2.527478395,0
06-06-2020 12:00,1140.8702,0,0,13918.61644,28.49346313,0.018248045,0.138661703,2.076998583,0
06-06-2020 13:00,1172.0013,0,0,14298.41586,28.55420329,0.01833958,0.154622397,2.08118298,0
06-06-2020 14:00,1144.3102,0,0,13960.58444,28.47021891,0.018502314,0.164245607,2.597814767,0
06-06-2020 15:00,1148.1582,0,0,14007.53004,28.27104085,0.018738814,0.15594482,3.130263566,0
06-06-2020 16:00,1102.5807,0,0,13451.48454,27.99159139,0.019074505,0.14420573,3.667179854,0
06-06-2020 17:00,1091.068,0,0,13311.0296,27.53315633,0.019244895,0.12947591,4.206169963,0
06-06-2020 18:00,1171.2115,0,0,14288.7803,26.87734375,0.019453435,0.111521402,3.680810151,0
06-06-2020 19:00,1253.7729,0,0,15296.02938,26.48421631,0.019303378,0.096293131,3.631797737,0
06-06-2020 20:00,1279.9115,0,0,15614.9203,26.27431641,0.019173671,0.086456299,3.564396884,0
06-06-2020 21:00,1264.2744,0,0,15424.14768,26.0927063,0.019069406,0.076660157,3.542168831,0
06-06-2020 22:00,1219.5921,0,0,14879.02362,25.8585144,0.019049066,0.069351196,3.695684468,0
06-06-2020 23:00,1215.8999,0,0,14833.97878,25.58773193,0.019010921,0.067052205,4.121633754,0
13-06-2020 00:00,1049.8653,0,1,12808.35666,24.34208577,0.018000851,0.148345947,5.457621765,0
13-06-2020 01:00,1010.6531,0,1,12329.96782,24.22956746,0.017932194,0.14802551,5.374455726,0
13-06-2020 02:00,976.2663,0,1,11910.44886,24.12907308,0.017853366,0.150024414,5.218566552,0
13-06-2020 03:00,947.0559,0,1,11554.08198,24.06411133,0.017769459,0.148803707,5.06482588,0
13-06-2020 04:00,930.6396,0,1,11353.80312,24.03344116,0.017708449,0.150421144,4.92285991,0
13-06-2020 05:00,922.1306,0,1,11249.99332,24.03007406,0.017665211,0.144577023,4.802084518,0
13-06-2020 06:00,865.5554,0,1,10559.77588,24.34273682,0.017922059,0.130884806,4.90014252,0
13-06-2020 07:00,957.0903,0,1,11676.50166,25.24222209,0.018173821,0.126724243,6.380394841,0
13-06-2020 08:00,1022.75,0,1,12477.55,25.94818522,0.018359461,0.134969077,6.54350016,0
13-06-2020 09:00,1059.0593,0,1,12920.52346,26.68310954,0.018519667,0.153981525,6.487508207,0
13-06-2020 10:00,1093.9261,0,1,13345.89842,27.28347168,0.018588318,0.171712243,6.39839249,0
13-06-2020 11:00,1105.1414,0,1,13482.72508,27.67336426,0.018565423,0.200917567,6.509877779,0
13-06-2020 12:00,1110.6754,0,1,13550.23988,27.94227498,0.018570505,0.216003413,6.982984535,0
13-06-2020 13:00,1111.806,0,1,13564.0332,27.89573568,0.018557791,0.220133467,7.381561694,0
13-06-2020 14:00,1104.6386,0,1,13476.59092,27.75342204,0.018486589,0.21815999,7.404948839,0
13-06-2020 15:00,1083.9444,0,1,13224.12168,27.5074707,0.018402677,0.19989014,7.160828577,0
13-06-2020 16:00,1064.1251,0,1,12982.32622,27.09686686,0.018364547,0.188730877,6.838197619,0
13-06-2020 17:00,1040.5547,0,1,12694.76734,26.61754761,0.018433234,0.186187743,6.379150821,0
13-06-2020 18:00,1088.7196,0,1,13282.37912,26.13562419,0.018641782,0.18922933,5.475049844,0
13-06-2020 19:00,1182.4094,0,1,14425.39468,25.80424398,0.018807092,0.182001746,4.876951944,0
13-06-2020 20:00,1192.5682,0,1,14549.33204,25.67971191,0.018812188,0.153706866,4.678745943,0
13-06-2020 21:00,1160.9196,0,1,14163.21912,25.61652018,0.018730816,0.137329102,4.799599127,0
13-06-2020 22:00,1118.9703,0,1,13651.43766,25.5270223,0.018669786,0.12378947,4.932880637,0
13-06-2020 23:00,1091.4122,0,1,13315.22884,25.43824666,0.018486686,0.107218425,4.581004035,0
14-06-2020 00:00,1048.9228,0,1,12796.85816,25.24098104,0.0184282,0.11119588,4.36353724,0
14-06-2020 01:00,1023.3747,0,1,12485.17134,25.00129598,0.018527369,0.116587321,4.413440176,0
14-06-2020 02:00,978.6669,0,1,11939.73618,24.82525024,0.018484119,0.113291422,4.429548611,0
14-06-2020 03:00,951.055,0,1,11602.871,24.72069702,0.018410355,0.114512125,4.30691569,0
14-06-2020 04:00,941.647,0,1,11488.0934,24.67898966,0.018285736,0.112121582,3.977682733,0
14-06-2020 05:00,923.1551,0,1,11262.49222,24.63568522,0.018214541,0.104431155,3.601976378,0
14-06-2020 06:00,855.1638,0,1,10432.99836,24.70223389,0.018308656,0.092188519,4.228675441,0
14-06-2020 07:00,873.8285,0,1,10660.7077,25.20505168,0.018512116,0.088198343,6.009882327,0
14-06-2020 08:00,905.4061,0,1,11045.95442,25.73745117,0.018674909,0.097432453,6.687995941,0
14-06-2020 09:00,928.3636,0,1,11326.03592,26.34975586,0.018702884,0.115030923,6.581973029,0
14-06-2020 10:00,950.2173,0,1,11592.65106,26.88029378,0.01857828,0.139180503,6.009287949,0
14-06-2020 11:00,973.1005,0,1,11871.8261,27.34073283,0.018392639,0.168151853,5.556538566,0
14-06-2020 12:00,1009.7185,0,1,12318.5657,27.67989502,0.018318903,0.190083823,5.241270449,0
14-06-2020 13:00,1045.4167,0,1,12754.08374,27.8491862,0.018308762,0.20481364,4.905161199,0
14-06-2020 14:00,1049.0727,0,1,12798.68694,27.71381022,0.018377437,0.20711263,4.692990172,0
14-06-2020 15:00,1050.8799,0,1,12820.73478,27.42948812,0.018468975,0.212280273,4.587440602,0
14-06-2020 16:00,1038.5744,0,1,12670.60768,27.05210775,0.018603752,0.207946777,4.901541522,0
14-06-2020 17:00,1037.3572,0,1,12655.75784,26.58714193,0.018898739,0.19777425,4.727961255,0
14-06-2020 18:00,1076.772,0,1,13136.6184,26.02632039,0.019325972,0.196716308,3.843237568,0
14-06-2020 19:00,1190.3415,0,1,14522.1663,25.66494141,0.019323382,0.188771567,3.336555256,0
14-06-2020 20:00,1204.9415,0,1,14700.2863,25.49486694,0.019119868,0.187672933,2.952037247,0
14-06-2020 21:00,1212.6158,0,1,14793.91276,25.3545166,0.018957056,0.18918864,2.553029419,0
14-06-2020 22:00,1178.2315,0,1,14374.4243,25.19812419,0.018796791,0.175679523,2.600792091,0
14-06-2020 23:00,1152.6779,0,1,14062.67038,25.02120361,0.018628904,0.153035483,2.866975058,0
15-06-2020 00:00,1098.5467,0,1,13402.26974,24.8765096,0.018499175,0.134195963,2.998926047,0
15-06-2020 01:00,1054.2033,0,1,12861.28026,24.74122518,0.018394885,0.124430337,3.237936647,0
15-06-2020 02:00,1023.5766,0,1,12487.63452,24.62055868,0.018323667,0.117655437,3.520221908,0
15-06-2020 03:00,997.3501,0,1,12167.67122,24.54081624,0.018227022,0.113505047,3.47980925,0
15-06-2020 04:00,968.2188,0,1,11812.26936,24.48808187,0.01806679,0.118713381,3.169594712,0
15-06-2020 05:00,988.9068,0,1,12064.66296,24.52724609,0.017921813,0.12331136,2.602370418,0
15-06-2020 06:00,972.1547,0,1,11860.28734,24.73016764,0.018066758,0.119252522,2.229618709,0
15-06-2020 07:00,1065.6265,0,1,13000.6433,25.60165812,0.018733052,0.120086673,3.025844656,0
15-06-2020 08:00,1201.0207,0,1,14652.45254,26.46541748,0.018852573,0.128428142,3.495306593,0
15-06-2020 09:00,1243.1802,0,1,15166.79844,27.31402995,0.018336313,0.134165447,3.600805579,0
15-06-2020 10:00,1258.241,0,1,15350.5402,27.96282349,0.018112522,0.128601073,3.204292739,0
15-06-2020 11:00,1238.566,0,1,15110.5052,28.44940592,0.018064195,0.13124593,2.90437776,0
15-06-2020 12:00,1214.6928,0,1,14819.25216,28.76541545,0.018145558,0.149169922,2.969394049,0
15-06-2020 13:00,1199.6353,0,1,14635.55066,28.8365214,0.018191318,0.168395993,3.197597445,0
15-06-2020 14:00,1179.171,0,1,14385.8862,28.73514201,0.018196391,0.169077557,3.48363643,0
15-06-2020 15:00,1147.4587,0,1,13998.99614,28.44340413,0.018491387,0.160339353,4.069872725,0
15-06-2020 16:00,1069.8383,0,1,13052.02726,28.08817952,0.018898288,0.149983727,4.314515404,0
15-06-2020 17:00,1041.2469,0,1,12703.21218,27.61102702,0.019005105,0.110783896,4.189606002,0
15-06-2020 18:00,1083.0047,0,1,13212.65734,26.89277547,0.019579849,0.070810953,3.294350312,0
15-06-2020 19:00,1134.7596,0,1,13844.06712,26.45487874,0.019116999,0.050679525,3.166505073,0
15-06-2020 20:00,1147.7872,0,1,14003.00384,26.18200073,0.018931358,0.038533528,3.355021907,0
15-06-2020 21:00,1145.3204,0,1,13972.90888,25.9303833,0.018883047,0.032503764,3.492329373,0
15-06-2020 22:00,1097.5905,0,1,13390.6041,25.71197917,0.018837283,0.034843445,3.843355793,0
15-06-2020 23:00,1057.2036,0,1,12897.88392,25.45269165,0.018827121,0.043805441,4.363672515,0
16-06-2020 00:00,1009.8091,0,1,12319.67102,25.16822713,0.018778811,0.05632019,4.66850186,0
16-06-2020 01:00,970.4887,0,1,11839.96214,24.9468221,0.018692353,0.070561726,4.738898641,0
16-06-2020 02:00,936.6285,0,1,11426.8677,24.83318481,0.018618612,0.079584756,4.659565649,0
16-06-2020 03:00,913.0119,0,1,11138.74518,24.76585286,0.018532157,0.087473552,4.470534028,0
16-06-2020 04:00,907.3773,0,1,11070.00306,24.77793783,0.018412641,0.099772136,4.139242636,0
16-06-2020 05:00,897.273,0,1,10946.7306,24.89477946,0.018270239,0.112431843,3.662188114,0
16-06-2020 06:00,897.8859,0,1,10954.20798,25.14936727,0.018394867,0.12612915,2.973097539,0
16-06-2020 07:00,988.4364,0,1,12058.92408,25.88296916,0.018834838,0.139139813,2.630286175,0
16-06-2020 08:00,1113.6194,0,1,13586.15668,26.75149943,0.019010323,0.145802815,2.25098534,0
16-06-2020 09:00,1179.3587,0,1,14388.17614,27.493809,0.018547501,0.13152059,3.230724448,0
16-06-2020 10:00,1232.1053,0,1,15031.68466,28.09664307,0.018265245,0.114624023,3.885339938,0
16-06-2020 11:00,1273.0777,0,1,15531.54794,28.61597087,0.018295771,0.120676675,4.082783437,0
16-06-2020 12:00,1280.5361,0,1,15622.54042,28.9290507,0.018354248,0.1332194,4.158275012,0
16-06-2020 13:00,1290.4091,0,1,15742.99102,29.01215007,0.018410241,0.149353025,4.350286873,0
16-06-2020 14:00,1292.4443,0,1,15767.82046,28.86239014,0.018461149,0.164204917,4.561241045,0
16-06-2020 15:00,1281.1562,0,1,15630.10564,28.52883301,0.01861123,0.171000163,4.890894196,0
16-06-2020 16:00,1205.978,0,1,14712.9316,28.05658366,0.018885898,0.156188963,5.018785882,0
16-06-2020 17:00,1118.5884,0,1,13646.77848,27.56679688,0.019155485,0.137145997,4.812375078,0
16-06-2020 18:00,1150.1815,0,1,14032.2143,26.89006958,0.019689583,0.117467243,4.183173746,0
16-06-2020 19:00,1236.3367,0,1,15083.30774,26.44000651,0.019806599,0.104929607,4.01063278,0
16-06-2020 20:00,1236.4751,0,1,15084.99622,26.1933431,0.01968718,0.084131876,4.226313867,0
16-06-2020 21:00,1226.7375,0,1,14966.1975,25.98293457,0.019544735,0.066843668,4.669107666,0
16-06-2020 22:00,1201.0245,0,1,14652.4989,25.6863444,0.019422706,0.063021343,5.165006357,0
16-06-2020 23:00,1157.4846,0,1,14121.31212,25.45455322,0.019359118,0.057098387,5.963862833,0
17-06-2020 00:00,1109.3721,0,1,13534.33962,25.28499756,0.019303147,0.053568522,6.95138196,0
17-06-2020 01:00,1061.0959,0,1,12945.36998,25.08613485,0.019211542,0.05145518,7.47703585,0
17-06-2020 02:00,1029.2499,0,1,12556.84878,24.88062948,0.01906143,0.049377442,7.099235911,0
17-06-2020 03:00,1004.5562,0,1,12255.58564,24.73865153,0.018878278,0.062042237,6.528440621,0
17-06-2020 04:00,984.0419,0,1,12005.31118,24.69969076,0.018738384,0.079477947,5.984355342,0
17-06-2020 05:00,982.5697,0,1,11987.35034,24.7566569,0.01865444,0.082326253,5.361624739,0
17-06-2020 06:00,961.5173,0,1,11730.51106,24.99308675,0.018768854,0.072779338,4.767460147,0
17-06-2020 07:00,1055.3229,0,1,12874.93938,25.81318563,0.019145215,0.059844971,5.61682337,0
17-06-2020 08:00,1190.1985,0,1,14520.4217,26.67598877,0.019231667,0.057662964,6.136345186,0
17-06-2020 09:00,1253.2019,0,1,15289.06318,27.52601522,0.018867994,0.055277507,6.603040732,0
17-06-2020 10:00,1277.0975,0,1,15580.5895,28.28214925,0.018751008,0.058364868,7.297839487,0
17-06-2020 11:00,1306.1125,0,1,15934.5725,28.78467204,0.018710314,0.063771567,7.436637771,0
17-06-2020 12:00,1324.8691,0,1,16163.40302,29.17432048,0.018700145,0.078008016,6.931307312,0
17-06-2020 13:00,1344.9218,0,1,16408.04596,29.42082113,0.018735756,0.110321045,6.750866718,0
17-06-2020 14:00,1336.5338,0,1,16305.71236,29.37547201,0.018771366,0.137990315,7.141069245,0
17-06-2020 15:00,1274.5531,0,1,15549.54782,29.09596151,0.018898528,0.151143393,7.817317983,0
17-06-2020 16:00,1192.3837,0,1,14547.08114,28.52997233,0.019241854,0.143636069,8.420970853,0
17-06-2020 17:00,1121.3599,0,1,13680.59078,27.89435221,0.019592812,0.143025717,8.295114322,0
17-06-2020 18:00,1148.5644,0,1,14012.48568,26.9521932,0.02007093,0.13092041,7.248093359,0
17-06-2020 19:00,1217.6139,0,1,14854.88958,26.36942952,0.020109088,0.125986737,6.618132541,0
17-06-2020 20:00,1218.6806,0,1,14867.90332,26.01143799,0.01993617,0.121938073,6.107445807,0
17-06-2020 21:00,1206.0313,0,1,14713.58186,25.76153971,0.019801406,0.111165363,5.761608113,0
17-06-2020 22:00,1179.8286,0,1,14393.90892,25.58632813,0.019666649,0.101725259,5.621881442,0
17-06-2020 23:00,1137.1812,0,1,13873.61064,25.39229736,0.019483569,0.099299112,5.478197608,0
18-06-2020 00:00,1051.2232,0,1,12824.92304,25.24683024,0.019331011,0.098602294,5.377285994,0
18-06-2020 01:00,1005.4278,0,1,12266.21916,25.10565592,0.019173339,0.107635498,5.322524253,0
18-06-2020 02:00,1006.878,0,1,12283.9116,24.95919189,0.018985145,0.113291423,5.421586723,0
18-06-2020 03:00,991.3314,0,1,12094.24308,24.89364014,0.018830013,0.128590902,5.858221851,0
18-06-2020 04:00,973.0022,0,1,11870.62684,24.8545166,0.018687601,0.13845825,6.34312896,0
18-06-2020 05:00,987.8975,0,1,12052.3495,24.75204875,0.01855283,0.132008872,6.69715786,0
18-06-2020 06:00,972.5099,0,1,11864.62078,24.85726318,0.018679996,0.123565675,7.079062586,0
18-06-2020 07:00,1059.3991,0,1,12924.66902,25.69794108,0.019008063,0.12746175,8.419315438,0
18-06-2020 08:00,1150.6647,0,1,14038.10934,26.59465942,0.019076726,0.15054321,7.980024921,0
18-06-2020 09:00,1168.5639,0,1,14256.47958,27.27001343,0.019079267,0.161234537,7.043335832,0
18-06-2020 10:00,1176.9177,0,1,14358.39594,27.79407145,0.019150488,0.154520672,6.551955757,0
18-06-2020 11:00,1166.4138,0,1,14230.24836,28.1754598,0.019275083,0.160298663,6.337078581,0
18-06-2020 12:00,1173.8161,0,1,14320.55642,28.49564006,0.019300531,0.176971433,5.983378274,0
18-06-2020 13:00,1202.2643,0,1,14667.62446,28.68200073,0.019264944,0.188761393,5.602085992,0
18-06-2020 14:00,1228.4353,0,1,14986.91066,28.64111735,0.019257296,0.198750813,5.766786613,0
18-06-2020 15:00,1217.5869,0,1,14854.56018,28.40651855,0.019381946,0.201131183,5.926621503,0
18-06-2020 16:00,1150.1136,0,1,14031.38592,28.09717204,0.019567636,0.206563317,5.774047055,0
18-06-2020 17:00,1110.4451,0,1,13547.43022,27.59731445,0.019628785,0.218332927,5.244181156,0
18-06-2020 18:00,1129.1091,0,1,13775.13102,26.82989909,0.020086735,0.231821697,4.163103835,0
18-06-2020 19:00,1215.7961,0,1,14832.71242,26.32157796,0.020048837,0.232757568,4.11742186,0
18-06-2020 20:00,1184.3943,0,1,14449.61046,26.06974691,0.019855573,0.21264648,4.646743702,0
18-06-2020 21:00,1184.9695,0,1,14456.6279,25.86479085,0.019710644,0.177597047,5.554386549,0
18-06-2020 22:00,1153.1495,0,1,14068.4239,25.64299927,0.019565756,0.144798277,6.693048559,0
18-06-2020 23:00,1117.2035,0,1,13629.8827,25.43502197,0.019418372,0.124000549,7.168168674,0
19-06-2020 00:00,1074.466,0,1,13108.4852,25.24973958,0.019278539,0.119995116,6.842531516,0
19-06-2020 01:00,1043.9968,0,1,12736.76096,25.1289917,0.019169202,0.129414875,6.235854015,0
19-06-2020 02:00,1020.7302,0,1,12452.90844,25.07475179,0.019049741,0.144739786,5.735459233,0
19-06-2020 03:00,993.1523,0,1,12116.45806,25.07676595,0.018925229,0.165537517,5.149857978,0
19-06-2020 04:00,980.9,0,1,11966.98,25.04895426,0.018793102,0.184997562,4.296854539,0
19-06-2020 05:00,977.1489,0,1,11921.21658,24.89508464,0.018671153,0.195749919,3.360496699,0
19-06-2020 06:00,960.5081,0,1,11718.19882,24.95710653,0.018803552,0.189941407,3.411994358,0
19-06-2020 07:00,1067.0716,0,1,13018.27352,25.81703084,0.019022444,0.171895343,4.78764212,0
19-06-2020 08:00,1178.5475,0,1,14378.2795,26.61326497,0.01896668,0.149881997,5.641912404,0
19-06-2020 09:00,1198.2837,0,1,14619.06114,27.50034993,0.01883716,0.137593587,6.549934279,0
19-06-2020 10:00,1209.1371,0,1,14751.47262,28.28269857,0.018806798,0.15403239,6.89341364,0
19-06-2020 11:00,1226.3597,0,1,14961.58834,28.87254232,0.018837433,0.186319983,6.60394467,0
19-06-2020 12:00,1237.5232,0,1,15097.78304,29.22080892,0.018801812,0.211659747,5.954129556,0
19-06-2020 13:00,1248.0341,0,1,15226.01602,29.12040609,0.018760904,0.215881347,5.555609613,0
19-06-2020 14:00,1254.2509,0,1,15301.86098,28.73694255,0.018895543,0.208831787,5.324952408,0
19-06-2020 15:00,1230.3756,0,1,15010.58232,28.33247274,0.019053294,0.224080403,5.67252987,0
19-06-2020 16:00,1174.8661,0,1,14333.36642,27.76858927,0.019305302,0.231221517,6.046128719,0
19-06-2020 17:00,1128.9328,0,1,13772.98016,27.08540243,0.019694805,0.240071613,5.820364296,0
19-06-2020 18:00,1152.4132,0,1,14059.44104,26.45749308,0.020017908,0.225056967,5.476959444,0
19-06-2020 19:00,1213.6226,0,1,14806.19572,26.11105754,0.0200789,0.206095378,5.603011639,0
19-06-2020 20:00,1207.3977,0,1,14730.25194,25.93276367,0.020078738,0.18748983,5.750793407,0
19-06-2020 21:00,1175.9687,0,1,14346.81814,25.80245361,0.02002272,0.166758215,5.958620727,0
19-06-2020 22:00,1123.2326,0,1,13703.43772,25.70053507,0.01996173,0.143773397,6.152583608,0
19-06-2020 23:00,1080.356,0,1,13180.3432,25.52206828,0.019877888,0.124593099,6.148754773,0
20-06-2020 00:00,1049.7208,0,1,12806.59376,25.35634766,0.019773721,0.115137737,5.908666502,0
20-06-2020 01:00,1029.152,0,1,12555.6544,25.26490682,0.019695075,0.116770425,5.886816264,0
20-06-2020 02:00,1004.0595,0,1,12249.5259,25.17377116,0.019606097,0.10293579,6.240293155,0
20-06-2020 03:00,984.5426,0,1,12011.41972,25.08417155,0.019532382,0.089899701,6.408082818,0
20-06-2020 04:00,943.874,0,1,11515.2628,25.00018717,0.019417976,0.092809042,5.754672589,0
20-06-2020 05:00,960.3058,0,1,11715.73076,24.93169556,0.019277868,0.110143025,5.021945631,0
20-06-2020 06:00,929.1575,0,1,11335.7215,25.08152669,0.019356371,0.113072712,4.371433834,0
20-06-2020 07:00,979.7702,0,1,11953.19644,25.69197998,0.019646031,0.114196777,4.722313873,0
20-06-2020 08:00,1009.9661,0,1,12321.58642,26.11155599,0.019434726,0.112294515,4.622870035,0
20-06-2020 09:00,1043.6836,0,1,12732.93992,26.51566976,0.019187878,0.10713704,4.2411058,0
20-06-2020 10:00,1085.6698,0,1,13245.17156,26.97803141,0.019030102,0.114166258,3.988535683,0
20-06-2020 11:00,1082.2197,0,1,13203.08034,27.32614543,0.018806211,0.134470623,3.703318566,0
20-06-2020 12:00,1088.5319,0,1,13280.08918,27.58872884,0.018694181,0.163879393,3.59941678,0
20-06-2020 13:00,1095.7085,0,1,13367.6437,27.72209066,0.018602501,0.177368167,3.908792939,0
20-06-2020 14:00,1096.1403,0,1,13372.91166,27.73641357,0.018538852,0.176310223,4.179325358,0
20-06-2020 15:00,1082.7122,0,1,13209.08884,27.62013143,0.018612544,0.164388023,4.16666836,0
20-06-2020 16:00,1045.2069,0,1,12751.52418,27.41091309,0.018889686,0.149861653,4.325905814,0
20-06-2020 17:00,1035.1049,0,1,12628.27978,26.92235718,0.0190295,0.130777995,4.878178732,0
20-06-2020 18:00,1083.0775,0,1,13213.5455,26.2408488,0.019543156,0.10858154,4.716693955,0
20-06-2020 19:00,1150.9465,0,1,14041.5473,25.81523031,0.019441376,0.08867391,5.110327512,0
20-06-2020 20:00,1157.6162,0,1,14122.91764,25.56749878,0.019349772,0.074076333,5.683138252,0
20-06-2020 21:00,1159.0047,0,1,14139.85734,25.33442586,0.01927599,0.065022786,5.868448427,0
20-06-2020 22:00,1119.912,0,1,13662.9264,25.1678304,0.019209848,0.056386313,5.870278471,0
20-06-2020 23:00,1087.3953,0,1,13266.22266,25.00920003,0.01910048,0.052220662,5.611526045,0
21-06-2020 00:00,1059.5671,0,1,12926.71862,24.84501546,0.018975871,0.052764894,5.378538367,0
21-06-2020 01:00,1028.9622,0,1,12553.33884,24.68579508,0.018848723,0.055867514,5.325774228,0
21-06-2020 02:00,1010.5635,0,1,12328.8747,24.58424276,0.018749549,0.068125407,5.251056044,0
21-06-2020 03:00,974.9457,0,1,11894.33754,24.50500895,0.018645307,0.078918456,4.944061329,0
21-06-2020 04:00,956.0602,0,1,11663.93444,24.41817627,0.018510597,0.079274495,4.526212222,0
21-06-2020 05:00,949.3111,0,1,11581.59542,24.35236003,0.018370669,0.068740843,4.257717616,0
21-06-2020 06:00,890.6572,0,1,10866.01784,24.51299438,0.018469849,0.061548869,4.286907997,0
21-06-2020 07:00,897.6266,0,1,10951.04452,25.33451742,0.0188615,0.06582133,5.189566447,0
21-06-2020 08:00,905.077,0,1,11041.9394,26.31373494,0.01888691,0.075215659,5.660671512,0
21-06-2020 09:00,949.0863,0,1,11578.85286,27.21659749,0.018800458,0.10530599,4.641412818,0
21-06-2020 10:00,946.9415,0,1,11552.6863,27.91237793,0.01868862,0.145599367,3.242538746,0
21-06-2020 11:00,977.3227,0,1,11923.33694,28.34375407,0.018576789,0.180358883,2.228509005,0
21-06-2020 12:00,1012.4986,0,1,12352.48292,28.53673706,0.018411534,0.215332027,2.115426737,0
21-06-2020 13:00,1018.1468,0,1,12421.39096,28.52790731,0.018287036,0.215962727,2.741478533,0
21-06-2020 14:00,1035.4303,0,1,12632.24966,28.36733398,0.018348203,0.18660482,4.462830114,0
21-06-2020 15:00,1098.8787,0,1,13406.32014,28.05611572,0.018582233,0.151611328,5.747863222,0
21-06-2020 16:00,1137.2244,0,1,13874.13768,27.66182861,0.018943302,0.119232177,6.072965757,0
21-06-2020 17:00,1124.4498,0,1,13718.28756,27.1601298,0.019245845,0.107462566,5.937279708,0
21-06-2020 18:00,1180.3801,0,1,14400.63722,26.40361938,0.019538229,0.096257528,5.113927434,0
21-06-2020 19:00,1282.5121,0,1,15646.64762,25.89911296,0.019418637,0.070892333,5.111602528,0
21-06-2020 20:00,1298.8818,0,1,15846.35796,25.58995972,0.019258313,0.053395588,4.91049732,0
21-06-2020 21:00,1305.3179,0,1,15924.87838,25.32080485,0.019049663,0.047584534,4.551777069,0
21-06-2020 22:00,1259.3089,0,1,15363.56858,25.04569906,0.01886143,0.045018514,4.349420084,0
21-06-2020 23:00,1144.4527,0,1,13962.32294,24.80533244,0.018690962,0.042536418,4.251964025,0
22-06-2020 00:00,1072.8109,0,1,13088.29298,24.59165853,0.018535769,0.04188029,4.166933284,0
22-06-2020 01:00,1027.8547,0,1,12539.82734,24.40730184,0.018372968,0.04786682,4.117483766,0
22-06-2020 02:00,978.3978,0,1,11936.45316,24.25767415,0.018205099,0.054697673,4.126053233,0
22-06-2020 03:00,949.9401,0,1,11589.26922,24.12605184,0.018029543,0.05973816,4.073335421,0
22-06-2020 04:00,936.2562,0,1,11422.32564,24.02206828,0.017859084,0.062655131,4.019918602,0
22-06-2020 05:00,950.4846,0,1,11595.91212,23.94441121,0.017714075,0.060925801,3.983969868,0
22-06-2020 06:00,945.9379,0,1,11540.44238,24.15482992,0.017861534,0.05859375,3.982814592,0
22-06-2020 07:00,1061.8597,0,1,12954.68834,25.08484294,0.018204781,0.059315998,5.248798972,0
22-06-2020 08:00,1190.8001,0,1,14527.76122,26.21541748,0.018372541,0.060053507,5.32280733,0
22-06-2020 09:00,1262.9215,0,1,15407.6423,27.58097738,0.018321619,0.061248778,5.006686184,0
22-06-2020 10:00,1325.9263,0,1,16176.30086,28.66420898,0.018395329,0.071650188,4.383397287,0
22-06-2020 11:00,1352.0642,0,1,16495.18324,29.3438151,0.018636896,0.089467367,3.918226621,0
22-06-2020 12:00,1374.9122,0,1,16773.92884,29.80790609,0.01881998,0.108764648,3.924893358,0
22-06-2020 13:00,1363.8667,0,1,16639.17374,30.00612793,0.018987815,0.124989827,4.252091381,0
22-06-2020 14:00,1359.3101,0,1,16583.58322,29.98513184,0.019102262,0.13727824,4.64108895,0
22-06-2020 15:00,1320.4162,0,1,16109.07764,29.5734904,0.019298105,0.133809407,4.655833485,0
22-06-2020 16:00,1262.8703,0,1,15407.01766,29.06780396,0.019659271,0.122736613,4.371345279,0
22-06-2020 17:00,1146.2561,0,1,13984.32442,28.37309163,0.019926342,0.118942258,4.191044829,0
22-06-2020 18:00,1179.8164,0,1,14393.76008,27.46743164,0.020396848,0.110544841,3.368651928,0
22-06-2020 19:00,1276.4345,0,1,15572.5009,27.0078776,0.020264644,0.109949747,3.565039608,0
22-06-2020 20:00,1273.0326,0,1,15530.99772,26.72281291,0.020145195,0.115152995,4.126335942,0
22-06-2020 21:00,1278.9725,0,1,15603.4645,26.44483846,0.020130059,0.117411293,4.63963285,0
22-06-2020 22:00,1232.4834,0,1,15036.29748,26.19528605,0.020109836,0.11641439,4.963920851,0
22-06-2020 23:00,1142.2647,0,1,13935.62934,26.00115356,0.020066649,0.121643067,5.204137009,0
23-06-2020 00:00,1114.9465,0,1,13602.3473,25.84260457,0.020003121,0.12435913,5.459103755,0
23-06-2020 01:00,1078.3874,0,1,13156.32628,25.71578369,0.019942136,0.11952718,5.772932173,0
23-06-2020 02:00,1046.7504,0,1,12770.35488,25.62985636,0.019883662,0.111155192,6.149676554,0
23-06-2020 03:00,1021.6518,0,1,12464.15196,25.56952311,0.019850645,0.100362142,6.576476932,0
23-06-2020 04:00,1011.8681,0,1,12344.79082,25.55773315,0.019825196,0.094655356,6.434948325,0
23-06-2020 05:00,1011.3234,0,1,12338.14548,25.63689575,0.019789544,0.091710407,5.606665984,0
23-06-2020 06:00,993.608,0,1,12122.0176,25.74169312,0.019845441,0.089513145,4.630485766,0
23-06-2020 07:00,1099.3965,0,1,13412.6373,26.34996948,0.020303149,0.086044312,4.794726047,0
23-06-2020 08:00,1189.772,0,1,14515.2184,27.02433675,0.020514162,0.08624268,5.485025842,0
23-06-2020 09:00,1242.2773,0,1,15155.78306,27.5744873,0.020389518,0.08229065,5.66770344,0
23-06-2020 10:00,1273.2247,0,1,15533.34134,28.03836466,0.02012758,0.075907391,5.799368297,0
23-06-2020 11:00,1288.7563,0,1,15722.82686,28.55397949,0.020028349,0.083002726,5.883034687,0
23-06-2020 12:00,1307.3161,0,1,15949.25642,28.89658,0.01995196,0.096934001,5.201249625,0
23-06-2020 13:00,1314.5816,0,1,16037.89552,29.00651449,0.01989085,0.111796063,4.570511769,0
23-06-2020 14:00,1255.3198,0,1,15314.90156,28.88817749,0.019870454,0.114064533,4.713321602,0
23-06-2020 15:00,1189.3427,0,1,14509.98094,28.57420247,0.0199518,0.108184813,4.568642729,0
23-06-2020 16:00,1138.9366,0,1,13895.02652,28.19584554,0.020256949,0.102101645,3.846886859,0
23-06-2020 17:00,1079.6843,0,1,13172.14846,27.64347738,0.020231485,0.099975585,3.512314105,0
23-06-2020 18:00,1119.9391,0,1,13663.25702,27.12737427,0.020345886,0.081965129,3.504582352,0
23-06-2020 19:00,1155.3302,0,1,14095.02844,26.61835124,0.020177993,0.070012411,4.171732568,0
23-06-2020 20:00,1125.1268,0,1,13726.54696,26.19078979,0.020134721,0.064971923,4.969026679,0
23-06-2020 21:00,1114.4679,0,1,13596.50838,25.91393433,0.020020245,0.066411337,5.346075173,0
23-06-2020 22:00,1088.2161,0,1,13276.23642,25.70666911,0.019926119,0.070897419,5.372886686,0
23-06-2020 23:00,1036.5686,0,1,12646.13692,25.53678792,0.01980912,0.077657065,5.339535843,0
24-06-2020 00:00,1000.9336,0,1,12211.38992,25.37388509,0.019669246,0.082539876,5.205109658,0
24-06-2020 01:00,965.272,0,1,11776.3184,25.20026042,0.019524304,0.085703533,5.057124227,0
24-06-2020 02:00,934.6909,0,1,11403.22898,25.04790649,0.019369209,0.087595621,4.925064621,0
24-06-2020 03:00,921.6869,0,1,11244.58018,24.91397502,0.019221757,0.088338218,4.795075286,0
24-06-2020 04:00,907.6659,0,1,11073.52398,24.80963542,0.019076873,0.085540771,4.567591949,0
24-06-2020 05:00,928.0271,0,1,11321.93062,24.72565104,0.018914219,0.089630127,4.337536516,0
24-06-2020 06:00,923.5816,0,1,11267.69552,24.81594238,0.018921951,0.0932312,4.119993107,0
24-06-2020 07:00,1026.3666,0,1,12521.67252,25.53347168,0.019374712,0.10084025,4.706854839,0
24-06-2020 08:00,1120.3085,0,1,13667.7637,26.19248861,0.019443421,0.108907063,5.467782651,0
24-06-2020 09:00,1197.478,0,1,14609.2316,26.95611979,0.019239997,0.108052573,5.624273426,0
24-06-2020 10:00,1234.813,0,1,15064.7186,27.67203166,0.018784851,0.100901287,5.481398101,0
24-06-2020 11:00,1284.8131,0,1,15674.71982,28.22245687,0.018487182,0.086985271,5.106251641,0
24-06-2020 12:00,1292.7158,0,1,15771.13276,28.65802409,0.01845653,0.080144247,4.794498247,0
24-06-2020 13:00,1308.8176,0,1,15967.57472,28.91744385,0.018431011,0.081059773,4.407797577,0
24-06-2020 14:00,1303.568,0,1,15903.5296,28.99379883,0.018469111,0.083755494,3.906270505,0
24-06-2020 15:00,1289.8674,0,1,15736.38228,28.87605184,0.01851486,0.084365845,3.255123825,0
24-06-2020 16:00,1211.3736,0,1,14778.75792,28.5654541,0.018748804,0.075419106,2.868460301,0
24-06-2020 17:00,1126.9673,0,1,13749.00106,28.02025757,0.019053946,0.069066366,3.198613976,0
24-06-2020 18:00,1153.2611,0,1,14069.78542,27.07046916,0.019776143,0.064178468,2.956861548,0
24-06-2020 19:00,1235.8434,0,1,15077.28948,26.4484904,0.019534511,0.058085122,3.355548033,0
24-06-2020 20:00,1233.2471,0,1,15045.61462,26.04004313,0.019435326,0.054244995,3.86195854,0
24-06-2020 21:00,1221.2048,0,1,14898.69856,25.73429769,0.019402275,0.051223756,4.151406971,0
24-06-2020 22:00,1195.659,0,1,14587.0398,25.50632121,0.019384469,0.049390157,4.376202315,0
24-06-2020 23:00,1130.5567,0,1,13792.79174,25.31775309,0.019364124,0.051653543,4.585642918,0
25-06-2020 00:00,1102.6192,0,1,13451.95424,25.15116781,0.019336166,0.060549418,4.93339483,0
25-06-2020 01:00,1060.0075,0,1,12932.0915,25.0115804,0.019249739,0.073008221,5.360308557,0
25-06-2020 02:00,1024.9112,0,1,12503.91664,24.87419027,0.019145516,0.081843057,5.645394792,0
25-06-2020 03:00,1003.7967,0,1,12246.31974,24.77833455,0.019038764,0.084884645,5.822050048,0
25-06-2020 04:00,991.5962,0,1,12097.47364,24.71294556,0.018916764,0.08669535,5.77351366,0
25-06-2020 05:00,977.4811,0,1,11925.26942,24.69620158,0.018809986,0.088567097,5.623944814,0
25-06-2020 06:00,972.0262,0,1,11858.71964,24.85801595,0.01888633,0.089808145,5.647334243,0
25-06-2020 07:00,1072.0182,0,1,13078.62204,25.70435994,0.019367084,0.094161986,7.236180907,0
25-06-2020 08:00,1193.0333,0,1,14555.00626,26.60956217,0.019441003,0.098108928,9.091105203,0
25-06-2020 09:00,1256.3163,0,1,15327.05886,27.64512533,0.019354618,0.100870767,9.862131981,0
25-06-2020 10:00,1304.6387,0,1,15916.59214,28.44868368,0.01936734,0.117909748,9.199880561,0
25-06-2020 11:00,1335.3534,0,1,16291.31148,28.94315999,0.019179208,0.143091839,8.026467712,0
25-06-2020 12:00,1352.9087,0,1,16505.48614,29.22248739,0.019092758,0.173517863,7.356121493,0
25-06-2020 13:00,1370.0153,0,1,16714.18666,29.35543213,0.019059688,0.183568319,7.097413705,0
25-06-2020 14:00,1343.351,0,1,16388.8822,29.290389,0.019054592,0.181625367,7.081739727,0
25-06-2020 15:00,1298.211,0,1,15838.1742,29.05820109,0.019102872,0.175506591,6.764326227,0
25-06-2020 16:00,1217.9484,0,1,14858.97048,28.61201375,0.019263062,0.154706318,6.378195993,0
25-06-2020 17:00,1142.2448,0,1,13935.38656,27.90737305,0.019547869,0.137641907,6.260088742,0
25-06-2020 18:00,1169.9334,0,1,14273.18748,26.88769938,0.019835181,0.126731873,5.72787574,0
25-06-2020 19:00,1276.8695,0,1,15577.8079,26.19887695,0.019715598,0.110687253,5.746416955,0
25-06-2020 20:00,1279.2819,0,1,15607.23918,25.82076416,0.019570548,0.101473492,5.859173834,0
25-06-2020 21:00,1260.8193,0,1,15381.99546,25.5573466,0.019453469,0.094841001,6.148406235,0
25-06-2020 22:00,1226.9634,0,1,14968.95348,25.39946899,0.019369523,0.092534383,6.613736028,0
25-06-2020 23:00,1184.3443,0,1,14449.00046,25.24250692,0.019270341,0.092041015,6.957038923,0
26-06-2020 00:00,1106.926,0,1,13504.4972,25.11156616,0.019176242,0.097417196,6.987694714,0
26-06-2020 01:00,1068.2532,0,1,13032.68904,24.99241536,0.019079604,0.104110715,6.955434386,0
26-06-2020 02:00,1040.012,0,1,12688.1464,24.91980387,0.019000803,0.114629111,7.333053232,0
26-06-2020 03:00,1016.4073,0,1,12400.16906,24.87485148,0.018949929,0.124745687,7.869028954,0
26-06-2020 04:00,1000.7215,0,1,12208.8023,24.85960286,0.018906711,0.130086263,7.922183144,0
26-06-2020 05:00,997.9285,0,1,12174.7277,24.87749634,0.018888933,0.134399413,7.935526428,0
26-06-2020 06:00,998.403,0,1,12180.5166,25.02055257,0.019013547,0.140563965,8.019481994,0
26-06-2020 07:00,1063.6294,0,1,12976.27868,25.6265096,0.019461184,0.14152018,8.721192737,0
26-06-2020 08:00,1145.151,0,1,13970.8422,26.30499674,0.01966989,0.151082355,8.626802843,0
26-06-2020 09:00,1173.6152,0,1,14318.10544,26.971816,0.019690232,0.170491537,8.126696987,0
26-06-2020 10:00,1191.1005,0,1,14531.4261,27.40362956,0.019504574,0.166056313,7.210159997,0
26-06-2020 11:00,1192.4966,0,1,14548.45852,27.68630371,0.019331533,0.156026203,6.471002942,0
26-06-2020 12:00,1208.1201,0,1,14739.06522,27.82203573,0.019219657,0.145151773,6.171632287,0
26-06-2020 13:00,1225.1657,0,1,14947.02154,27.83926799,0.019140755,0.141632083,5.456112123,0
26-06-2020 14:00,1220.4969,0,1,14890.06218,27.78060303,0.019064392,0.137176513,4.642289413,0
26-06-2020 15:00,1183.0068,0,1,14432.68296,27.60524902,0.019128066,0.140116373,4.206234394,0
26-06-2020 16:00,1093.5472,0,1,13341.27584,27.26761271,0.019239939,0.14033,4.382579755,0
26-06-2020 17:00,1055.9591,0,1,12882.70102,26.75527344,0.019430696,0.126556398,4.531604436,0
26-06-2020 18:00,1077.9756,0,1,13151.30232,26.11489258,0.019654615,0.11090088,4.025504426,0
26-06-2020 19:00,1127.2491,0,1,13752.43902,25.73993327,0.019545407,0.103963217,4.229249825,0
26-06-2020 20:00,1128.5592,0,1,13768.42224,25.56946208,0.019476784,0.109313962,4.574911841,0
26-06-2020 21:00,1112.7488,0,1,13575.53536,25.44853109,0.019448891,0.121342979,4.815925631,0
26-06-2020 22:00,1081.568,0,1,13195.1296,25.34094645,0.019431184,0.118347169,5.153183369,0
26-06-2020 23:00,1041.624,0,1,12707.8128,25.24248657,0.019408398,0.108337405,5.395189683,0
27-06-2020 00:00,1013.5683,0,1,12365.53326,25.14616292,0.019375429,0.108917238,5.423658128,0
